image_id,image_path,model,label,confidence,brief_reason,status,error,input_tokens,output_tokens,total_tokens,duration_seconds,timestamp_utc,raw_output
1-1,images/1-1.jpg,qwen3.6-flash-2026-04-16,Care,95,"The image visually depicts a tender interaction between an adult and a child. The adult is holding the child in a supportive manner, and both subjects are smiling, conveying a sense of affection, nurturing, and well-being. This aligns directly with the category of Care, which encompasses compassion, support, and protection.",success,,1123,90,1213,5.154,2026-08-18T14:06:05.643862+00:00,"{
  ""label"": ""Care"",
  ""confidence"": 95,
  ""brief_reason"": ""The image visually depicts a tender interaction between an adult and a child. The adult is holding the child in a supportive manner, and both subjects are smiling, conveying a sense of affection, nurturing, and well-being. This aligns directly with the category of Care, which encompasses compassion, support, and protection.""
}"
1-2,images/1-2.jpg,qwen3.6-flash-2026-04-16,Harm,85,"The image prominently features a person in a state of visible emotional distress, hunched over with their head in their hands, which indicates suffering. This aligns with the category of Harm (emotional suffering). While the other person's expression could suggest neglect or lack of Care, the primary visual evidence is the presence of the distressed individual, making 'Harm' the most direct classification of the visible condition.",success,,1123,110,1233,1.749,2026-08-18T14:06:07.901035+00:00,"{
  ""label"": ""Harm"",
  ""confidence"": 85,
  ""brief_reason"": ""The image prominently features a person in a state of visible emotional distress, hunched over with their head in their hands, which indicates suffering. This aligns with the category of Harm (emotional suffering). While the other person's expression could suggest neglect or lack of Care, the primary visual evidence is the presence of the distressed individual, making 'Harm' the most direct classification of the visible condition.""
}"
2-1,images/2-1.jpg,qwen3.6-flash-2026-04-16,Care,85,"The image depicts individuals in a visibly vulnerable state, living in makeshift shelter amidst clutter and debris. The primary moral concern conveyed is their welfare and need for support due to their precarious living conditions. While 'Harm' (suffering) is relevant, the focus on their vulnerability and basic survival needs aligns most strongly with the category of Care.",success,,2003,98,2101,3.454,2026-08-18T14:06:11.863025+00:00,"{
  ""label"": ""Care"",
  ""confidence"": 85,
  ""brief_reason"": ""The image depicts individuals in a visibly vulnerable state, living in makeshift shelter amidst clutter and debris. The primary moral concern conveyed is their welfare and need for support due to their precarious living conditions. While 'Harm' (suffering) is relevant, the focus on their vulnerability and basic survival needs aligns most strongly with the category of Care.""
}"
2-2,images/2-2.jpg,qwen3.6-flash-2026-04-16,None of these / Not clearly moral in nature,95,"The image depicts a person sleeping peacefully in a bed. While sleep is essential for well-being, the scene itself does not convey any specific moral action or condition such as vulnerability requiring intervention, suffering, unfairness, or violation of dignity. It is a neutral depiction of rest.",success,,1123,91,1214,1.396,2026-08-18T14:06:13.765178+00:00,"{
  ""label"": ""None of these / Not clearly moral in nature"",
  ""confidence"": 95,
  ""brief_reason"": ""The image depicts a person sleeping peacefully in a bed. While sleep is essential for well-being, the scene itself does not convey any specific moral action or condition such as vulnerability requiring intervention, suffering, unfairness, or violation of dignity. It is a neutral depiction of rest.""
}"
3-1,images/3-1.jpg,qwen3.6-flash-2026-04-16,Care,95,"The image depicts a group of people gathered around an open casket, engaging in visible acts of grief and physical support. Several individuals are leaning over the deceased, touching them gently, and embracing one another. This behavior clearly conveys compassion, comfort, and concern for the well-being of those present during a moment of loss, which aligns directly with the definition of Care.",success,,1305,103,1408,2.615,2026-08-18T14:06:16.885330+00:00,"{
  ""label"": ""Care"",
  ""confidence"": 95,
  ""brief_reason"": ""The image depicts a group of people gathered around an open casket, engaging in visible acts of grief and physical support. Several individuals are leaning over the deceased, touching them gently, and embracing one another. This behavior clearly conveys compassion, comfort, and concern for the well-being of those present during a moment of loss, which aligns directly with the definition of Care.""
}"
3-2,images/3-2.jpg,qwen3.6-flash-2026-04-16,None of these / Not clearly moral in nature,95,"The image depicts a group of people enjoying a picnic together, laughing and eating. This scene represents positive social interaction and leisure rather than a specific moral action or condition like harm, unfairness, or care for the vulnerable. While one could broadly interpret the shared experience as 'Care' or 'Loyalty', there is no specific visual evidence of helping, protecting, or supporting others in need, nor any indication of negative moral violations. Therefore, it does not clearly convey a primary moral concern from the provided categories.",success,,1300,139,1439,1.925,2026-08-18T14:06:19.315782+00:00,"{
  ""label"": ""None of these / Not clearly moral in nature"",
  ""confidence"": 95,
  ""brief_reason"": ""The image depicts a group of people enjoying a picnic together, laughing and eating. This scene represents positive social interaction and leisure rather than a specific moral action or condition like harm, unfairness, or care for the vulnerable. While one could broadly interpret the shared experience as 'Care' or 'Loyalty', there is no specific visual evidence of helping, protecting, or supporting others in need, nor any indication of negative moral violations. Therefore, it does not clearly convey a primary moral concern from the provided categories.""
}"
4-1,images/4-1.jpg,qwen3.6-flash-2026-04-16,Fairness,85,"The image depicts a scene of civil unrest involving uniformed police officers and a group of civilians. The visual evidence shows an imbalance of power and potential unequal treatment, as armed authorities confront unarmed individuals. This aligns with the category of Fairness, which concerns justice, rights, and equitable outcomes. While 'Harm' is a possibility due to the tension, the primary moral concern conveyed by the static confrontation is the question of just treatment and authority rather than visible physical injury or suffering.",success,,1300,126,1426,2.714,2026-08-18T14:06:22.537087+00:00,"{
  ""label"": ""Fairness"",
  ""confidence"": 85,
  ""brief_reason"": ""The image depicts a scene of civil unrest involving uniformed police officers and a group of civilians. The visual evidence shows an imbalance of power and potential unequal treatment, as armed authorities confront unarmed individuals. This aligns with the category of Fairness, which concerns justice, rights, and equitable outcomes. While 'Harm' is a possibility due to the tension, the primary moral concern conveyed by the static confrontation is the question of just treatment and authority rather than visible physical injury or suffering.""
}"
4-2,images/4-2.jpg,qwen3.6-flash-2026-04-16,Fairness,85,"The image depicts a line of men being frisked by an officer in what appears to be a public building. The primary moral concern conveyed is the potential for unequal or unfair treatment, as the scene suggests a security check that may disproportionately target specific groups based on appearance. While 'Respect / Authority' is relevant due to the police presence, the visual dynamic of a group undergoing search raises stronger questions about justice and equitable treatment (Fairness) rather than just obedience to rules. There is some uncertainty because the context (e.g., a specific threat level or legal mandate) is not visible, but the situation inherently invites judgment regarding fairness.",success,,1338,157,1495,2.486,2026-08-18T14:06:25.530494+00:00,"{
  ""label"": ""Fairness"",
  ""confidence"": 85,
  ""brief_reason"": ""The image depicts a line of men being frisked by an officer in what appears to be a public building. The primary moral concern conveyed is the potential for unequal or unfair treatment, as the scene suggests a security check that may disproportionately target specific groups based on appearance. While 'Respect / Authority' is relevant due to the police presence, the visual dynamic of a group undergoing search raises stronger questions about justice and equitable treatment (Fairness) rather than just obedience to rules. There is some uncertainty because the context (e.g., a specific threat level or legal mandate) is not visible, but the situation inherently invites judgment regarding fairness.""
}"
4-3,images/4-3.jpg,qwen3.6-flash-2026-04-16,Respect / Authority,85,"The image depicts a uniformed police officer interacting with a young boy in a public setting. The primary visual dynamic is the presence of state authority (represented by the officer's uniform and helmet) engaging with a civilian. This falls squarely under the category of 'Respect / Authority,' which covers social roles, hierarchy, and established institutions. While one might infer themes of fairness or care depending on the unseen context of the conversation, the visible evidence primarily establishes the relationship between an authority figure and a member of the public.",success,,1693,134,1827,3.745,2026-08-18T14:06:29.781126+00:00,"{
  ""label"": ""Respect / Authority"",
  ""confidence"": 85,
  ""brief_reason"": ""The image depicts a uniformed police officer interacting with a young boy in a public setting. The primary visual dynamic is the presence of state authority (represented by the officer's uniform and helmet) engaging with a civilian. This falls squarely under the category of 'Respect / Authority,' which covers social roles, hierarchy, and established institutions. While one might infer themes of fairness or care depending on the unseen context of the conversation, the visible evidence primarily establishes the relationship between an authority figure and a member of the public.""
}"
5-1,images/5-1.jpg,qwen3.6-flash-2026-04-16,Harm,95,"The image prominently features a young boy in the foreground with an expression of intense distress and crying, alongside other individuals displaying visible anxiety and fear. This vivid depiction of emotional suffering and vulnerability makes 'Harm' the most direct classification for the primary moral concern conveyed by the scene.",success,,1563,84,1647,3.862,2026-08-18T14:06:34.150012+00:00,"{
  ""label"": ""Harm"",
  ""confidence"": 95,
  ""brief_reason"": ""The image prominently features a young boy in the foreground with an expression of intense distress and crying, alongside other individuals displaying visible anxiety and fear. This vivid depiction of emotional suffering and vulnerability makes 'Harm' the most direct classification for the primary moral concern conveyed by the scene.""
}"
5-2,images/5-2.jpg,qwen3.6-flash-2026-04-16,Care,85,"The image depicts a group of children playing together in a circle, holding hands and smiling. This scene visually conveys themes of social connection, community, and mutual support among the participants. The presence of adults supervising or participating further suggests an environment of nurturing and protection for the children's well-being. While 'Loyalty' (solidarity) is also present, 'Care' better captures the broader context of communal welfare and the protective nature of the interaction.",success,,1342,121,1463,4.326,2026-08-18T14:06:38.980199+00:00,"{
  ""label"": ""Care"",
  ""confidence"": 85,
  ""brief_reason"": ""The image depicts a group of children playing together in a circle, holding hands and smiling. This scene visually conveys themes of social connection, community, and mutual support among the participants. The presence of adults supervising or participating further suggests an environment of nurturing and protection for the children's well-being. While 'Loyalty' (solidarity) is also present, 'Care' better captures the broader context of communal welfare and the protective nature of the interaction.""
}"
6-1,images/6-1.jpg,qwen3.6-flash-2026-04-16,Respect / Authority,85,"The image depicts a formal religious procession with participants in traditional ceremonial robes and hoods (capirotes) marching in an organized manner through a public street. This visual evidence strongly suggests adherence to established social roles, traditions, and institutional authority associated with the event. While 'Sanctity' is relevant due to the religious nature of the attire, the primary visible action is the respectful observance of tradition and hierarchy.",success,,3554,114,3668,11.413,2026-08-18T14:06:50.900452+00:00,"{
  ""label"": ""Respect / Authority"",
  ""confidence"": 85,
  ""brief_reason"": ""The image depicts a formal religious procession with participants in traditional ceremonial robes and hoods (capirotes) marching in an organized manner through a public street. This visual evidence strongly suggests adherence to established social roles, traditions, and institutional authority associated with the event. While 'Sanctity' is relevant due to the religious nature of the attire, the primary visible action is the respectful observance of tradition and hierarchy.""
}"
6-2,images/6-2.jpg,qwen3.6-flash-2026-04-16,None of these / Not clearly moral in nature,85,"The image depicts a group of people in costumes and masks holding flags. While the imagery (specifically the white hoods and Confederate flag) is historically associated with hate groups and discrimination, the visual evidence itself only shows a gathering or procession. There are no visible actions of violence, abuse, unfair treatment, or degradation occurring in the scene. Determining the primary moral concern requires inferring external historical context or intent rather than observing a specific moral action or condition within the frame.",success,,1725,131,1856,7.643,2026-08-18T14:06:59.047807+00:00,"{
  ""label"": ""None of these / Not clearly moral in nature"",
  ""confidence"": 85,
  ""brief_reason"": ""The image depicts a group of people in costumes and masks holding flags. While the imagery (specifically the white hoods and Confederate flag) is historically associated with hate groups and discrimination, the visual evidence itself only shows a gathering or procession. There are no visible actions of violence, abuse, unfair treatment, or degradation occurring in the scene. Determining the primary moral concern requires inferring external historical context or intent rather than observing a specific moral action or condition within the frame.""
}"
6-3,images/6-3.jpg,qwen3.6-flash-2026-04-16,None of these / Not clearly moral in nature,85,"The image displays individuals wearing white robes and pointed hoods (capirotes), which are visually consistent with participants in religious processions (such as Holy Week in Spain). While this specific attire is historically associated with the Ku Klux Klan—a group often linked to harm or degradation—the visual evidence here does not explicitly depict violence, hate speech, or discriminatory actions. Without visible context confirming a hate rally versus a religious ceremony, inferring 'Harm' or 'Degradation' would require unsupported assumptions about the subjects' intent or identity. Therefore, the primary moral concern is not clearly conveyed by the image alone.",success,,3093,159,3252,2.476,2026-08-18T14:07:02.030809+00:00,"{
  ""label"": ""None of these / Not clearly moral in nature"",
  ""confidence"": 85,
  ""brief_reason"": ""The image displays individuals wearing white robes and pointed hoods (capirotes), which are visually consistent with participants in religious processions (such as Holy Week in Spain). While this specific attire is historically associated with the Ku Klux Klan—a group often linked to harm or degradation—the visual evidence here does not explicitly depict violence, hate speech, or discriminatory actions. Without visible context confirming a hate rally versus a religious ceremony, inferring 'Harm' or 'Degradation' would require unsupported assumptions about the subjects' intent or identity. Therefore, the primary moral concern is not clearly conveyed by the image alone.""
}"
7-1,images/7-1.jpg,qwen3.6-flash-2026-04-16,None of these / Not clearly moral in nature,95,"The image depicts a standard professional interaction (a handshake between two business people). While this action can imply positive values like respect or fairness, the visual evidence itself is neutral and does not explicitly convey a specific moral concern such as vulnerability, injustice, harm, or rule-breaking. Classifying it under a specific moral category would require inferring context not present in the scene.",success,,1149,109,1258,1.815,2026-08-18T14:07:04.351753+00:00,"{
  ""label"": ""None of these / Not clearly moral in nature"",
  ""confidence"": 95,
  ""brief_reason"": ""The image depicts a standard professional interaction (a handshake between two business people). While this action can imply positive values like respect or fairness, the visual evidence itself is neutral and does not explicitly convey a specific moral concern such as vulnerability, injustice, harm, or rule-breaking. Classifying it under a specific moral category would require inferring context not present in the scene.""
}"
7-2,images/7-2.jpg,qwen3.6-flash-2026-04-16,Respect / Authority,95,"The image depicts two individuals in business attire performing a deep bow to one another. This gesture is a widely recognized cultural expression of respect, formality, and acknowledgment of social hierarchy or professional standing. The scene clearly conveys adherence to established social norms and mutual respect rather than care, harm, fairness issues, or any other category.",success,,1933,97,2030,4.061,2026-08-18T14:07:08.920413+00:00,"{
  ""label"": ""Respect / Authority"",
  ""confidence"": 95,
  ""brief_reason"": ""The image depicts two individuals in business attire performing a deep bow to one another. This gesture is a widely recognized cultural expression of respect, formality, and acknowledgment of social hierarchy or professional standing. The scene clearly conveys adherence to established social norms and mutual respect rather than care, harm, fairness issues, or any other category.""
}"
8-1,images/8-1.jpg,qwen3.6-flash-2026-04-16,Degradation,85,"The image depicts a once-magical amusement park ride in a state of severe decay, abandonment, and desecration. The visual evidence includes broken chains, peeling paint, graffiti on the central pillar, and debris scattered on the ground. This represents a violation of the object's former dignity and purpose (sanctity), resulting in a scene of degradation.",success,,3547,103,3650,3.316,2026-08-18T14:07:12.742611+00:00,"{
  ""label"": ""Degradation"",
  ""confidence"": 85,
  ""brief_reason"": ""The image depicts a once-magical amusement park ride in a state of severe decay, abandonment, and desecration. The visual evidence includes broken chains, peeling paint, graffiti on the central pillar, and debris scattered on the ground. This represents a violation of the object's former dignity and purpose (sanctity), resulting in a scene of degradation.""
}"
8-2,images/8-2.jpg,qwen3.6-flash-2026-04-16,None of these / Not clearly moral in nature,95,"The image depicts a standard scene of people gambling in a casino. While gambling can be associated with negative outcomes like harm or addiction, the visual evidence here is neutral: individuals are sitting and playing machines without visible signs of distress, injury, exploitation, or unfair treatment. There is no clear evidence of suffering (Harm), deception (Cheating), or violation of rights (Fairness). Therefore, identifying a specific primary moral concern requires inferring context not present in the image.",success,,2160,131,2291,4.107,2026-08-18T14:07:17.356724+00:00,"{
  ""label"": ""None of these / Not clearly moral in nature"",
  ""confidence"": 95,
  ""brief_reason"": ""The image depicts a standard scene of people gambling in a casino. While gambling can be associated with negative outcomes like harm or addiction, the visual evidence here is neutral: individuals are sitting and playing machines without visible signs of distress, injury, exploitation, or unfair treatment. There is no clear evidence of suffering (Harm), deception (Cheating), or violation of rights (Fairness). Therefore, identifying a specific primary moral concern requires inferring context not present in the image.""
}"
8-3,images/8-3.jpg,qwen3.6-flash-2026-04-16,None of these / Not clearly moral in nature,85,"The image depicts an abandoned or derelict shopping mall with debris on the floor and closed storefronts. While the scene conveys themes of decay, neglect, or economic decline, it does not visually depict specific moral actions such as harm, unfairness, cheating, or betrayal directed at individuals. Inferring a primary moral concern like 'Degradation' (regarding the space) or 'Harm' (to the community) requires substantial assumptions about the cause of the abandonment and its impact, which are not explicitly visible.",success,,3595,142,3737,3.136,2026-08-18T14:07:20.999887+00:00,"{
  ""label"": ""None of these / Not clearly moral in nature"",
  ""confidence"": 85,
  ""brief_reason"": ""The image depicts an abandoned or derelict shopping mall with debris on the floor and closed storefronts. While the scene conveys themes of decay, neglect, or economic decline, it does not visually depict specific moral actions such as harm, unfairness, cheating, or betrayal directed at individuals. Inferring a primary moral concern like 'Degradation' (regarding the space) or 'Harm' (to the community) requires substantial assumptions about the cause of the abandonment and its impact, which are not explicitly visible.""
}"
8-4,images/8-4.jpg,qwen3.6-flash-2026-04-16,None of these / Not clearly moral in nature,95,"The image depicts a standard scene of people playing video games in an arcade. While the players are wearing face masks (likely due to health protocols), there is no visible evidence of suffering, unfair treatment, cheating, or other specific moral violations described in the categories. The scene represents a recreational activity rather than a distinct moral dilemma.",success,,2703,101,2804,2.949,2026-08-18T14:07:24.457847+00:00,"{
  ""label"": ""None of these / Not clearly moral in nature"",
  ""confidence"": 95,
  ""brief_reason"": ""The image depicts a standard scene of people playing video games in an arcade. While the players are wearing face masks (likely due to health protocols), there is no visible evidence of suffering, unfair treatment, cheating, or other specific moral violations described in the categories. The scene represents a recreational activity rather than a distinct moral dilemma.""
}"
9-1,images/9-1.jpg,qwen3.6-flash-2026-04-16,None of these / Not clearly moral in nature,85,"The image depicts two children sitting formally on a sofa with serious expressions. While their demeanor might suggest they are unhappy or the situation is unusual, there is no visible evidence of active harm, neglect, unfair treatment, or violation of rights. The scene could be interpreted as a formal portrait, a staged artistic composition, or a depiction of strict discipline, but inferring a specific moral concern like 'Harm' or 'Care' requires assuming background context not present in the visual data.",success,,2249,132,2381,3.643,2026-08-18T14:07:28.609040+00:00,"{
  ""label"": ""None of these / Not clearly moral in nature"",
  ""confidence"": 85,
  ""brief_reason"": ""The image depicts two children sitting formally on a sofa with serious expressions. While their demeanor might suggest they are unhappy or the situation is unusual, there is no visible evidence of active harm, neglect, unfair treatment, or violation of rights. The scene could be interpreted as a formal portrait, a staged artistic composition, or a depiction of strict discipline, but inferring a specific moral concern like 'Harm' or 'Care' requires assuming background context not present in the visual data.""
}"
9-2,images/9-2.jpg,qwen3.6-flash-2026-04-16,Care,85,"The image depicts a domestic scene where an older individual is sitting closely with two younger children on a bunk bed. The older person is smiling and looking at the children while holding a phone, suggesting a nurturing or supervisory role. The children appear engaged and comfortable (one is playing a game, one is gesturing happily). This interaction conveys a sense of companionship, supervision, and well-being, which aligns best with the category of Care. While the room is cluttered, there is no visual evidence of neglect, harm, or unfair treatment that would suggest other moral concerns like Degradation or Harm.",success,,3554,151,3705,4.357,2026-08-18T14:07:33.473158+00:00,"{
  ""label"": ""Care"",
  ""confidence"": 85,
  ""brief_reason"": ""The image depicts a domestic scene where an older individual is sitting closely with two younger children on a bunk bed. The older person is smiling and looking at the children while holding a phone, suggesting a nurturing or supervisory role. The children appear engaged and comfortable (one is playing a game, one is gesturing happily). This interaction conveys a sense of companionship, supervision, and well-being, which aligns best with the category of Care. While the room is cluttered, there is no visual evidence of neglect, harm, or unfair treatment that would suggest other moral concerns like Degradation or Harm.""
}"
10-1,images/10-1.jpg,qwen3.6-flash-2026-04-16,None of these / Not clearly moral in nature,95,"The image depicts a man sitting on a couch in a relaxed posture. There are no visible signs of suffering, harm, unfair treatment, or actions related to care, loyalty, or authority. The scene appears to be a neutral portrait or lifestyle shot without any clear moral conflict or ethical dilemma.",success,,2253,94,2347,5.491,2026-08-18T14:07:39.471781+00:00,"{
  ""label"": ""None of these / Not clearly moral in nature"",
  ""confidence"": 95,
  ""brief_reason"": ""The image depicts a man sitting on a couch in a relaxed posture. There are no visible signs of suffering, harm, unfair treatment, or actions related to care, loyalty, or authority. The scene appears to be a neutral portrait or lifestyle shot without any clear moral conflict or ethical dilemma.""
}"
10-2,images/10-2.jpg,qwen3.6-flash-2026-04-16,None of these / Not clearly moral in nature,95,"The image depicts a family portrait with three individuals and a cat in a domestic setting. While the scene implies relationships that could involve care or loyalty, there is no visible evidence of moral action, suffering, injustice, or violation. The subjects are posing neutrally for a photograph, which is a standard social activity rather than a distinct moral event.",success,,3595,104,3699,3.802,2026-08-18T14:07:43.776981+00:00,"{
  ""label"": ""None of these / Not clearly moral in nature"",
  ""confidence"": 95,
  ""brief_reason"": ""The image depicts a family portrait with three individuals and a cat in a domestic setting. While the scene implies relationships that could involve care or loyalty, there is no visible evidence of moral action, suffering, injustice, or violation. The subjects are posing neutrally for a photograph, which is a standard social activity rather than a distinct moral event.""
}"
11-1,images/11-1.jpg,qwen3.6-flash-2026-04-16,None of these / Not clearly moral in nature,95,"The image depicts a man sitting in what appears to be the cabin or storage area of a boat. While he is in a confined space, there are no visual indicators of suffering, abuse, unfair treatment, or violation of rights. The scene appears to be a candid snapshot of daily life or renovation work rather than a situation conveying a specific moral concern like harm, care, or injustice.",success,,3547,113,3660,4.714,2026-08-18T14:07:48.997244+00:00,"{
  ""label"": ""None of these / Not clearly moral in nature"",
  ""confidence"": 95,
  ""brief_reason"": ""The image depicts a man sitting in what appears to be the cabin or storage area of a boat. While he is in a confined space, there are no visual indicators of suffering, abuse, unfair treatment, or violation of rights. The scene appears to be a candid snapshot of daily life or renovation work rather than a situation conveying a specific moral concern like harm, care, or injustice.""
}"
11-2,images/11-2.jpg,qwen3.6-flash-2026-04-16,None of these / Not clearly moral in nature,95,"The image depicts a man performing routine yard work (mowing the lawn). While this action could be interpreted as 'Care' for his property or environment, it is primarily a depiction of daily life and maintenance. There are no visible elements indicating vulnerability, suffering, injustice, deception, or violation of dignity that would make a specific moral concern the primary focus of the scene.",success,,1389,110,1499,3.78,2026-08-18T14:07:53.288856+00:00,"{
  ""label"": ""None of these / Not clearly moral in nature"",
  ""confidence"": 95,
  ""brief_reason"": ""The image depicts a man performing routine yard work (mowing the lawn). While this action could be interpreted as 'Care' for his property or environment, it is primarily a depiction of daily life and maintenance. There are no visible elements indicating vulnerability, suffering, injustice, deception, or violation of dignity that would make a specific moral concern the primary focus of the scene.""
}"
12-1,images/12-1.jpg,qwen3.6-flash-2026-04-16,Sanctity,85,"The image depicts a group of people engaged in what appears to be a spiritual or religious gathering. The central figure is shown with his head bowed and hand over his heart, displaying a posture of reverence, humility, and deep emotional engagement typical of worship or prayer. This focus on the sacredness of the moment and the dignity of the participants aligns best with the 'Sanctity' category, which covers concerns for sacredness, moral integrity, and reverence. While 'Care' (compassion) is present in the supportive atmosphere, the primary visual theme is the solemn, reverent act itself rather than the provision of aid.",success,,1704,156,1860,4.275,2026-08-18T14:07:58.070889+00:00,"{
  ""label"": ""Sanctity"",
  ""confidence"": 85,
  ""brief_reason"": ""The image depicts a group of people engaged in what appears to be a spiritual or religious gathering. The central figure is shown with his head bowed and hand over his heart, displaying a posture of reverence, humility, and deep emotional engagement typical of worship or prayer. This focus on the sacredness of the moment and the dignity of the participants aligns best with the 'Sanctity' category, which covers concerns for sacredness, moral integrity, and reverence. While 'Care' (compassion) is present in the supportive atmosphere, the primary visual theme is the solemn, reverent act itself rather than the provision of aid.""
}"
12-2,images/12-2.jpg,qwen3.6-flash-2026-04-16,Sanctity,85,"The image depicts individuals engaged in intense prayer or worship, characterized by kneeling and emotional expressions within a group setting. This behavior strongly suggests a spiritual or religious context, making 'Sanctity' (concern for sacredness, reverence, and moral integrity) the most fitting category. While 'Care' is plausible due to the supportive atmosphere, the primary visual focus is on the act of devotion itself rather than interpersonal assistance.",success,,3554,114,3668,7.183,2026-08-18T14:08:05.761770+00:00,"{
  ""label"": ""Sanctity"",
  ""confidence"": 85,
  ""brief_reason"": ""The image depicts individuals engaged in intense prayer or worship, characterized by kneeling and emotional expressions within a group setting. This behavior strongly suggests a spiritual or religious context, making 'Sanctity' (concern for sacredness, reverence, and moral integrity) the most fitting category. While 'Care' is plausible due to the supportive atmosphere, the primary visual focus is on the act of devotion itself rather than interpersonal assistance.""
}"
12-3,images/12-3.jpg,qwen3.6-flash-2026-04-16,Respect / Authority,85,"The image depicts a congregation in a church setting, characterized by pews, stained glass windows, and individuals holding religious texts (Bibles). The subjects are seated in an orderly fashion, displaying attentive postures that suggest they are participating in a formal service or listening to a speaker. This behavior reflects adherence to social roles, institutional traditions, and respect for the authority of the religious setting. While 'Sanctity' is related due to the sacred context, 'Respect / Authority' better captures the visible conduct of the people respecting the established order and rules of the gathering.",success,,1789,146,1935,3.509,2026-08-18T14:08:09.775643+00:00,"{
  ""label"": ""Respect / Authority"",
  ""confidence"": 85,
  ""brief_reason"": ""The image depicts a congregation in a church setting, characterized by pews, stained glass windows, and individuals holding religious texts (Bibles). The subjects are seated in an orderly fashion, displaying attentive postures that suggest they are participating in a formal service or listening to a speaker. This behavior reflects adherence to social roles, institutional traditions, and respect for the authority of the religious setting. While 'Sanctity' is related due to the sacred context, 'Respect / Authority' better captures the visible conduct of the people respecting the established order and rules of the gathering.""
}"
12-4,images/12-4.jpg,qwen3.6-flash-2026-04-16,Care,85,"The image depicts a group of people dressed in black, seated in what appears to be a church or funeral home, with solemn expressions. This context strongly implies a funeral or memorial service, which is an event centered on mourning and supporting those who are grieving. The primary moral concern conveyed by such a scene is the care for the well-being and emotional needs of the attendees during a time of loss. While 'Respect' (for tradition/ritual) is also plausible, the focus on human emotion and shared grief aligns more closely with the concept of Care.",success,,1597,141,1738,2.109,2026-08-18T14:08:12.391827+00:00,"{
  ""label"": ""Care"",
  ""confidence"": 85,
  ""brief_reason"": ""The image depicts a group of people dressed in black, seated in what appears to be a church or funeral home, with solemn expressions. This context strongly implies a funeral or memorial service, which is an event centered on mourning and supporting those who are grieving. The primary moral concern conveyed by such a scene is the care for the well-being and emotional needs of the attendees during a time of loss. While 'Respect' (for tradition/ritual) is also plausible, the focus on human emotion and shared grief aligns more closely with the concept of Care.""
}"
13-1,images/13-1.jpg,qwen3.6-flash-2026-04-16,None of these / Not clearly moral in nature,95,"The image shows a person standing in a store aisle. While the individual is wearing a hood and appears to be moving quickly (indicated by motion blur), there is no visible evidence of theft, violence, injury, or specific rule-breaking behavior. Inferring criminal intent or a violation of authority based solely on appearance and posture would require unsupported assumptions.",success,,3591,105,3696,3.941,2026-08-18T14:08:16.839988+00:00,"{
  ""label"": ""None of these / Not clearly moral in nature"",
  ""confidence"": 95,
  ""brief_reason"": ""The image shows a person standing in a store aisle. While the individual is wearing a hood and appears to be moving quickly (indicated by motion blur), there is no visible evidence of theft, violence, injury, or specific rule-breaking behavior. Inferring criminal intent or a violation of authority based solely on appearance and posture would require unsupported assumptions.""
}"
13-2,images/13-2.jpg,qwen3.6-flash-2026-04-16,None of these / Not clearly moral in nature,95,"The image depicts a person sitting alone in a contemplative pose. While the mood might be interpreted as melancholic or isolated, there are no visible actions, interactions, or conditions that clearly convey a specific moral concern such as harm, unfairness, or lack of care. Inferring a moral theme would require unsupported assumptions about the person's internal state or background.",success,,2787,108,2895,5.422,2026-08-18T14:08:22.782671+00:00,"{
  ""label"": ""None of these / Not clearly moral in nature"",
  ""confidence"": 95,
  ""brief_reason"": ""The image depicts a person sitting alone in a contemplative pose. While the mood might be interpreted as melancholic or isolated, there are no visible actions, interactions, or conditions that clearly convey a specific moral concern such as harm, unfairness, or lack of care. Inferring a moral theme would require unsupported assumptions about the person's internal state or background.""
}"
13-3,images/13-3.jpg,qwen3.6-flash-2026-04-16,Cheating,85,"The image depicts a person in a hoodie leaning into a car window, an action strongly associated with theft or breaking and entering. This behavior constitutes rule-breaking and the violation of property rights to gain an unfair advantage (stealing), which aligns best with the category of Cheating. While 'Harm' is a potential outcome, the specific act shown is deceptive and illicit acquisition rather than direct physical violence.",success,,2787,110,2897,8.53,2026-08-18T14:08:31.816365+00:00,"{
  ""label"": ""Cheating"",
  ""confidence"": 85,
  ""brief_reason"": ""The image depicts a person in a hoodie leaning into a car window, an action strongly associated with theft or breaking and entering. This behavior constitutes rule-breaking and the violation of property rights to gain an unfair advantage (stealing), which aligns best with the category of Cheating. While 'Harm' is a potential outcome, the specific act shown is deceptive and illicit acquisition rather than direct physical violence.""
}"
13-4,images/13-4.jpg,qwen3.6-flash-2026-04-16,Cheating,75,"The image depicts a man in a hoodie with his hand inside his sweatshirt pocket, holding an object that appears to be a smartphone. This posture and setting (a retail store) are visually consistent with the act of shoplifting or concealing merchandise without payment, which constitutes rule-breaking and gaining an unfair advantage. While the specific item is ambiguous, the body language strongly suggests concealment rather than legitimate shopping. It does not clearly depict harm, degradation, or other categories.",success,,2369,123,2492,2.954,2026-08-18T14:08:35.275745+00:00,"{
  ""label"": ""Cheating"",
  ""confidence"": 75,
  ""brief_reason"": ""The image depicts a man in a hoodie with his hand inside his sweatshirt pocket, holding an object that appears to be a smartphone. This posture and setting (a retail store) are visually consistent with the act of shoplifting or concealing merchandise without payment, which constitutes rule-breaking and gaining an unfair advantage. While the specific item is ambiguous, the body language strongly suggests concealment rather than legitimate shopping. It does not clearly depict harm, degradation, or other categories.""
}"
14-1,images/14-1.jpg,qwen3.6-flash-2026-04-16,Harm,95,"The image visually depicts a scene of violence and physical suffering. A man in the foreground is covered in a white substance (likely paint or flour) and appears to be bleeding from his head, indicating injury. Another individual is actively engaged in throwing an object at him. This clearly conveys physical harm and assault.",success,,1338,91,1429,2.35,2026-08-18T14:08:38.133526+00:00,"{
  ""label"": ""Harm"",
  ""confidence"": 95,
  ""brief_reason"": ""The image visually depicts a scene of violence and physical suffering. A man in the foreground is covered in a white substance (likely paint or flour) and appears to be bleeding from his head, indicating injury. Another individual is actively engaged in throwing an object at him. This clearly conveys physical harm and assault.""
}"
14-2,images/14-2.jpg,qwen3.6-flash-2026-04-16,Fairness,75,"The image depicts a scene of racial segregation in a public space (a diner), where Black patrons are separated from White staff. This visual arrangement represents a condition of unequal treatment and lack of equality, which falls under the category of Fairness. While this situation is historically rooted in discrimination, the classification must rely only on visible evidence; inferring 'Harm' or 'Degradation' requires assuming specific emotional states or intent not explicitly shown, whereas the physical separation itself is a clear visual indicator of an unfair system.",success,,1704,133,1837,2.922,2026-08-18T14:08:41.563410+00:00,"{
  ""label"": ""Fairness"",
  ""confidence"": 75,
  ""brief_reason"": ""The image depicts a scene of racial segregation in a public space (a diner), where Black patrons are separated from White staff. This visual arrangement represents a condition of unequal treatment and lack of equality, which falls under the category of Fairness. While this situation is historically rooted in discrimination, the classification must rely only on visible evidence; inferring 'Harm' or 'Degradation' requires assuming specific emotional states or intent not explicitly shown, whereas the physical separation itself is a clear visual indicator of an unfair system.""
}"
14-3,images/14-3.jpg,qwen3.6-flash-2026-04-16,Fairness,85,"The image depicts a group of African American teenagers gathered at a lunch counter, visually segregated from the white patrons. This arrangement highlights a situation of unequal treatment and lack of equal access to public facilities based on race, which is a primary concern of fairness and justice. While 'Respect / Authority' (defying segregation laws) or 'Care' (solidarity among the group) are plausible interpretations of the social dynamics, the fundamental moral condition portrayed by the visual evidence of separation is unfairness.",success,,1461,128,1589,3.938,2026-08-18T14:08:46.008926+00:00,"{
  ""label"": ""Fairness"",
  ""confidence"": 85,
  ""brief_reason"": ""The image depicts a group of African American teenagers gathered at a lunch counter, visually segregated from the white patrons. This arrangement highlights a situation of unequal treatment and lack of equal access to public facilities based on race, which is a primary concern of fairness and justice. While 'Respect / Authority' (defying segregation laws) or 'Care' (solidarity among the group) are plausible interpretations of the social dynamics, the fundamental moral condition portrayed by the visual evidence of separation is unfairness.""
}"
15-1,images/15-1.jpg,qwen3.6-flash-2026-04-16,Loyalty,85,"The image depicts a group of soldiers marching in formation during a parade, carrying a flag. This visual evidence strongly conveys themes of solidarity, allegiance to their unit and country, and commitment to the group, which aligns with the category of Loyalty. While 'Respect / Authority' is also plausible due to the military discipline shown, the collective nature of the march and the presence of the flag emphasize group loyalty and solidarity more than deference to authority.",success,,1704,122,1826,5.387,2026-08-18T14:08:51.900413+00:00,"{
  ""label"": ""Loyalty"",
  ""confidence"": 85,
  ""brief_reason"": ""The image depicts a group of soldiers marching in formation during a parade, carrying a flag. This visual evidence strongly conveys themes of solidarity, allegiance to their unit and country, and commitment to the group, which aligns with the category of Loyalty. While 'Respect / Authority' is also plausible due to the military discipline shown, the collective nature of the march and the presence of the flag emphasize group loyalty and solidarity more than deference to authority.""
}"
15-2,images/15-2.jpg,qwen3.6-flash-2026-04-16,Care,75,"The image depicts soldiers escorting civilians, specifically an adult and a child, through a rugged environment. The presence of armed personnel accompanying vulnerable individuals (a child and non-combatants) strongly implies a protective role or the provision of security, which aligns with the category of Care (protection from harm). While the context could be interpreted as detention (Fairness/Harm), there is no visible evidence of abuse, unfair treatment, or coercion; the interaction appears to be a standard patrol or escort, making 'Care' the most direct inference regarding the soldiers' potential function in this scene.",success,,2557,147,2704,3.925,2026-08-18T14:08:56.331975+00:00,"{
  ""label"": ""Care"",
  ""confidence"": 75,
  ""brief_reason"": ""The image depicts soldiers escorting civilians, specifically an adult and a child, through a rugged environment. The presence of armed personnel accompanying vulnerable individuals (a child and non-combatants) strongly implies a protective role or the provision of security, which aligns with the category of Care (protection from harm). While the context could be interpreted as detention (Fairness/Harm), there is no visible evidence of abuse, unfair treatment, or coercion; the interaction appears to be a standard patrol or escort, making 'Care' the most direct inference regarding the soldiers' potential function in this scene.""
}"
15-3,images/15-3.jpg,qwen3.6-flash-2026-04-16,Care,85,"The image depicts a scene that strongly resembles a medical or disaster response training exercise. The presence of a soldier in full combat gear interacting with individuals wearing simulated blood-stained headscarves suggests a scenario focused on treating casualties. Furthermore, the individual on the right is wearing a Red Cross vest, which explicitly signals humanitarian aid and medical assistance. These visual elements collectively point to 'Care' as the primary moral concern, reflecting themes of helping, support, and protection from harm within a simulated emergency context.",success,,3554,127,3681,13.27,2026-08-18T14:09:10.109411+00:00,"{
  ""label"": ""Care"",
  ""confidence"": 85,
  ""brief_reason"": ""The image depicts a scene that strongly resembles a medical or disaster response training exercise. The presence of a soldier in full combat gear interacting with individuals wearing simulated blood-stained headscarves suggests a scenario focused on treating casualties. Furthermore, the individual on the right is wearing a Red Cross vest, which explicitly signals humanitarian aid and medical assistance. These visual elements collectively point to 'Care' as the primary moral concern, reflecting themes of helping, support, and protection from harm within a simulated emergency context.""
}"
15-4,images/15-4.jpg,qwen3.6-flash-2026-04-16,Care,85,"The image depicts a soldier engaging in a direct, positive interaction with local civilians, characterized by handshakes and attentive listening. This visual evidence of connection, support, and engagement aligns best with the category of Care (concern for others' well-being and support). While 'Respect / Authority' is plausible due to the military context, the primary focus of the visible scene is on the interpersonal relationship and mutual engagement rather than the enforcement of hierarchy or rules.",success,,3418,121,3539,3.837,2026-08-18T14:09:14.451342+00:00,"{
  ""label"": ""Care"",
  ""confidence"": 85,
  ""brief_reason"": ""The image depicts a soldier engaging in a direct, positive interaction with local civilians, characterized by handshakes and attentive listening. This visual evidence of connection, support, and engagement aligns best with the category of Care (concern for others' well-being and support). While 'Respect / Authority' is plausible due to the military context, the primary focus of the visible scene is on the interpersonal relationship and mutual engagement rather than the enforcement of hierarchy or rules.""
}"
16-1,images/16-1.jpg,qwen3.6-flash-2026-04-16,Care,95,"The image visually depicts two individuals engaged in a close embrace and kissing. This physical intimacy clearly conveys affection, support, and concern for one another's well-being, which aligns directly with the category of Care. There is no visual evidence of harm, unfairness, or other moral violations.",success,,1581,87,1668,4.091,2026-08-18T14:09:19.046699+00:00,"{
  ""label"": ""Care"",
  ""confidence"": 95,
  ""brief_reason"": ""The image visually depicts two individuals engaged in a close embrace and kissing. This physical intimacy clearly conveys affection, support, and concern for one another's well-being, which aligns directly with the category of Care. There is no visual evidence of harm, unfairness, or other moral violations.""
}"
16-2,images/16-2.jpg,qwen3.6-flash-2026-04-16,Harm,95,"The image explicitly depicts a physical altercation where one individual is aggressively restraining another from behind. The visible distress on the faces of both subjects and the aggressive nature of the physical contact (grabbing the neck/chest area) clearly convey violence and suffering, which falls squarely under the category of Harm.",success,,1581,87,1668,4.086,2026-08-18T14:09:23.637240+00:00,"{
  ""label"": ""Harm"",
  ""confidence"": 95,
  ""brief_reason"": ""The image explicitly depicts a physical altercation where one individual is aggressively restraining another from behind. The visible distress on the faces of both subjects and the aggressive nature of the physical contact (grabbing the neck/chest area) clearly convey violence and suffering, which falls squarely under the category of Harm.""
}"
17-1,images/17-1.jpg,qwen3.6-flash-2026-04-16,Care,85,"The image depicts an adult woman engaging in a serious conversation with a younger person who appears withdrawn or distressed (indicated by body language like hugging a pillow and looking away). The primary moral concern conveyed is the adult's attention to the younger person's emotional state and well-being, which aligns with the category of Care. While the interaction could be interpreted as a reprimand (potentially touching on Authority), the visible dynamic focuses more on support and communication regarding the younger person's welfare rather than enforcing rules or hierarchy.",success,,2109,133,2242,7.253,2026-08-18T14:09:31.393043+00:00,"{
  ""label"": ""Care"",
  ""confidence"": 85,
  ""brief_reason"": ""The image depicts an adult woman engaging in a serious conversation with a younger person who appears withdrawn or distressed (indicated by body language like hugging a pillow and looking away). The primary moral concern conveyed is the adult's attention to the younger person's emotional state and well-being, which aligns with the category of Care. While the interaction could be interpreted as a reprimand (potentially touching on Authority), the visible dynamic focuses more on support and communication regarding the younger person's welfare rather than enforcing rules or hierarchy.""
}"
17-2,images/17-2.jpg,qwen3.6-flash-2026-04-16,Care,85,"The image depicts a woman (likely a parent) engaging in a serious conversation with a younger person who appears withdrawn and distressed. The primary moral dynamic visible is the older individual's attempt to address the younger one's well-being or emotional state, which aligns with the category of Care (concern for others' needs/vulnerability). While the interaction could be interpreted as conflict (Harm), the visual cues of concern and communication suggest an effort at support rather than active cruelty.",success,,2109,124,2233,11.98,2026-08-18T14:09:43.879422+00:00,"{
  ""label"": ""Care"",
  ""confidence"": 85,
  ""brief_reason"": ""The image depicts a woman (likely a parent) engaging in a serious conversation with a younger person who appears withdrawn and distressed. The primary moral dynamic visible is the older individual's attempt to address the younger one's well-being or emotional state, which aligns with the category of Care (concern for others' needs/vulnerability). While the interaction could be interpreted as conflict (Harm), the visual cues of concern and communication suggest an effort at support rather than active cruelty.""
}"
17-3,images/17-3.jpg,qwen3.6-flash-2026-04-16,Care,85,"The image depicts an adult woman engaging in a serious conversation with a younger person, using expressive hand gestures and maintaining focused attention. This interaction strongly suggests a scenario of guidance, support, or emotional nurturing, which aligns with the category of Care. While the specific content of the conversation is unknown, the visible dynamic implies concern for the younger person's well-being rather than harm, unfairness, or other moral violations.",success,,2109,111,2220,8.819,2026-08-18T14:09:53.205158+00:00,"{
  ""label"": ""Care"",
  ""confidence"": 85,
  ""brief_reason"": ""The image depicts an adult woman engaging in a serious conversation with a younger person, using expressive hand gestures and maintaining focused attention. This interaction strongly suggests a scenario of guidance, support, or emotional nurturing, which aligns with the category of Care. While the specific content of the conversation is unknown, the visible dynamic implies concern for the younger person's well-being rather than harm, unfairness, or other moral violations.""
}"
17-4,images/17-4.jpg,qwen3.6-flash-2026-04-16,Care,85,"The image depicts an adult woman engaging in a serious conversation with a younger person who appears emotionally distressed or withdrawn (hugging a pillow). The adult's attentive posture and gesturing suggest she is offering support, guidance, or comfort. This aligns with the category of Care, which covers concern for others' well-being and vulnerability. While the situation involves potential emotional suffering (Harm), the primary visible action is the interaction aimed at addressing that state, making Care the dominant moral theme.",success,,2065,125,2190,4.798,2026-08-18T14:09:58.507872+00:00,"{
  ""label"": ""Care"",
  ""confidence"": 85,
  ""brief_reason"": ""The image depicts an adult woman engaging in a serious conversation with a younger person who appears emotionally distressed or withdrawn (hugging a pillow). The adult's attentive posture and gesturing suggest she is offering support, guidance, or comfort. This aligns with the category of Care, which covers concern for others' well-being and vulnerability. While the situation involves potential emotional suffering (Harm), the primary visible action is the interaction aimed at addressing that state, making Care the dominant moral theme.""
}"
18-1,images/18-1.jpg,qwen3.6-flash-2026-04-16,Care,95,"The image depicts a community gathering centered around 'THE PEOPLE'S HARVEST' and 'CULTIVATE COMMUNITY'. The visible actions involve people tending to gardens, harvesting produce, and sharing meals together at long tables. These activities—nurturing plants, providing food, and communal dining—are direct expressions of care for others' well-being and needs.",success,,2229,99,2328,9.122,2026-08-18T14:10:08.136941+00:00,"{
  ""label"": ""Care"",
  ""confidence"": 95,
  ""brief_reason"": ""The image depicts a community gathering centered around 'THE PEOPLE'S HARVEST' and 'CULTIVATE COMMUNITY'. The visible actions involve people tending to gardens, harvesting produce, and sharing meals together at long tables. These activities—nurturing plants, providing food, and communal dining—are direct expressions of care for others' well-being and needs.""
}"
18-2,images/18-2.jpg,qwen3.6-flash-2026-04-16,None of these / Not clearly moral in nature,95,"The image depicts a futuristic city scene with advanced technology (holograms, flying vehicles) and people interacting peacefully. There is no visible evidence of suffering, injustice, deception, or violation of dignity that would align with the specific moral categories provided. The scene appears to be a neutral or positive depiction of a future society rather than a narrative about a specific moral concern.",success,,2229,109,2338,16.748,2026-08-18T14:10:25.391633+00:00,"{
  ""label"": ""None of these / Not clearly moral in nature"",
  ""confidence"": 95,
  ""brief_reason"": ""The image depicts a futuristic city scene with advanced technology (holograms, flying vehicles) and people interacting peacefully. There is no visible evidence of suffering, injustice, deception, or violation of dignity that would align with the specific moral categories provided. The scene appears to be a neutral or positive depiction of a future society rather than a narrative about a specific moral concern.""
}"
18-3,images/18-3.jpg,qwen3.6-flash-2026-04-16,Loyalty,85,"The image depicts a large group of people dressed in identical robes, marching in an organized procession through a city. They are carrying banners with specific symbols and moving together toward a central point (a statue or monument). This visual evidence of uniformity, collective movement, and shared purpose strongly conveys themes of solidarity, allegiance, and commitment to a group, which aligns best with the category of Loyalty. While the setting involves traditional architecture that might suggest 'Respect / Authority' or 'Sanctity', the primary focus is on the behavior and unity of the crowd itself.",success,,2229,146,2375,12.557,2026-08-18T14:10:38.451344+00:00,"{
  ""label"": ""Loyalty"",
  ""confidence"": 85,
  ""brief_reason"": ""The image depicts a large group of people dressed in identical robes, marching in an organized procession through a city. They are carrying banners with specific symbols and moving together toward a central point (a statue or monument). This visual evidence of uniformity, collective movement, and shared purpose strongly conveys themes of solidarity, allegiance, and commitment to a group, which aligns best with the category of Loyalty. While the setting involves traditional architecture that might suggest 'Respect / Authority' or 'Sanctity', the primary focus is on the behavior and unity of the crowd itself.""
}"
18-4,images/18-4.jpg,qwen3.6-flash-2026-04-16,None of these / Not clearly moral in nature,95,"The image depicts a futuristic city scene with people in robes interacting with technology. While the setting implies a specific social structure or culture, there is no visible evidence of suffering, unfairness, deception, violation of authority, or other specific moral actions or conditions defined in the categories. The scene appears to be a neutral depiction of daily life or a gathering in this fictional world, making it impossible to identify a primary moral concern without inventing background context.",success,,2229,125,2354,5.13,2026-08-18T14:10:44.092195+00:00,"{
  ""label"": ""None of these / Not clearly moral in nature"",
  ""confidence"": 95,
  ""brief_reason"": ""The image depicts a futuristic city scene with people in robes interacting with technology. While the setting implies a specific social structure or culture, there is no visible evidence of suffering, unfairness, deception, violation of authority, or other specific moral actions or conditions defined in the categories. The scene appears to be a neutral depiction of daily life or a gathering in this fictional world, making it impossible to identify a primary moral concern without inventing background context.""
}"
19-1,images/19-1.jpg,qwen3.6-flash-2026-04-16,Care,95,"The image visually depicts a young child affectionately kissing an adult on the cheek while the adult smiles with evident happiness and contentment. This interaction clearly conveys themes of love, nurturing, emotional support, and concern for well-being, which aligns directly with the definition of Care. There is no visual evidence to suggest harm, unfairness, or other moral concerns.",success,,1262,101,1363,2.298,2026-08-18T14:10:46.897666+00:00,"{
  ""label"": ""Care"",
  ""confidence"": 95,
  ""brief_reason"": ""The image visually depicts a young child affectionately kissing an adult on the cheek while the adult smiles with evident happiness and contentment. This interaction clearly conveys themes of love, nurturing, emotional support, and concern for well-being, which aligns directly with the definition of Care. There is no visual evidence to suggest harm, unfairness, or other moral concerns.""
}"
19-2,images/19-2.jpg,qwen3.6-flash-2026-04-16,None of these / Not clearly moral in nature,95,"The image depicts a professional woman smiling while holding a tablet in an office setting. There are no visible elements indicating care, harm, unfairness, cheating, loyalty issues, or any other specific moral concern from the provided categories. The scene appears to be a standard professional portrait without morally charged content.",success,,1300,95,1395,2.212,2026-08-18T14:10:49.616923+00:00,"{
  ""label"": ""None of these / Not clearly moral in nature"",
  ""confidence"": 95,
  ""brief_reason"": ""The image depicts a professional woman smiling while holding a tablet in an office setting. There are no visible elements indicating care, harm, unfairness, cheating, loyalty issues, or any other specific moral concern from the provided categories. The scene appears to be a standard professional portrait without morally charged content.""
}"
20-1,images/20-1.jpg,qwen3.6-flash-2026-04-16,Care,85,"The image depicts a medical professional in scrubs holding a tablet and gesturing to stop or calm a distressed group of people (likely family members) behind glass. The primary moral dynamic is the tension between the professional's duty to manage the situation and protect the patient (implied by the setting) and the visible emotional suffering and vulnerability of the observers. This aligns with 'Care' as it involves managing well-being, providing support, and protecting against harm in a crisis. While the background shows distress (Harm), the foreground action is one of professional management and containment, which falls under the broader scope of Care.",success,,1941,152,2093,5.026,2026-08-18T14:10:55.148921+00:00,"{
  ""label"": ""Care"",
  ""confidence"": 85,
  ""brief_reason"": ""The image depicts a medical professional in scrubs holding a tablet and gesturing to stop or calm a distressed group of people (likely family members) behind glass. The primary moral dynamic is the tension between the professional's duty to manage the situation and protect the patient (implied by the setting) and the visible emotional suffering and vulnerability of the observers. This aligns with 'Care' as it involves managing well-being, providing support, and protecting against harm in a crisis. While the background shows distress (Harm), the foreground action is one of professional management and containment, which falls under the broader scope of Care.""
}"
20-2,images/20-2.jpg,qwen3.6-flash-2026-04-16,Harm,75,"The image depicts a man in a lab coat holding a syringe with a needle, looking intense and covering his mouth. This imagery strongly suggests the preparation or intent to inflict physical harm (e.g., poisoning, injection) on another person. While 'Cheating' (deception) is plausible given the secretive gesture, the presence of the weapon-like syringe makes the potential for physical injury the more dominant moral concern.",success,,1941,113,2054,8.651,2026-08-18T14:11:04.303404+00:00,"{
  ""label"": ""Harm"",
  ""confidence"": 75,
  ""brief_reason"": ""The image depicts a man in a lab coat holding a syringe with a needle, looking intense and covering his mouth. This imagery strongly suggests the preparation or intent to inflict physical harm (e.g., poisoning, injection) on another person. While 'Cheating' (deception) is plausible given the secretive gesture, the presence of the weapon-like syringe makes the potential for physical injury the more dominant moral concern.""
}"
21-1,images/21-1.jpg,qwen3.6-flash-2026-04-16,None of these / Not clearly moral in nature,95,"The image depicts a man working in an office environment, reviewing data on a tablet with a safe visible in the background. While the presence of a safe implies themes of security or property protection, the scene itself is neutral and professional. There are no visible actions involving harm, unfairness, cheating, betrayal, or specific care dynamics that would constitute a primary moral concern according to the provided categories. The image appears to be a generic stock photo representing business or finance rather than a specific moral scenario.",success,,1941,134,2075,4.846,2026-08-18T14:11:09.657248+00:00,"{
  ""label"": ""None of these / Not clearly moral in nature"",
  ""confidence"": 95,
  ""brief_reason"": ""The image depicts a man working in an office environment, reviewing data on a tablet with a safe visible in the background. While the presence of a safe implies themes of security or property protection, the scene itself is neutral and professional. There are no visible actions involving harm, unfairness, cheating, betrayal, or specific care dynamics that would constitute a primary moral concern according to the provided categories. The image appears to be a generic stock photo representing business or finance rather than a specific moral scenario.""
}"
21-2,images/21-2.jpg,qwen3.6-flash-2026-04-16,Loyalty,85,"The image depicts a multi-generational group of people sharing a meal and toasting together in a backyard setting. The banner overhead explicitly reads 'TOGETHER WE THRIVE,' which visually reinforces themes of solidarity, unity, and commitment to the group's well-being. This aligns strongly with the category of Loyalty (commitment, solidarity, support toward one's group). While Care is also present due to the communal dining aspect, the explicit textual emphasis on 'Together' makes Loyalty the primary moral concern.",success,,1941,134,2075,9.255,2026-08-18T14:11:19.419678+00:00,"{
  ""label"": ""Loyalty"",
  ""confidence"": 85,
  ""brief_reason"": ""The image depicts a multi-generational group of people sharing a meal and toasting together in a backyard setting. The banner overhead explicitly reads 'TOGETHER WE THRIVE,' which visually reinforces themes of solidarity, unity, and commitment to the group's well-being. This aligns strongly with the category of Loyalty (commitment, solidarity, support toward one's group). While Care is also present due to the communal dining aspect, the explicit textual emphasis on 'Together' makes Loyalty the primary moral concern.""
}"
22-1,images/22-1.png,qwen3.6-flash-2026-04-16,None of these / Not clearly moral in nature,95,"The image depicts a person engaged in academic study or research. While this activity is generally positive, the scene itself does not convey a specific moral concern such as suffering, injustice, betrayal, or care for others. It represents a neutral professional or educational setting without visible evidence supporting any of the other categories.",success,,2205,96,2301,12.951,2026-09-06T14:58:33.748441+00:00,"{
  ""label"": ""None of these / Not clearly moral in nature"",
  ""confidence"": 95,
  ""brief_reason"": ""The image depicts a person engaged in academic study or research. While this activity is generally positive, the scene itself does not convey a specific moral concern such as suffering, injustice, betrayal, or care for others. It represents a neutral professional or educational setting without visible evidence supporting any of the other categories.""
}"
22-2,images/22-2.jpg,qwen3.6-flash-2026-04-16,None of these / Not clearly moral in nature,95,"The image depicts a group of friends enjoying a recreational activity (jumping off a boat) with visible expressions of joy and excitement. There is no visual evidence of suffering, injustice, violation of rights, or any other morally relevant negative condition or action described in the specific categories provided (Care, Harm, Fairness, etc.). While one could infer 'Care' regarding safety, the primary visual emphasis is on celebration and leisure rather than a moral concern for well-being or vulnerability.",success,,2088,131,2219,5.25,2026-09-06T14:58:47.227754+00:00,"{
  ""label"": ""None of these / Not clearly moral in nature"",
  ""confidence"": 95,
  ""brief_reason"": ""The image depicts a group of friends enjoying a recreational activity (jumping off a boat) with visible expressions of joy and excitement. There is no visual evidence of suffering, injustice, violation of rights, or any other morally relevant negative condition or action described in the specific categories provided (Care, Harm, Fairness, etc.). While one could infer 'Care' regarding safety, the primary visual emphasis is on celebration and leisure rather than a moral concern for well-being or vulnerability.""
}"
23-1,images/23-1.jpg,qwen3.6-flash-2026-04-16,Care,85,"The image depicts a medical professional (indicated by scrubs and a stethoscope) in a clinical setting, focused on reviewing information on a tablet. This scene strongly implies the act of patient care, such as checking medical records or treatment plans, which aligns with the category of 'Concern for others' well-being'. While the specific patient is not visible, the context of the profession and the action taken are inherently linked to the moral value of Care. It is not clearly 'None of these' because the visual cues of a healthcare provider at work strongly suggest a morally relevant activity related to helping others.",success,,1629,150,1779,5.877,2026-08-18T14:11:49.349234+00:00,"{
  ""label"": ""Care"",
  ""confidence"": 85,
  ""brief_reason"": ""The image depicts a medical professional (indicated by scrubs and a stethoscope) in a clinical setting, focused on reviewing information on a tablet. This scene strongly implies the act of patient care, such as checking medical records or treatment plans, which aligns with the category of 'Concern for others' well-being'. While the specific patient is not visible, the context of the profession and the action taken are inherently linked to the moral value of Care. It is not clearly 'None of these' because the visual cues of a healthcare provider at work strongly suggest a morally relevant activity related to helping others.""
}"
23-2,images/23-2.jpg,qwen3.6-flash-2026-04-16,None of these / Not clearly moral in nature,95,"The image depicts a group of people engaging in leisure activities (cooking, filming, yoga) in a scenic outdoor setting. There is no visible evidence of suffering, injustice, deception, violation of authority, or other specific moral concerns listed in the categories. While one could infer themes of 'Care' regarding health or well-being, this requires substantial assumption beyond the visual evidence, making it not clearly moral in nature.",success,,1629,119,1748,5.11,2026-08-18T14:11:54.964753+00:00,"{
  ""label"": ""None of these / Not clearly moral in nature"",
  ""confidence"": 95,
  ""brief_reason"": ""The image depicts a group of people engaging in leisure activities (cooking, filming, yoga) in a scenic outdoor setting. There is no visible evidence of suffering, injustice, deception, violation of authority, or other specific moral concerns listed in the categories. While one could infer themes of 'Care' regarding health or well-being, this requires substantial assumption beyond the visual evidence, making it not clearly moral in nature.""
}"
24-1,images/24-1.jpg,qwen3.6-flash-2026-04-16,None of these / Not clearly moral in nature,90,"The image depicts a modern office environment with employees working at computers. While the floor is cluttered with cables and beanbags, suggesting a casual or perhaps chaotic atmosphere, there are no visible actions or conditions that clearly convey moral concerns such as harm, unfairness, betrayal, or degradation. The scene appears to be a standard depiction of workplace activity without evident moral violations.",success,,2077,109,2186,5.114,2026-08-18T14:12:00.583157+00:00,"{
  ""label"": ""None of these / Not clearly moral in nature"",
  ""confidence"": 90,
  ""brief_reason"": ""The image depicts a modern office environment with employees working at computers. While the floor is cluttered with cables and beanbags, suggesting a casual or perhaps chaotic atmosphere, there are no visible actions or conditions that clearly convey moral concerns such as harm, unfairness, betrayal, or degradation. The scene appears to be a standard depiction of workplace activity without evident moral violations.""
}"
24-2,images/24-2.jpg,qwen3.6-flash-2026-04-16,None of these / Not clearly moral in nature,95,"The image depicts a group of people collaborating on an artistic project (graffiti and set design) in a casual, creative environment. The visible actions—painting, discussing, carrying boxes—are cooperative and constructive. There is no visual evidence of harm, unfairness, betrayal, or other negative moral violations. While 'Care' or 'Loyalty' could be inferred as positive traits underlying their cooperation, the scene itself does not convey a specific moral concern or dilemma from the provided list; it primarily illustrates creativity and teamwork.",success,,2077,142,2219,9.139,2026-08-18T14:12:10.228705+00:00,"{
  ""label"": ""None of these / Not clearly moral in nature"",
  ""confidence"": 95,
  ""brief_reason"": ""The image depicts a group of people collaborating on an artistic project (graffiti and set design) in a casual, creative environment. The visible actions—painting, discussing, carrying boxes—are cooperative and constructive. There is no visual evidence of harm, unfairness, betrayal, or other negative moral violations. While 'Care' or 'Loyalty' could be inferred as positive traits underlying their cooperation, the scene itself does not convey a specific moral concern or dilemma from the provided list; it primarily illustrates creativity and teamwork.""
}"
24-3,images/24-3.jpg,qwen3.6-flash-2026-04-16,None of these / Not clearly moral in nature,95,"The image depicts a group of people collaborating in a creative workspace. The visible actions—painting, discussing, carrying boxes, and using laptops—are consistent with cooperative work or artistic creation. There is no visual evidence of suffering, unfair treatment, deception, violation of authority, or other specific moral concerns listed in the categories. While collaboration can imply loyalty or care, the scene itself does not convey a primary moral concern beyond general professional activity.",success,,2077,123,2200,7.532,2026-08-18T14:12:18.271353+00:00,"{
  ""label"": ""None of these / Not clearly moral in nature"",
  ""confidence"": 95,
  ""brief_reason"": ""The image depicts a group of people collaborating in a creative workspace. The visible actions—painting, discussing, carrying boxes, and using laptops—are consistent with cooperative work or artistic creation. There is no visual evidence of suffering, unfair treatment, deception, violation of authority, or other specific moral concerns listed in the categories. While collaboration can imply loyalty or care, the scene itself does not convey a primary moral concern beyond general professional activity.""
}"
25-1,images/25-1.jpg,qwen3.6-flash-2026-04-16,Loyalty,85,"The image depicts a group of people walking together in a unified formation with serious expressions. This visual solidarity and shared purpose strongly convey the theme of loyalty or allegiance to a common cause or group. While the setting (foggy, industrial) might suggest hardship (Care) or oppression (Fairness), there is no visible evidence of active suffering, injustice, or rule-breaking; the primary focus is on the collective unity of the subjects.",success,,2077,116,2193,5.951,2026-08-18T14:12:24.729613+00:00,"{
  ""label"": ""Loyalty"",
  ""confidence"": 85,
  ""brief_reason"": ""The image depicts a group of people walking together in a unified formation with serious expressions. This visual solidarity and shared purpose strongly convey the theme of loyalty or allegiance to a common cause or group. While the setting (foggy, industrial) might suggest hardship (Care) or oppression (Fairness), there is no visible evidence of active suffering, injustice, or rule-breaking; the primary focus is on the collective unity of the subjects.""
}"
25-2,images/25-2.jpg,qwen3.6-flash-2026-04-16,Fairness,95,"The image depicts a public demonstration featuring a large rainbow flag, which is a widely recognized symbol for the LGBTQ+ community. The participants are marching and chanting, actions that typically advocate for civil rights, equality, and social justice. This aligns directly with the category of Fairness, which concerns justice, equality, rights, and equitable outcomes. While 'Loyalty' (solidarity) is present, the primary moral thrust of a protest is usually to demand fair treatment or rectify unfairness.",success,,2077,129,2206,4.857,2026-08-18T14:12:30.092941+00:00,"{
  ""label"": ""Fairness"",
  ""confidence"": 95,
  ""brief_reason"": ""The image depicts a public demonstration featuring a large rainbow flag, which is a widely recognized symbol for the LGBTQ+ community. The participants are marching and chanting, actions that typically advocate for civil rights, equality, and social justice. This aligns directly with the category of Fairness, which concerns justice, equality, rights, and equitable outcomes. While 'Loyalty' (solidarity) is present, the primary moral thrust of a protest is usually to demand fair treatment or rectify unfairness.""
}"
26-1,images/26-1.jpg,qwen3.6-flash-2026-04-16,None of these / Not clearly moral in nature,95,"The image depicts a standard academic lecture scene featuring an instructor teaching evolutionary biology. The visual content includes a professor, students, and educational materials (a projection screen showing a phylogenetic tree, skulls, and insects). There is no visible evidence of suffering, injustice, deception, or violation of dignity. While the subject matter involves death (skulls) and predation (insects), these are presented as scientific data rather than sources of moral harm or degradation. Therefore, no primary moral concern from the provided categories is clearly conveyed.",success,,2077,142,2219,5.011,2026-08-18T14:12:35.614445+00:00,"{
  ""label"": ""None of these / Not clearly moral in nature"",
  ""confidence"": 95,
  ""brief_reason"": ""The image depicts a standard academic lecture scene featuring an instructor teaching evolutionary biology. The visual content includes a professor, students, and educational materials (a projection screen showing a phylogenetic tree, skulls, and insects). There is no visible evidence of suffering, injustice, deception, or violation of dignity. While the subject matter involves death (skulls) and predation (insects), these are presented as scientific data rather than sources of moral harm or degradation. Therefore, no primary moral concern from the provided categories is clearly conveyed.""
}"
26-2,images/26-2.jpg,qwen3.6-flash-2026-04-16,Care,85,"The image depicts a group of people gathered in a comfortable setting, engaging in what appears to be a supportive discussion or study session. The central figure is sharing knowledge or guidance from a book, while others listen attentively. This scene conveys themes of community, mutual support, and the nurturing of understanding, which aligns best with the category of Care. There is no visual evidence of harm, unfairness, or violation of dignity.",success,,2077,115,2192,16.075,2026-08-18T14:12:52.193658+00:00,"{
  ""label"": ""Care"",
  ""confidence"": 85,
  ""brief_reason"": ""The image depicts a group of people gathered in a comfortable setting, engaging in what appears to be a supportive discussion or study session. The central figure is sharing knowledge or guidance from a book, while others listen attentively. This scene conveys themes of community, mutual support, and the nurturing of understanding, which aligns best with the category of Care. There is no visual evidence of harm, unfairness, or violation of dignity.""
}"
27-1,images/27-1.jpg,qwen3.6-flash-2026-04-16,Harm,95,"The image prominently features a woman with tears streaming down her face, indicating visible emotional suffering. The primary moral concern conveyed by this visual evidence is the state of distress and pain (harm) experienced by the subject.",success,,2077,72,2149,11.777,2026-08-18T14:13:04.478019+00:00,"{
  ""label"": ""Harm"",
  ""confidence"": 95,
  ""brief_reason"": ""The image prominently features a woman with tears streaming down her face, indicating visible emotional suffering. The primary moral concern conveyed by this visual evidence is the state of distress and pain (harm) experienced by the subject.""
}"
27-2,images/27-2.jpg,qwen3.6-flash-2026-04-16,None of these / Not clearly moral in nature,85,"The image depicts a woman celebrating a birthday with a cake in a dilapidated building. While the setting is one of decay and destruction (ruins), the subject's action is an act of personal celebration and joy. There are no visible victims, acts of cruelty, unfair treatment, or violations of rights that would fit into categories like Harm, Fairness, or Degradation. The scene appears to be a symbolic juxtaposition of life/joy against decay rather than a depiction of a specific moral conflict or ethical violation.",success,,2077,141,2218,4.797,2026-08-18T14:13:09.781980+00:00,"{
  ""label"": ""None of these / Not clearly moral in nature"",
  ""confidence"": 85,
  ""brief_reason"": ""The image depicts a woman celebrating a birthday with a cake in a dilapidated building. While the setting is one of decay and destruction (ruins), the subject's action is an act of personal celebration and joy. There are no visible victims, acts of cruelty, unfair treatment, or violations of rights that would fit into categories like Harm, Fairness, or Degradation. The scene appears to be a symbolic juxtaposition of life/joy against decay rather than a depiction of a specific moral conflict or ethical violation.""
}"
28-1,images/28-1.jpg,qwen3.6-flash-2026-04-16,Harm,85,"The image depicts a woman in a state of visible distress and exhaustion, characterized by her pained expression, the late hour (indicated by darkness outside), and the overwhelming amount of work surrounding her. This visual evidence points to emotional suffering and mental strain, which falls under the category of Harm. While one might infer 'unfair treatment' (Fairness) regarding workload or labor rights, the primary focus of the image is on the individual's internal suffering rather than an external judgment of justice.",success,,2077,128,2205,12.092,2026-08-18T14:13:22.376902+00:00,"{
  ""label"": ""Harm"",
  ""confidence"": 85,
  ""brief_reason"": ""The image depicts a woman in a state of visible distress and exhaustion, characterized by her pained expression, the late hour (indicated by darkness outside), and the overwhelming amount of work surrounding her. This visual evidence points to emotional suffering and mental strain, which falls under the category of Harm. While one might infer 'unfair treatment' (Fairness) regarding workload or labor rights, the primary focus of the image is on the individual's internal suffering rather than an external judgment of justice.""
}"
28-2,images/28-2.jpg,qwen3.6-flash-2026-04-16,None of these / Not clearly moral in nature,95,"The image depicts a standard social or professional gathering where individuals are conversing and holding drinks. There is no visible evidence of suffering, unfairness, deception, violation of authority, or other specific moral concerns listed in the categories. The scene appears to be a neutral interaction without any clear moral conflict or action.",success,,2077,97,2174,19.388,2026-08-18T14:13:42.272171+00:00,"{
  ""label"": ""None of these / Not clearly moral in nature"",
  ""confidence"": 95,
  ""brief_reason"": ""The image depicts a standard social or professional gathering where individuals are conversing and holding drinks. There is no visible evidence of suffering, unfairness, deception, violation of authority, or other specific moral concerns listed in the categories. The scene appears to be a neutral interaction without any clear moral conflict or action.""
}"
29-1,images/29-1.jpg,qwen3.6-flash-2026-04-16,None of these / Not clearly moral in nature,95,"The image depicts a person engaged in the craft of pottery with focus and care. While the act itself could be interpreted as 'Care' (nurturing/creating) or 'Sanctity' (respect for tradition/material), the scene is primarily a portrait of artistic concentration and skill. There are no visible elements indicating vulnerability, suffering, injustice, deception, or specific moral obligations being fulfilled or violated. Classifying this as a primary moral concern requires inferring intent or context that is not explicitly present.",success,,2077,137,2214,5.784,2026-08-18T14:13:48.564992+00:00,"{
  ""label"": ""None of these / Not clearly moral in nature"",
  ""confidence"": 95,
  ""brief_reason"": ""The image depicts a person engaged in the craft of pottery with focus and care. While the act itself could be interpreted as 'Care' (nurturing/creating) or 'Sanctity' (respect for tradition/material), the scene is primarily a portrait of artistic concentration and skill. There are no visible elements indicating vulnerability, suffering, injustice, deception, or specific moral obligations being fulfilled or violated. Classifying this as a primary moral concern requires inferring intent or context that is not explicitly present.""
}"
29-2,images/29-2.jpg,qwen3.6-flash-2026-04-16,Harm,75,"The image depicts a man in visible physical distress, indicated by his facial expression and gesture of pinching his nose while standing in the rain. This visual evidence points to suffering or discomfort (a form of harm). While 'Care' is plausible as a reaction to this state, the primary focus of the image is on the subject's negative experience rather than an act of helping. The classification is not higher because the specific cause of the distress (e.g., illness vs. weather) is ambiguous.",success,,2077,128,2205,10.041,2026-08-18T14:13:59.124581+00:00,"{
  ""label"": ""Harm"",
  ""confidence"": 75,
  ""brief_reason"": ""The image depicts a man in visible physical distress, indicated by his facial expression and gesture of pinching his nose while standing in the rain. This visual evidence points to suffering or discomfort (a form of harm). While 'Care' is plausible as a reaction to this state, the primary focus of the image is on the subject's negative experience rather than an act of helping. The classification is not higher because the specific cause of the distress (e.g., illness vs. weather) is ambiguous.""
}"
30-1,images/30-1.jpg,qwen3.6-flash-2026-04-16,None of these / Not clearly moral in nature,95,"The image depicts a person engaged in a creative hobby (pottery) and studying in a peaceful studio environment. There is no visible evidence of suffering, injustice, deception, conflict, or violation of rights. While the scene conveys positive themes like creativity and focus, it does not present a specific moral concern or dilemma from the provided categories.",success,,2077,104,2181,12.433,2026-08-18T14:14:12.063602+00:00,"{
  ""label"": ""None of these / Not clearly moral in nature"",
  ""confidence"": 95,
  ""brief_reason"": ""The image depicts a person engaged in a creative hobby (pottery) and studying in a peaceful studio environment. There is no visible evidence of suffering, injustice, deception, conflict, or violation of rights. While the scene conveys positive themes like creativity and focus, it does not present a specific moral concern or dilemma from the provided categories.""
}"
30-2,images/30-2.jpg,qwen3.6-flash-2026-04-16,None of these / Not clearly moral in nature,95,"The image depicts a futuristic scene with people using technology and autonomous vehicles. While the setting implies advanced surveillance or data collection (visible screens), there is no visible evidence of active harm, unfair treatment, violation of rights, or specific moral conflict. The subjects appear neutral and engaged in routine activities. Inferring 'harm' from the mere presence of surveillance technology requires assumptions not supported by the visual evidence.",success,,2077,116,2193,7.271,2026-08-18T14:14:19.842145+00:00,"{
  ""label"": ""None of these / Not clearly moral in nature"",
  ""confidence"": 95,
  ""brief_reason"": ""The image depicts a futuristic scene with people using technology and autonomous vehicles. While the setting implies advanced surveillance or data collection (visible screens), there is no visible evidence of active harm, unfair treatment, violation of rights, or specific moral conflict. The subjects appear neutral and engaged in routine activities. Inferring 'harm' from the mere presence of surveillance technology requires assumptions not supported by the visual evidence.""
}"
31-1,images/31-1.jpg,qwen3.6-flash-2026-04-16,Harm,85,"The image depicts a scene of severe destruction and ruin, characterized by a collapsed ceiling, rubble-strewn floors, and a view of destroyed buildings outside. This visual evidence strongly implies the aftermath of violence or disaster, representing physical harm and suffering. While the Christmas tree suggests resilience (Care) or defiance (Subversion), the dominant context is the devastation itself.",success,,2077,101,2178,11.984,2026-08-18T14:14:32.333076+00:00,"{
  ""label"": ""Harm"",
  ""confidence"": 85,
  ""brief_reason"": ""The image depicts a scene of severe destruction and ruin, characterized by a collapsed ceiling, rubble-strewn floors, and a view of destroyed buildings outside. This visual evidence strongly implies the aftermath of violence or disaster, representing physical harm and suffering. While the Christmas tree suggests resilience (Care) or defiance (Subversion), the dominant context is the devastation itself.""
}"
31-2,images/31-2.jpg,qwen3.6-flash-2026-04-16,Degradation,85,"The image depicts a scene of stark contrast where symbols of celebration and innocence (a birthday party with colorful balloons and cakes) are placed in a setting of decay, filth, and abandonment. This juxtaposition visually conveys the desecration or contamination of something pure or joyful by a squalid environment, which aligns with the category of Degradation. While one might infer neglect (Care), the primary visual impact is the degradation of the festive setup itself.",success,,2077,124,2201,10.252,2026-08-18T14:14:43.087906+00:00,"{
  ""label"": ""Degradation"",
  ""confidence"": 85,
  ""brief_reason"": ""The image depicts a scene of stark contrast where symbols of celebration and innocence (a birthday party with colorful balloons and cakes) are placed in a setting of decay, filth, and abandonment. This juxtaposition visually conveys the desecration or contamination of something pure or joyful by a squalid environment, which aligns with the category of Degradation. While one might infer neglect (Care), the primary visual impact is the degradation of the festive setup itself.""
}"
31-3,images/31-3.jpg,qwen3.6-flash-2026-04-16,None of these / Not clearly moral in nature,95,"The image depicts a surreal scene of an abandoned room decorated for a party. While the setting involves decay and neglect (ruined walls, rusted barrel), there are no people present to experience suffering, unfairness, or violation. The visual elements suggest themes of abandonment, nostalgia, or the contrast between celebration and ruin, but do not convey a primary moral concern regarding the welfare, rights, or dignity of any subject.",success,,2077,120,2197,5.585,2026-08-18T14:14:49.178004+00:00,"{
  ""label"": ""None of these / Not clearly moral in nature"",
  ""confidence"": 95,
  ""brief_reason"": ""The image depicts a surreal scene of an abandoned room decorated for a party. While the setting involves decay and neglect (ruined walls, rusted barrel), there are no people present to experience suffering, unfairness, or violation. The visual elements suggest themes of abandonment, nostalgia, or the contrast between celebration and ruin, but do not convey a primary moral concern regarding the welfare, rights, or dignity of any subject.""
}"
32-1,images/32-1.jpg,qwen3.6-flash-2026-04-16,None of these / Not clearly moral in nature,95,"The image depicts a scientist in a laboratory holding a beaker with blue liquid. While the setting implies scientific work which can have moral implications (e.g., safety, research ethics), the visual content itself is neutral and professional. There are no visible signs of harm, unfairness, cheating, or specific care-giving actions that would map to the provided moral categories. The scene represents a standard occupational activity without any evident moral conflict or violation.",success,,2077,124,2201,11.477,2026-08-18T14:15:01.160514+00:00,"{
  ""label"": ""None of these / Not clearly moral in nature"",
  ""confidence"": 95,
  ""brief_reason"": ""The image depicts a scientist in a laboratory holding a beaker with blue liquid. While the setting implies scientific work which can have moral implications (e.g., safety, research ethics), the visual content itself is neutral and professional. There are no visible signs of harm, unfairness, cheating, or specific care-giving actions that would map to the provided moral categories. The scene represents a standard occupational activity without any evident moral conflict or violation.""
}"
32-2,images/32-2.jpg,qwen3.6-flash-2026-04-16,Harm,95,"The image depicts a scene of widespread destruction and violence, characterized by burning buildings, thick smoke, debris-strewn streets, and emergency vehicles. The central figure appears distressed amidst this chaos. This visual evidence strongly supports 'Harm' as the primary moral concern, reflecting physical suffering, injury, and the destructive consequences of conflict or disaster.",success,,2077,97,2174,10.918,2026-08-18T14:15:12.583278+00:00,"{
  ""label"": ""Harm"",
  ""confidence"": 95,
  ""brief_reason"": ""The image depicts a scene of widespread destruction and violence, characterized by burning buildings, thick smoke, debris-strewn streets, and emergency vehicles. The central figure appears distressed amidst this chaos. This visual evidence strongly supports 'Harm' as the primary moral concern, reflecting physical suffering, injury, and the destructive consequences of conflict or disaster.""
}"
32-3,images/32-3.jpg,qwen3.6-flash-2026-04-16,Care,85,"The image depicts an air traffic controller in a control tower at night, monitoring radar screens and overseeing air traffic. The primary moral concern conveyed by this scene is the responsibility to ensure the safety of others (passengers and crew), which falls under 'Care' (protection from harm). While the role involves authority ('Respect / Authority'), the fundamental ethical weight of air traffic control lies in the protection of life and well-being. There is no visual evidence of harm, unfairness, or violation of dignity.",success,,2077,130,2207,11.381,2026-08-18T14:15:24.471972+00:00,"{
  ""label"": ""Care"",
  ""confidence"": 85,
  ""brief_reason"": ""The image depicts an air traffic controller in a control tower at night, monitoring radar screens and overseeing air traffic. The primary moral concern conveyed by this scene is the responsibility to ensure the safety of others (passengers and crew), which falls under 'Care' (protection from harm). While the role involves authority ('Respect / Authority'), the fundamental ethical weight of air traffic control lies in the protection of life and well-being. There is no visual evidence of harm, unfairness, or violation of dignity.""
}"
33-1,images/33-1.jpg,qwen3.6-flash-2026-04-16,Care,85,"The image depicts a visibly exhausted and vulnerable boxer sitting in the ring during a break, while his cornerman stands behind him holding a towel, ready to assist. This scene strongly conveys a moral concern for the well-being of the fighter and the act of providing support and protection from harm (dehydration, fatigue) inherent in the sport. While 'Harm' is relevant to boxing generally, the specific interaction shown focuses on the mitigation of suffering through care.",success,,2077,120,2197,5.333,2026-08-18T14:15:30.313046+00:00,"{
  ""label"": ""Care"",
  ""confidence"": 85,
  ""brief_reason"": ""The image depicts a visibly exhausted and vulnerable boxer sitting in the ring during a break, while his cornerman stands behind him holding a towel, ready to assist. This scene strongly conveys a moral concern for the well-being of the fighter and the act of providing support and protection from harm (dehydration, fatigue) inherent in the sport. While 'Harm' is relevant to boxing generally, the specific interaction shown focuses on the mitigation of suffering through care.""
}"
33-2,images/33-2.jpg,qwen3.6-flash-2026-04-16,Care,85,"The image depicts a vulnerable scene where an exhausted boxer is being supported by a standing figure who has placed a hand on his shoulder. This gesture and the context of a locker room after a fight strongly convey themes of support, mentorship, and concern for well-being (Care). While 'Harm' is a plausible alternative due to the physical toll visible on the boxer, the primary interaction between the two figures appears supportive rather than abusive or violent.",success,,2077,117,2194,15.064,2026-08-18T14:15:45.883131+00:00,"{
  ""label"": ""Care"",
  ""confidence"": 85,
  ""brief_reason"": ""The image depicts a vulnerable scene where an exhausted boxer is being supported by a standing figure who has placed a hand on his shoulder. This gesture and the context of a locker room after a fight strongly convey themes of support, mentorship, and concern for well-being (Care). While 'Harm' is a plausible alternative due to the physical toll visible on the boxer, the primary interaction between the two figures appears supportive rather than abusive or violent.""
}"
33-3,images/33-3.jpg,qwen3.6-flash-2026-04-16,None of these / Not clearly moral in nature,85,"The image depicts a man sitting on a sofa holding a telephone receiver with a serious expression. While the mood is somber or tense, there are no visible actions involving care, harm, unfairness, cheating, loyalty, betrayal, authority issues, sanctity violations, or degradation. The scene appears to be a portrait or narrative moment without clear evidence of a specific moral transgression or ethical dilemma from the provided categories.",success,,2077,119,2196,4.766,2026-08-18T14:15:51.157388+00:00,"{
  ""label"": ""None of these / Not clearly moral in nature"",
  ""confidence"": 85,
  ""brief_reason"": ""The image depicts a man sitting on a sofa holding a telephone receiver with a serious expression. While the mood is somber or tense, there are no visible actions involving care, harm, unfairness, cheating, loyalty, betrayal, authority issues, sanctity violations, or degradation. The scene appears to be a portrait or narrative moment without clear evidence of a specific moral transgression or ethical dilemma from the provided categories.""
}"
33-4,images/33-4.jpg,qwen3.6-flash-2026-04-16,Care,85,"The image depicts three individuals in a waiting room setting with expressions of anxiety, sadness, and concern. The woman holds rosary beads, suggesting spiritual distress or prayer for a loved one, while the man in the foreground looks worried. This atmosphere strongly implies they are waiting for news regarding someone's health or safety (a vulnerable condition), which primarily engages the moral concern of Care (concern for well-being and vulnerability). While 'Harm' is related to the potential bad news, the visible action is the emotional burden and need for support, making Care the most accurate classification.",success,,2077,143,2220,5.631,2026-08-18T14:15:57.290120+00:00,"{
  ""label"": ""Care"",
  ""confidence"": 85,
  ""brief_reason"": ""The image depicts three individuals in a waiting room setting with expressions of anxiety, sadness, and concern. The woman holds rosary beads, suggesting spiritual distress or prayer for a loved one, while the man in the foreground looks worried. This atmosphere strongly implies they are waiting for news regarding someone's health or safety (a vulnerable condition), which primarily engages the moral concern of Care (concern for well-being and vulnerability). While 'Harm' is related to the potential bad news, the visible action is the emotional burden and need for support, making Care the most accurate classification.""
}"
34-1,images/34-1.jpg,qwen3.6-flash-2026-04-16,Harm,85,"The image depicts a person isolated in a sterile, cage-like room under constant surveillance by multiple cameras. The visible text 'OBSERVATION PROTOCOL - NO CONTACT' and the countdown timer labeled 'CRITICAL' suggest a situation of enforced confinement and psychological pressure. This environment implies emotional suffering, distress, and potential abuse through isolation, which aligns best with the category of Harm. While elements like 'Respect / Authority' (protocols) are present, they serve as the mechanism for the harm rather than being the primary moral concern themselves.",success,,2077,138,2215,11.077,2026-08-18T14:16:08.889977+00:00,"{
  ""label"": ""Harm"",
  ""confidence"": 85,
  ""brief_reason"": ""The image depicts a person isolated in a sterile, cage-like room under constant surveillance by multiple cameras. The visible text 'OBSERVATION PROTOCOL - NO CONTACT' and the countdown timer labeled 'CRITICAL' suggest a situation of enforced confinement and psychological pressure. This environment implies emotional suffering, distress, and potential abuse through isolation, which aligns best with the category of Harm. While elements like 'Respect / Authority' (protocols) are present, they serve as the mechanism for the harm rather than being the primary moral concern themselves.""
}"
34-2,images/34-2.jpg,qwen3.6-flash-2026-04-16,None of these / Not clearly moral in nature,95,"The image depicts a person engaged in technical work (electronics repair) within a workshop setting. While the scene involves competence and focus, it does not visually convey any specific moral action or condition such as care for others, harm, unfairness, cheating, loyalty, betrayal, respect for authority, subversion, sanctity, or degradation. There is no visible evidence of vulnerability, suffering, injustice, deception, or violation of dignity. Therefore, no primary moral concern from the provided categories is clearly present.",success,,2077,136,2213,5.373,2026-08-18T14:16:14.779148+00:00,"{
  ""label"": ""None of these / Not clearly moral in nature"",
  ""confidence"": 95,
  ""brief_reason"": ""The image depicts a person engaged in technical work (electronics repair) within a workshop setting. While the scene involves competence and focus, it does not visually convey any specific moral action or condition such as care for others, harm, unfairness, cheating, loyalty, betrayal, respect for authority, subversion, sanctity, or degradation. There is no visible evidence of vulnerability, suffering, injustice, deception, or violation of dignity. Therefore, no primary moral concern from the provided categories is clearly present.""
}"
34-3,images/34-3.jpg,qwen3.6-flash-2026-04-16,None of these / Not clearly moral in nature,95,"The image depicts a high-pressure work environment involving technical repair and quality control. While the scene conveys themes of stress, urgency, and diligence through visual cues like sweat, a countdown timer, and 'Critical Batch' labels, it does not depict any specific moral violation such as harm, unfairness, cheating, or disrespect. The situation appears to be a professional challenge rather than a moral dilemma.",success,,2077,115,2192,11.374,2026-08-18T14:16:26.668413+00:00,"{
  ""label"": ""None of these / Not clearly moral in nature"",
  ""confidence"": 95,
  ""brief_reason"": ""The image depicts a high-pressure work environment involving technical repair and quality control. While the scene conveys themes of stress, urgency, and diligence through visual cues like sweat, a countdown timer, and 'Critical Batch' labels, it does not depict any specific moral violation such as harm, unfairness, cheating, or disrespect. The situation appears to be a professional challenge rather than a moral dilemma.""
}"
34-4,images/34-4.jpg,qwen3.6-flash-2026-04-16,Harm,90,"The image depicts a person in a state of visible distress and vulnerability within a degrading environment. The visual evidence includes the subject's huddled posture, the 'CRITICAL STRESS' medical readings (heart rate, respiration), and the 'PROTOCOL FAILURE' stamp, all of which strongly convey physical or emotional suffering and harm rather than abstract concepts like fairness or loyalty.",success,,2077,104,2181,13.036,2026-08-18T14:16:40.212718+00:00,"{
  ""label"": ""Harm"",
  ""confidence"": 90,
  ""brief_reason"": ""The image depicts a person in a state of visible distress and vulnerability within a degrading environment. The visual evidence includes the subject's huddled posture, the 'CRITICAL STRESS' medical readings (heart rate, respiration), and the 'PROTOCOL FAILURE' stamp, all of which strongly convey physical or emotional suffering and harm rather than abstract concepts like fairness or loyalty.""
}"
35-1,images/35-1.jpg,qwen3.6-flash-2026-04-16,None of these / Not clearly moral in nature,95,"The image depicts a group of colleagues celebrating at an office holiday party. The visible elements—smiling faces, festive decorations ('Happy Holidays'), and celebratory drinks—convey a sense of camaraderie and joy. There is no visual evidence of suffering, unfairness, deception, or violation of dignity. While the scene implies social bonding (which could loosely relate to Loyalty), it does not depict a specific moral action or conflict that fits the defined categories of Care, Fairness, or Harm. Therefore, it is best classified as not clearly having a primary moral concern from the list.",success,,2065,155,2220,15.159,2026-08-18T14:16:55.881178+00:00,"{
  ""label"": ""None of these / Not clearly moral in nature"",
  ""confidence"": 95,
  ""brief_reason"": ""The image depicts a group of colleagues celebrating at an office holiday party. The visible elements—smiling faces, festive decorations ('Happy Holidays'), and celebratory drinks—convey a sense of camaraderie and joy. There is no visual evidence of suffering, unfairness, deception, or violation of dignity. While the scene implies social bonding (which could loosely relate to Loyalty), it does not depict a specific moral action or conflict that fits the defined categories of Care, Fairness, or Harm. Therefore, it is best classified as not clearly having a primary moral concern from the list.""
}"
35-2,images/35-2.jpg,qwen3.6-flash-2026-04-16,Loyalty,85,"The image depicts a group of people gathered for a 'Family Reunion,' as indicated by the banner and t-shirt. The primary visual theme is the gathering of kin, which inherently represents solidarity, commitment, and allegiance to one's family group. While the scene conveys positive emotions like happiness (which could loosely relate to Care), the specific context of a reunion makes Loyalty the most precise category for the moral concern of maintaining family bonds.",success,,2109,118,2227,14.421,2026-08-18T14:17:10.818326+00:00,"{
  ""label"": ""Loyalty"",
  ""confidence"": 85,
  ""brief_reason"": ""The image depicts a group of people gathered for a 'Family Reunion,' as indicated by the banner and t-shirt. The primary visual theme is the gathering of kin, which inherently represents solidarity, commitment, and allegiance to one's family group. While the scene conveys positive emotions like happiness (which could loosely relate to Care), the specific context of a reunion makes Loyalty the most precise category for the moral concern of maintaining family bonds.""
}"
35-3,images/35-3.jpg,qwen3.6-flash-2026-04-16,None of these / Not clearly moral in nature,95,"The image depicts a standard wedding reception scene featuring a bride and groom celebrating with guests. While the event involves social norms (Respect) and interpersonal bonds (Loyalty/Care), the visual content itself does not convey a specific moral concern such as harm, unfairness, betrayal, or violation of dignity. It is a celebratory documentation of an event rather than a depiction of a moral dilemma or ethical issue.",success,,2077,119,2196,6.638,2026-08-18T14:17:17.962725+00:00,"{
  ""label"": ""None of these / Not clearly moral in nature"",
  ""confidence"": 95,
  ""brief_reason"": ""The image depicts a standard wedding reception scene featuring a bride and groom celebrating with guests. While the event involves social norms (Respect) and interpersonal bonds (Loyalty/Care), the visual content itself does not convey a specific moral concern such as harm, unfairness, betrayal, or violation of dignity. It is a celebratory documentation of an event rather than a depiction of a moral dilemma or ethical issue.""
}"
35-4,images/35-4.jpg,qwen3.6-flash-2026-04-16,Loyalty,85,"The image depicts a cohesive group of colleagues celebrating success together, indicated by their unified positive expressions, gestures (high-fives, thumbs up), and the 'TEAM BRIGHT FUTURE' branding. This visual evidence strongly supports the theme of solidarity and commitment to a shared group goal, which aligns with Loyalty. While Care is present in the form of mutual support, the dominant narrative is one of collective achievement and team spirit rather than specific acts of nurturing or protection.",success,,2077,124,2201,4.899,2026-08-18T14:17:23.369332+00:00,"{
  ""label"": ""Loyalty"",
  ""confidence"": 85,
  ""brief_reason"": ""The image depicts a cohesive group of colleagues celebrating success together, indicated by their unified positive expressions, gestures (high-fives, thumbs up), and the 'TEAM BRIGHT FUTURE' branding. This visual evidence strongly supports the theme of solidarity and commitment to a shared group goal, which aligns with Loyalty. While Care is present in the form of mutual support, the dominant narrative is one of collective achievement and team spirit rather than specific acts of nurturing or protection.""
}"
36-1,images/36-1.jpg,qwen3.6-flash-2026-04-16,Harm,85,"The image prominently features a backdrop of destroyed buildings and smoke rising from the distance, which are direct visual indicators of violence, conflict, and destruction. While the foreground subjects appear happy (potentially suggesting resilience or care), the primary moral context established by the environment is the presence of harm and its aftermath.",success,,2077,89,2166,20.202,2026-08-18T14:17:44.076486+00:00,"{
  ""label"": ""Harm"",
  ""confidence"": 85,
  ""brief_reason"": ""The image prominently features a backdrop of destroyed buildings and smoke rising from the distance, which are direct visual indicators of violence, conflict, and destruction. While the foreground subjects appear happy (potentially suggesting resilience or care), the primary moral context established by the environment is the presence of harm and its aftermath.""
}"
36-2,images/36-2.jpg,qwen3.6-flash-2026-04-16,Care,85,"The image depicts a scene of mutual support and emotional comfort among three individuals in what appears to be a difficult environment (indicated by tents and military vehicles). The visible laughter, physical closeness, and shared music convey a strong sense of compassion, solidarity, and care for one another's well-being amidst hardship. While the background suggests potential harm or unfairness, the primary focus of the image is on the positive human connection and support.",success,,2077,115,2192,14.562,2026-08-18T14:17:59.146019+00:00,"{
  ""label"": ""Care"",
  ""confidence"": 85,
  ""brief_reason"": ""The image depicts a scene of mutual support and emotional comfort among three individuals in what appears to be a difficult environment (indicated by tents and military vehicles). The visible laughter, physical closeness, and shared music convey a strong sense of compassion, solidarity, and care for one another's well-being amidst hardship. While the background suggests potential harm or unfairness, the primary focus of the image is on the positive human connection and support.""
}"
36-3,images/36-3.jpg,qwen3.6-flash-2026-04-16,Care,85,"The image depicts children playing in a visibly dangerous and degraded environment (ruined buildings, debris, military vehicle). The primary moral concern conveyed is the vulnerability of these children and their need for protection and well-being. While 'Harm' is relevant due to the setting, the focus on the children's interaction and resilience highlights their welfare. 'None of these' is less appropriate because the scene clearly evokes moral concerns regarding child welfare.",success,,2077,115,2192,5.312,2026-08-18T14:18:04.965467+00:00,"{
  ""label"": ""Care"",
  ""confidence"": 85,
  ""brief_reason"": ""The image depicts children playing in a visibly dangerous and degraded environment (ruined buildings, debris, military vehicle). The primary moral concern conveyed is the vulnerability of these children and their need for protection and well-being. While 'Harm' is relevant due to the setting, the focus on the children's interaction and resilience highlights their welfare. 'None of these' is less appropriate because the scene clearly evokes moral concerns regarding child welfare.""
}"
37-1,images/37-1.jpg,qwen3.6-flash-2026-04-16,Cheating,85,"The image depicts a man in a suit using professional filming equipment (lighting, camera on tripod) to stage a scene with a homeless man. He is holding cash and a phone displaying the 'live' feed, suggesting he is manufacturing a narrative of charity or interaction for content creation rather than engaging in genuine assistance. This visual evidence points to deception, exploitation, and gaining an unfair advantage (content/views) through manipulation, which aligns best with the category of Cheating.",success,,2077,124,2201,4.926,2026-08-18T14:18:10.399432+00:00,"{
  ""label"": ""Cheating"",
  ""confidence"": 85,
  ""brief_reason"": ""The image depicts a man in a suit using professional filming equipment (lighting, camera on tripod) to stage a scene with a homeless man. He is holding cash and a phone displaying the 'live' feed, suggesting he is manufacturing a narrative of charity or interaction for content creation rather than engaging in genuine assistance. This visual evidence points to deception, exploitation, and gaining an unfair advantage (content/views) through manipulation, which aligns best with the category of Cheating.""
}"
37-2,images/37-2.jpg,qwen3.6-flash-2026-04-16,None of these / Not clearly moral in nature,95,"The image depicts a staged photoshoot or video recording session where a woman is presenting food to a camera. While the scene involves artificial lighting and a constructed backdrop, there are no visible elements indicating harm, unfairness, violation of rights, or other specific moral concerns listed in the categories. The primary subject is content creation, which does not inherently convey a moral issue based on visual evidence alone.",success,,2077,114,2191,29.623,2026-08-18T14:18:40.527716+00:00,"{
  ""label"": ""None of these / Not clearly moral in nature"",
  ""confidence"": 95,
  ""brief_reason"": ""The image depicts a staged photoshoot or video recording session where a woman is presenting food to a camera. While the scene involves artificial lighting and a constructed backdrop, there are no visible elements indicating harm, unfairness, violation of rights, or other specific moral concerns listed in the categories. The primary subject is content creation, which does not inherently convey a moral issue based on visual evidence alone.""
}"
37-3,images/37-3.jpg,qwen3.6-flash-2026-04-16,Harm,85,"The image visually depicts a person in a state of severe emotional distress and suffering. The subject's red eyes, tearful expression, and posture (holding her head) clearly convey psychological pain or trauma. The surrounding environment—messy room, trash, discarded food—reinforces a narrative of decline and self-neglect associated with this suffering. While the context suggests social media usage might be a trigger, the primary moral concern conveyed by the visual evidence is the visible harm and vulnerability of the individual.",success,,2077,129,2206,7.328,2026-08-18T14:18:48.370931+00:00,"{
  ""label"": ""Harm"",
  ""confidence"": 85,
  ""brief_reason"": ""The image visually depicts a person in a state of severe emotional distress and suffering. The subject's red eyes, tearful expression, and posture (holding her head) clearly convey psychological pain or trauma. The surrounding environment—messy room, trash, discarded food—reinforces a narrative of decline and self-neglect associated with this suffering. While the context suggests social media usage might be a trigger, the primary moral concern conveyed by the visual evidence is the visible harm and vulnerability of the individual.""
}"
37-4,images/37-4.jpg,qwen3.6-flash-2026-04-16,None of these / Not clearly moral in nature,95,"The image depicts a woman taking a selfie while enjoying brunch. The visible elements (food, drink, phone, decor) and the text overlay ('Brunch & Besties', 'Good Vibes Only') convey themes of lifestyle, leisure, and social sharing. There is no visual evidence of vulnerability, suffering, injustice, deception, or any other action that fits into the specific moral categories provided.",success,,2077,115,2192,11.84,2026-08-18T14:19:00.717900+00:00,"{
  ""label"": ""None of these / Not clearly moral in nature"",
  ""confidence"": 95,
  ""brief_reason"": ""The image depicts a woman taking a selfie while enjoying brunch. The visible elements (food, drink, phone, decor) and the text overlay ('Brunch & Besties', 'Good Vibes Only') convey themes of lifestyle, leisure, and social sharing. There is no visual evidence of vulnerability, suffering, injustice, deception, or any other action that fits into the specific moral categories provided.""
}"
38-1,images/38-1.jpg,qwen3.6-flash-2026-04-16,Care,75,"The image features a potted succulent placed on a stump in the middle of a wild, overgrown area. This placement suggests an act of nurturing or tending to a specific plant within a chaotic environment, which aligns with the concept of Care (nurturing, support). However, the classification is not definitive because the scene could also be interpreted as simply documenting a random object in nature without implying a moral intent.",success,,2067,113,2180,121.144,2026-08-18T14:21:02.366408+00:00,"{
  ""label"": ""Care"",
  ""confidence"": 75,
  ""brief_reason"": ""The image features a potted succulent placed on a stump in the middle of a wild, overgrown area. This placement suggests an act of nurturing or tending to a specific plant within a chaotic environment, which aligns with the concept of Care (nurturing, support). However, the classification is not definitive because the scene could also be interpreted as simply documenting a random object in nature without implying a moral intent.""
}"
38-2,images/38-2.jpg,qwen3.6-flash-2026-04-16,Harm,85,"The image depicts a landscape that has been subjected to a destructive event, likely a fire, resulting in scorched earth, burnt vegetation, and dead trees. This visual evidence of environmental destruction and the obliteration of life supports the category of Harm, which covers actions or conditions causing injury or suffering. While one might infer negligence (Cheating) or a lack of stewardship (Care), the primary visible reality is the damage itself.",success,,2077,115,2192,21.461,2026-08-18T14:21:24.330461+00:00,"{
  ""label"": ""Harm"",
  ""confidence"": 85,
  ""brief_reason"": ""The image depicts a landscape that has been subjected to a destructive event, likely a fire, resulting in scorched earth, burnt vegetation, and dead trees. This visual evidence of environmental destruction and the obliteration of life supports the category of Harm, which covers actions or conditions causing injury or suffering. While one might infer negligence (Cheating) or a lack of stewardship (Care), the primary visible reality is the damage itself.""
}"
38-3,images/38-3.jpg,qwen3.6-flash-2026-04-16,Harm,85,"The image visually depicts the aftermath of a destructive event, likely a fire, characterized by scorched earth, burnt tree stumps, and a hazy atmosphere. This represents significant physical damage to the environment. While new growth is visible, the dominant visual evidence points to injury and destruction (harm) rather than active care or abstract fairness issues.",success,,2067,98,2165,5.433,2026-08-18T14:21:30.270683+00:00,"{
  ""label"": ""Harm"",
  ""confidence"": 85,
  ""brief_reason"": ""The image visually depicts the aftermath of a destructive event, likely a fire, characterized by scorched earth, burnt tree stumps, and a hazy atmosphere. This represents significant physical damage to the environment. While new growth is visible, the dominant visual evidence points to injury and destruction (harm) rather than active care or abstract fairness issues.""
}"
38-4,images/38-4.jpg,qwen3.6-flash-2026-04-16,Care,95,"The image depicts a scene of nurturing and maintenance. A copper watering can is actively misting the plants, indicating an act of providing for their needs (water/humidity) to ensure their well-being. The arrangement of various healthy houseplants on a windowsill suggests a dedicated effort to protect and cultivate life, which aligns directly with the category of Care.",success,,2077,99,2176,4.872,2026-08-18T14:21:35.649987+00:00,"{
  ""label"": ""Care"",
  ""confidence"": 95,
  ""brief_reason"": ""The image depicts a scene of nurturing and maintenance. A copper watering can is actively misting the plants, indicating an act of providing for their needs (water/humidity) to ensure their well-being. The arrangement of various healthy houseplants on a windowsill suggests a dedicated effort to protect and cultivate life, which aligns directly with the category of Care.""
}"
39-1,images/39-1.jpg,qwen3.6-flash-2026-04-16,None of these / Not clearly moral in nature,95,"The image depicts a messy bedroom with an unmade bed and items scattered on the floor. While this could be interpreted as a lack of care or orderliness, it is a neutral domestic scene that does not convey a clear moral concern such as harm, unfairness, betrayal, or violation of dignity. There are no people present to suggest vulnerability or suffering, and the state of the room does not inherently imply a moral failing or ethical dilemma.",success,,2077,124,2201,23.235,2026-08-18T14:21:59.391161+00:00,"{
  ""label"": ""None of these / Not clearly moral in nature"",
  ""confidence"": 95,
  ""brief_reason"": ""The image depicts a messy bedroom with an unmade bed and items scattered on the floor. While this could be interpreted as a lack of care or orderliness, it is a neutral domestic scene that does not convey a clear moral concern such as harm, unfairness, betrayal, or violation of dignity. There are no people present to suggest vulnerability or suffering, and the state of the room does not inherently imply a moral failing or ethical dilemma.""
}"
39-2,images/39-2.jpg,qwen3.6-flash-2026-04-16,None of these / Not clearly moral in nature,95,"The image depicts a quiet, solitary scene in a laundromat at night. While the atmosphere is melancholic or lonely, there are no visible actions involving care, harm, unfairness, cheating, loyalty, betrayal, respect, subversion, sanctity, or degradation. The scene represents a mundane activity or a mood rather than a specific moral situation or conflict.",success,,2077,110,2187,15.858,2026-08-18T14:22:15.757151+00:00,"{
  ""label"": ""None of these / Not clearly moral in nature"",
  ""confidence"": 95,
  ""brief_reason"": ""The image depicts a quiet, solitary scene in a laundromat at night. While the atmosphere is melancholic or lonely, there are no visible actions involving care, harm, unfairness, cheating, loyalty, betrayal, respect, subversion, sanctity, or degradation. The scene represents a mundane activity or a mood rather than a specific moral situation or conflict.""
}"
39-3,images/39-3.jpg,qwen3.6-flash-2026-04-16,None of these / Not clearly moral in nature,95,"The image depicts a quiet, domestic scene featuring a meal, a book, and a smartphone on a table. While the atmosphere is peaceful, there are no visible actions or conditions that convey a primary moral concern such as care, harm, fairness, or respect. The scene represents a neutral state of daily life without evidence of moral conflict, vulnerability, or ethical significance.",success,,2077,109,2186,5.525,2026-08-18T14:22:21.788756+00:00,"{
  ""label"": ""None of these / Not clearly moral in nature"",
  ""confidence"": 95,
  ""brief_reason"": ""The image depicts a quiet, domestic scene featuring a meal, a book, and a smartphone on a table. While the atmosphere is peaceful, there are no visible actions or conditions that convey a primary moral concern such as care, harm, fairness, or respect. The scene represents a neutral state of daily life without evidence of moral conflict, vulnerability, or ethical significance.""
}"
39-4,images/39-4.jpg,qwen3.6-flash-2026-04-16,None of these / Not clearly moral in nature,95,"The image depicts a static, atmospheric scene of an attic containing toys, a chest, and furniture. While the mood is nostalgic or melancholic, there are no visible actions, interactions, or conditions that convey a primary moral concern such as harm, unfairness, care, or betrayal. The scene appears to be a still life rather than a depiction of a moral situation.",success,,2077,110,2187,4.755,2026-08-18T14:22:27.047185+00:00,"{
  ""label"": ""None of these / Not clearly moral in nature"",
  ""confidence"": 95,
  ""brief_reason"": ""The image depicts a static, atmospheric scene of an attic containing toys, a chest, and furniture. While the mood is nostalgic or melancholic, there are no visible actions, interactions, or conditions that convey a primary moral concern such as harm, unfairness, care, or betrayal. The scene appears to be a still life rather than a depiction of a moral situation.""
}"
39-5,images/39-5.jpg,qwen3.6-flash-2026-04-16,None of these / Not clearly moral in nature,95,"The image depicts a static interior scene featuring a door, shoes, a backpack, and keys. There are no people, animals, or actions visible that convey moral themes such as care, harm, fairness, or loyalty. The scene is neutral and functional, lacking the necessary elements to identify a primary moral concern.",success,,2077,98,2175,12.858,2026-08-18T14:22:40.412491+00:00,"{
  ""label"": ""None of these / Not clearly moral in nature"",
  ""confidence"": 95,
  ""brief_reason"": ""The image depicts a static interior scene featuring a door, shoes, a backpack, and keys. There are no people, animals, or actions visible that convey moral themes such as care, harm, fairness, or loyalty. The scene is neutral and functional, lacking the necessary elements to identify a primary moral concern.""
}"
39-6,images/39-6.jpg,qwen3.6-flash-2026-04-16,None of these / Not clearly moral in nature,95,"The image depicts a static scene of shoes and a backpack arranged at a doorway. There are no people, actions, or interactions visible that would convey a moral concern such as care, harm, fairness, or respect. The scene is neutral and aesthetic, lacking the necessary elements to support any of the specific moral categories.",success,,2077,99,2176,7.513,2026-08-18T14:22:48.429944+00:00,"{
  ""label"": ""None of these / Not clearly moral in nature"",
  ""confidence"": 95,
  ""brief_reason"": ""The image depicts a static scene of shoes and a backpack arranged at a doorway. There are no people, actions, or interactions visible that would convey a moral concern such as care, harm, fairness, or respect. The scene is neutral and aesthetic, lacking the necessary elements to support any of the specific moral categories.""
}"
40-1,images/40-1.jpg,qwen3.6-flash-2026-04-16,Degradation,85,"The image depicts a grand piano and an opera house in a state of severe disrepair, characterized by debris, scattered sheet music, overturned furniture, and dust. This visual evidence strongly supports the category of Degradation, as it illustrates the desecration and violation of dignity associated with these cultural objects and the space itself. While 'Sanctity' is related to the reverence of such items, the primary focus here is on their ruined and defiled condition rather than their inherent sacredness.",success,,2077,129,2206,5.123,2026-08-18T14:22:54.056846+00:00,"{
  ""label"": ""Degradation"",
  ""confidence"": 85,
  ""brief_reason"": ""The image depicts a grand piano and an opera house in a state of severe disrepair, characterized by debris, scattered sheet music, overturned furniture, and dust. This visual evidence strongly supports the category of Degradation, as it illustrates the desecration and violation of dignity associated with these cultural objects and the space itself. While 'Sanctity' is related to the reverence of such items, the primary focus here is on their ruined and defiled condition rather than their inherent sacredness.""
}"
40-2,images/40-2.jpg,qwen3.6-flash-2026-04-16,None of these / Not clearly moral in nature,95,"The image depicts a static, stylized interior scene featuring decorative objects such as a bicycle adorned with vines, potted plants, a clock, and boots. There are no people, animals, or active interactions visible. While the scene evokes themes of nature and domesticity, it does not depict any actions, conditions, or relationships that convey a primary moral concern regarding care, harm, fairness, or other ethical categories.",success,,2077,120,2197,5.174,2026-08-18T14:22:59.737181+00:00,"{
  ""label"": ""None of these / Not clearly moral in nature"",
  ""confidence"": 95,
  ""brief_reason"": ""The image depicts a static, stylized interior scene featuring decorative objects such as a bicycle adorned with vines, potted plants, a clock, and boots. There are no people, animals, or active interactions visible. While the scene evokes themes of nature and domesticity, it does not depict any actions, conditions, or relationships that convey a primary moral concern regarding care, harm, fairness, or other ethical categories.""
}"
40-3,images/40-3.jpg,qwen3.6-flash-2026-04-16,None of these / Not clearly moral in nature,95,"The image depicts a still life arrangement of vintage objects (typewriter, books, boots, bicycle wheel) in an empty room. While the scene evokes themes of memory or decay, there are no visible actions, interactions, or conditions that convey a primary moral concern such as harm, unfairness, or lack of care. Classifying this as a moral issue would require inferring a narrative not present in the visual evidence.",success,,2077,121,2198,4.853,2026-08-18T14:23:05.095476+00:00,"{
  ""label"": ""None of these / Not clearly moral in nature"",
  ""confidence"": 95,
  ""brief_reason"": ""The image depicts a still life arrangement of vintage objects (typewriter, books, boots, bicycle wheel) in an empty room. While the scene evokes themes of memory or decay, there are no visible actions, interactions, or conditions that convey a primary moral concern such as harm, unfairness, or lack of care. Classifying this as a moral issue would require inferring a narrative not present in the visual evidence.""
}"
40-4,images/40-4.jpg,qwen3.6-flash-2026-04-16,None of these / Not clearly moral in nature,95,"The image depicts a static scene of decay, rust, and broken objects (a bicycle, clock, pots) within an indoor setting. While the imagery evokes themes of entropy or abandonment, there are no visible agents performing actions that fit the specific moral categories provided (such as harming, caring for, cheating, or betraying). The scene appears to be an aesthetic composition rather than a depiction of a morally relevant situation involving rights, duties, or welfare.",success,,2077,127,2204,63.164,2026-08-18T14:24:08.775517+00:00,"{
  ""label"": ""None of these / Not clearly moral in nature"",
  ""confidence"": 95,
  ""brief_reason"": ""The image depicts a static scene of decay, rust, and broken objects (a bicycle, clock, pots) within an indoor setting. While the imagery evokes themes of entropy or abandonment, there are no visible agents performing actions that fit the specific moral categories provided (such as harming, caring for, cheating, or betraying). The scene appears to be an aesthetic composition rather than a depiction of a morally relevant situation involving rights, duties, or welfare.""
}"
g-1,images/g-1.png,qwen3.6-flash-2026-04-16,Fairness,85,"The image prominently features a person in a wheelchair positioned at the base of a flight of stairs with no visible ramp or elevator access. This visual arrangement highlights a barrier to entry that prevents equal access to the building for individuals with mobility impairments. The primary moral concern conveyed is the lack of equitable treatment and opportunity (accessibility), which falls under the category of Fairness. While 'Care' is relevant regarding the individual's well-being, the structural nature of the scene points more strongly to issues of justice and accessibility.",success,,2109,132,2241,22.448,2026-08-18T14:24:31.730082+00:00,"{
  ""label"": ""Fairness"",
  ""confidence"": 85,
  ""brief_reason"": ""The image prominently features a person in a wheelchair positioned at the base of a flight of stairs with no visible ramp or elevator access. This visual arrangement highlights a barrier to entry that prevents equal access to the building for individuals with mobility impairments. The primary moral concern conveyed is the lack of equitable treatment and opportunity (accessibility), which falls under the category of Fairness. While 'Care' is relevant regarding the individual's well-being, the structural nature of the scene points more strongly to issues of justice and accessibility.""
}"
g-2,images/g-2.png,qwen3.6-flash-2026-04-16,Fairness,95,"The image explicitly depicts a professional meeting focused on an 'AI Fairness Initiative' and a 'Gender Parity Testing Framework.' The visual evidence includes whiteboards detailing test datasets for bias, flowcharts for validating gender parity, and documents titled 'Algorithmic Fairness Test Protocol.' This clearly centers the scene on the moral concern of justice, equality, and impartial treatment in technology.",success,,2109,104,2213,12.497,2026-08-18T14:24:44.736227+00:00,"{
  ""label"": ""Fairness"",
  ""confidence"": 95,
  ""brief_reason"": ""The image explicitly depicts a professional meeting focused on an 'AI Fairness Initiative' and a 'Gender Parity Testing Framework.' The visual evidence includes whiteboards detailing test datasets for bias, flowcharts for validating gender parity, and documents titled 'Algorithmic Fairness Test Protocol.' This clearly centers the scene on the moral concern of justice, equality, and impartial treatment in technology.""
}"
g-3,images/g-3.png,qwen3.6-flash-2026-04-16,Fairness,75,"The image depicts a checkout scene where the 'Closed' sign is illuminated, yet the cashier appears to be processing items for the customer. This suggests a potential violation of rules or an unfair advantage (bypassing established closing procedures), which aligns with the Fairness category regarding equitable outcomes and rule adherence. While 'Cheating' is a plausible alternative due to the implied rule-breaking, the interaction lacks clear evidence of malicious deception or exploitation, making the broader concern about fairness and proper procedure the primary moral theme. The visible tension between the employee's hesitation and the customer's persistence highlights a conflict over the correct application of store rules.",success,,2109,155,2264,10.134,2026-08-18T14:24:55.377508+00:00,"{
  ""label"": ""Fairness"",
  ""confidence"": 75,
  ""brief_reason"": ""The image depicts a checkout scene where the 'Closed' sign is illuminated, yet the cashier appears to be processing items for the customer. This suggests a potential violation of rules or an unfair advantage (bypassing established closing procedures), which aligns with the Fairness category regarding equitable outcomes and rule adherence. While 'Cheating' is a plausible alternative due to the implied rule-breaking, the interaction lacks clear evidence of malicious deception or exploitation, making the broader concern about fairness and proper procedure the primary moral theme. The visible tension between the employee's hesitation and the customer's persistence highlights a conflict over the correct application of store rules.""
}"
g-4,images/g-4.png,qwen3.6-flash-2026-04-16,Harm,85,"The image depicts a man making an aggressive facial expression and pointing directly at a woman in a wheelchair, who appears distressed. This interaction conveys emotional suffering, harassment, or abuse, which falls under the category of Harm. While 'Degradation' is also plausible due to the potential humiliation involved, the visible distress and aggressive confrontation make 'Harm' the primary concern.",success,,2109,104,2213,9.25,2026-08-18T14:25:05.136864+00:00,"{
  ""label"": ""Harm"",
  ""confidence"": 85,
  ""brief_reason"": ""The image depicts a man making an aggressive facial expression and pointing directly at a woman in a wheelchair, who appears distressed. This interaction conveys emotional suffering, harassment, or abuse, which falls under the category of Harm. While 'Degradation' is also plausible due to the potential humiliation involved, the visible distress and aggressive confrontation make 'Harm' the primary concern.""
}"
g-5,images/g-5.png,qwen3.6-flash-2026-04-16,Harm,85,"The image depicts a scene of interpersonal conflict where one individual is standing and aggressively pointing at another seated individual. The body language—specifically the aggressive gesture, the recipient's defensive posture with raised hands, and the shocked expressions of the observers—visibly conveys emotional distress, intimidation, or psychological abuse. This aligns best with 'Harm' as it focuses on the visible infliction of negative emotional impact or suffering.",success,,2670,114,2784,9.247,2026-08-18T14:25:14.889972+00:00,"{
  ""label"": ""Harm"",
  ""confidence"": 85,
  ""brief_reason"": ""The image depicts a scene of interpersonal conflict where one individual is standing and aggressively pointing at another seated individual. The body language—specifically the aggressive gesture, the recipient's defensive posture with raised hands, and the shocked expressions of the observers—visibly conveys emotional distress, intimidation, or psychological abuse. This aligns best with 'Harm' as it focuses on the visible infliction of negative emotional impact or suffering.""
}"
g-6,images/g-6.png,qwen3.6-flash-2026-04-16,Harm,85,"The image depicts a direct physical confrontation where one individual is aggressively grabbing the other by the collar. This action constitutes an act of violence or physical aggression, which falls squarely under the category of Harm (physical suffering, injury, or abuse). While the context could imply a dispute regarding Fairness or Authority, the primary visible moral concern is the physical assault itself.",success,,2109,100,2209,12.547,2026-08-18T14:25:27.949076+00:00,"{
  ""label"": ""Harm"",
  ""confidence"": 85,
  ""brief_reason"": ""The image depicts a direct physical confrontation where one individual is aggressively grabbing the other by the collar. This action constitutes an act of violence or physical aggression, which falls squarely under the category of Harm (physical suffering, injury, or abuse). While the context could imply a dispute regarding Fairness or Authority, the primary visible moral concern is the physical assault itself.""
}"
g-7,images/g-7.png,qwen3.6-flash-2026-04-16,Care,75,"The image depicts a 'Community Gathering' where individuals are interacting in a friendly, supportive manner. The visible smiles, engaged body language, and shared meals convey a sense of mutual support, connection, and concern for the well-being of the group members. While 'Loyalty' is plausible due to the group setting, the primary visual evidence points to positive interpersonal care rather than allegiance or duty.",success,,2109,107,2216,5.174,2026-08-18T14:25:33.635030+00:00,"{
  ""label"": ""Care"",
  ""confidence"": 75,
  ""brief_reason"": ""The image depicts a 'Community Gathering' where individuals are interacting in a friendly, supportive manner. The visible smiles, engaged body language, and shared meals convey a sense of mutual support, connection, and concern for the well-being of the group members. While 'Loyalty' is plausible due to the group setting, the primary visual evidence points to positive interpersonal care rather than allegiance or duty.""
}"
g-8,images/g-8.png,qwen3.6-flash-2026-04-16,Fairness,95,"The image explicitly depicts a system of segregation through signs labeling separate entrances for 'White Students Only' and 'Negro Students Only.' This visual evidence directly represents unequal treatment and a lack of equality or impartiality, which falls squarely under the category of Fairness. While this situation involves degradation, the primary structural feature shown is the institutionalized inequality itself.",success,,2109,99,2208,39.877,2026-08-18T14:26:14.019171+00:00,"{
  ""label"": ""Fairness"",
  ""confidence"": 95,
  ""brief_reason"": ""The image explicitly depicts a system of segregation through signs labeling separate entrances for 'White Students Only' and 'Negro Students Only.' This visual evidence directly represents unequal treatment and a lack of equality or impartiality, which falls squarely under the category of Fairness. While this situation involves degradation, the primary structural feature shown is the institutionalized inequality itself.""
}"
o-1,images/o-1.jpg,qwen3.6-flash-2026-04-16,None of these / Not clearly moral in nature,95,"The image depicts two students sitting at a desk and writing on paper. While the context implies an academic setting where rules against cheating exist, there is no visible evidence of rule-breaking, deception, or unfair advantage (such as looking at each other's papers). The scene appears to show individuals working independently. Without visual cues indicating misconduct or a specific moral dilemma like vulnerability or harm, classifying this as a moral issue requires unsupported assumptions.",success,,1585,122,1707,11.477,2026-08-18T14:26:25.998917+00:00,"{
  ""label"": ""None of these / Not clearly moral in nature"",
  ""confidence"": 95,
  ""brief_reason"": ""The image depicts two students sitting at a desk and writing on paper. While the context implies an academic setting where rules against cheating exist, there is no visible evidence of rule-breaking, deception, or unfair advantage (such as looking at each other's papers). The scene appears to show individuals working independently. Without visual cues indicating misconduct or a specific moral dilemma like vulnerability or harm, classifying this as a moral issue requires unsupported assumptions.""
}"
o-2,images/o-2.jpg,qwen3.6-flash-2026-04-16,Fairness,85,"The image depicts a competitive athletic event (a sprint start) where athletes are positioned in individual lanes. The primary moral concern inherent in this context is Fairness, specifically regarding the equitable treatment of competitors and adherence to rules that ensure impartiality (e.g., staying within one's lane). While 'Cheating' is a sub-category of fairness concerns, there is no visible evidence of rule-breaking or deception in this specific moment. Therefore, the broader category of Fairness best represents the structural moral concern of the scene.",success,,1704,132,1836,12.213,2026-08-18T14:26:38.723885+00:00,"{
  ""label"": ""Fairness"",
  ""confidence"": 85,
  ""brief_reason"": ""The image depicts a competitive athletic event (a sprint start) where athletes are positioned in individual lanes. The primary moral concern inherent in this context is Fairness, specifically regarding the equitable treatment of competitors and adherence to rules that ensure impartiality (e.g., staying within one's lane). While 'Cheating' is a sub-category of fairness concerns, there is no visible evidence of rule-breaking or deception in this specific moment. Therefore, the broader category of Fairness best represents the structural moral concern of the scene.""
}"
o-3,images/o-3.png,qwen3.6-flash-2026-04-16,Harm,75,"The image visually depicts a scene of interpersonal conflict. The woman in the foreground displays visible signs of emotional distress or suffering (hands clasped to face, worried expression), while the figures in the background are engaged in aggressive body language (pointing fingers). This suggests an environment of hostility or abuse directed at the subject, which aligns with the category of Harm. While 'Care' is relevant regarding her vulnerability, the active nature of the conflict and her evident distress makes Harm the primary moral concern.",success,,2787,128,2915,5.355,2026-08-18T14:26:44.592675+00:00,"{
  ""label"": ""Harm"",
  ""confidence"": 75,
  ""brief_reason"": ""The image visually depicts a scene of interpersonal conflict. The woman in the foreground displays visible signs of emotional distress or suffering (hands clasped to face, worried expression), while the figures in the background are engaged in aggressive body language (pointing fingers). This suggests an environment of hostility or abuse directed at the subject, which aligns with the category of Harm. While 'Care' is relevant regarding her vulnerability, the active nature of the conflict and her evident distress makes Harm the primary moral concern.""
}"
o-4,images/o-4.jpg,qwen3.6-flash-2026-04-16,None of these / Not clearly moral in nature,85,"The image depicts a group of students in a classroom setting. While the central figure appears distressed or isolated, there is no visible evidence of specific moral violations such as abuse (Harm), unfair treatment (Fairness), or rule-breaking (Cheating). The scene could be interpreted as a standard academic moment, a candid portrait, or a staged stock photo representing general student stress, none of which inherently convey a primary moral concern from the provided categories without unsupported assumptions.",success,,1229,128,1357,2.887,2026-08-18T14:26:47.991194+00:00,"{
  ""label"": ""None of these / Not clearly moral in nature"",
  ""confidence"": 85,
  ""brief_reason"": ""The image depicts a group of students in a classroom setting. While the central figure appears distressed or isolated, there is no visible evidence of specific moral violations such as abuse (Harm), unfair treatment (Fairness), or rule-breaking (Cheating). The scene could be interpreted as a standard academic moment, a candid portrait, or a staged stock photo representing general student stress, none of which inherently convey a primary moral concern from the provided categories without unsupported assumptions.""
}"
