schema_version,experiment_id,subset_manifest,subset_manifest_sha256,selection_stratum,run_number,sequence_index,image_id,filename,image_path,provider,requested_model,actual_model,prompt_version,prompt_sha256,temperature_requested,reasoning_mode,provider_reasoning_setting,image_detail,request_started_at_utc,response_received_at_utc,duration_seconds,attempts_used,label,confidence,brief_reason,status,error,response_id,input_tokens,output_tokens,reasoning_tokens,total_tokens,raw_output,raw_json_path
repeatability-v1,visual-moral-repeatability-v1,repeatability_subset_32.csv,9b29d0851bc8122b59276cdbc2e1e2f50f33caccfb7455f0fe203edbf0dff5ff,unanimous_exact_moral,1,1,2-1,2-1.jpg,images/2-1.jpg,Alibaba Cloud Model Studio,qwen3.6-flash-2026-04-16,qwen3.6-flash-2026-04-16,v2-repeatability-2026-09-01,1c1a1676abde21bda6ea8cf6eef5a6ca2bb99ecef928005f0fe5aed4769d0fa1,0,disabled,"{""enable_thinking"": false}",provider_default,2026-09-01T16:13:39.302971+00:00,2026-09-01T16:13:44.450246+00:00,5.147,1,Care,85,"The image depicts individuals in a visibly vulnerable state, living in makeshift shelter amidst clutter and debris. The primary moral concern conveyed is the evident need for well-being, support, and protection from harm associated with their precarious living conditions. While 'Harm' (suffering) is relevant, the focus on their vulnerability and basic survival needs aligns strongly with the category of Care.",success,,,1937,104,,2041,"{
  ""label"": ""Care"",
  ""confidence"": 85,
  ""brief_reason"": ""The image depicts individuals in a visibly vulnerable state, living in makeshift shelter amidst clutter and debris. The primary moral concern conveyed is the evident need for well-being, support, and protection from harm associated with their precarious living conditions. While 'Harm' (suffering) is relevant, the focus on their vulnerability and basic survival needs aligns strongly with the category of Care.""
}",
repeatability-v1,visual-moral-repeatability-v1,repeatability_subset_32.csv,9b29d0851bc8122b59276cdbc2e1e2f50f33caccfb7455f0fe203edbf0dff5ff,unanimous_exact_moral,1,2,15-3,15-3.jpg,images/15-3.jpg,Alibaba Cloud Model Studio,qwen3.6-flash-2026-04-16,qwen3.6-flash-2026-04-16,v2-repeatability-2026-09-01,1c1a1676abde21bda6ea8cf6eef5a6ca2bb99ecef928005f0fe5aed4769d0fa1,0,disabled,"{""enable_thinking"": false}",provider_default,2026-09-01T16:13:44.958563+00:00,2026-09-01T16:14:00.971435+00:00,16.013,1,Care,85,"The image depicts a scene that strongly resembles a medical training exercise or simulation. The presence of a soldier in full combat gear, individuals dressed as casualties (one with simulated blood on his head covering), and a person wearing a Red Cross vest suggests a context of humanitarian aid, emergency response, or military medicine. The primary moral theme conveyed by these elements is the preparation for or execution of helping others and protecting well-being (Care). While 'Respect / Authority' is plausible due to the military hierarchy, the specific inclusion of medical symbols and 'casualties' shifts the focus toward welfare and assistance.",success,,,3488,148,,3636,"{
  ""label"": ""Care"",
  ""confidence"": 85,
  ""brief_reason"": ""The image depicts a scene that strongly resembles a medical training exercise or simulation. The presence of a soldier in full combat gear, individuals dressed as casualties (one with simulated blood on his head covering), and a person wearing a Red Cross vest suggests a context of humanitarian aid, emergency response, or military medicine. The primary moral theme conveyed by these elements is the preparation for or execution of helping others and protecting well-being (Care). While 'Respect / Authority' is plausible due to the military hierarchy, the specific inclusion of medical symbols and 'casualties' shifts the focus toward welfare and assistance.""
}",
repeatability-v1,visual-moral-repeatability-v1,repeatability_subset_32.csv,9b29d0851bc8122b59276cdbc2e1e2f50f33caccfb7455f0fe203edbf0dff5ff,unanimous_exact_moral,1,3,31-1,31-1.jpg,images/31-1.jpg,Alibaba Cloud Model Studio,qwen3.6-flash-2026-04-16,qwen3.6-flash-2026-04-16,v2-repeatability-2026-09-01,1c1a1676abde21bda6ea8cf6eef5a6ca2bb99ecef928005f0fe5aed4769d0fa1,0,disabled,"{""enable_thinking"": false}",provider_default,2026-09-01T16:14:01.492145+00:00,2026-09-01T16:14:14.572140+00:00,13.08,1,Harm,85,"The image depicts a scene of severe destruction and ruin, characterized by a collapsed ceiling, rubble-strewn floors, and a view of destroyed buildings outside. This visual evidence strongly implies the aftermath of violence or disaster, representing physical harm and suffering. While the presence of Christmas decorations introduces themes of care or sanctity amidst the ruins, the primary moral context is defined by the visible devastation and the implied trauma associated with it.",success,,,2011,113,,2124,"{
  ""label"": ""Harm"",
  ""confidence"": 85,
  ""brief_reason"": ""The image depicts a scene of severe destruction and ruin, characterized by a collapsed ceiling, rubble-strewn floors, and a view of destroyed buildings outside. This visual evidence strongly implies the aftermath of violence or disaster, representing physical harm and suffering. While the presence of Christmas decorations introduces themes of care or sanctity amidst the ruins, the primary moral context is defined by the visible devastation and the implied trauma associated with it.""
}",
repeatability-v1,visual-moral-repeatability-v1,repeatability_subset_32.csv,9b29d0851bc8122b59276cdbc2e1e2f50f33caccfb7455f0fe203edbf0dff5ff,unanimous_exact_moral,1,4,32-2,32-2.jpg,images/32-2.jpg,Alibaba Cloud Model Studio,qwen3.6-flash-2026-04-16,qwen3.6-flash-2026-04-16,v2-repeatability-2026-09-01,1c1a1676abde21bda6ea8cf6eef5a6ca2bb99ecef928005f0fe5aed4769d0fa1,0,disabled,"{""enable_thinking"": false}",provider_default,2026-09-01T16:14:15.092315+00:00,2026-09-01T16:14:24.088752+00:00,8.996,1,Harm,95,"The image depicts a scene of widespread destruction and violence, characterized by burning buildings, thick smoke, debris-strewn streets, and emergency vehicles. The central figure appears distressed amidst this chaos. These visual elements strongly convey physical suffering, injury, and the infliction of harm, making 'Harm' the primary moral concern.",success,,,2011,94,,2105,"{
  ""label"": ""Harm"",
  ""confidence"": 95,
  ""brief_reason"": ""The image depicts a scene of widespread destruction and violence, characterized by burning buildings, thick smoke, debris-strewn streets, and emergency vehicles. The central figure appears distressed amidst this chaos. These visual elements strongly convey physical suffering, injury, and the infliction of harm, making 'Harm' the primary moral concern.""
}",
repeatability-v1,visual-moral-repeatability-v1,repeatability_subset_32.csv,9b29d0851bc8122b59276cdbc2e1e2f50f33caccfb7455f0fe203edbf0dff5ff,unanimous_exact_moral,1,5,35-2,35-2.jpg,images/35-2.jpg,Alibaba Cloud Model Studio,qwen3.6-flash-2026-04-16,qwen3.6-flash-2026-04-16,v2-repeatability-2026-09-01,1c1a1676abde21bda6ea8cf6eef5a6ca2bb99ecef928005f0fe5aed4769d0fa1,0,disabled,"{""enable_thinking"": false}",provider_default,2026-09-01T16:14:24.613391+00:00,2026-09-01T16:14:38.133301+00:00,13.52,1,Loyalty,85,"The image depicts a group of people gathered for a 'Family Reunion,' as indicated by the banner and t-shirt. The primary visual theme is the gathering of kin, which inherently represents solidarity, commitment, and allegiance to one's family group. While 'Care' is also present in the form of smiling faces and physical closeness, the specific context of a reunion makes the moral concept of Loyalty (commitment to the group) the most precise fit for the scene's purpose.",success,,,2043,127,,2170,"{
  ""label"": ""Loyalty"",
  ""confidence"": 85,
  ""brief_reason"": ""The image depicts a group of people gathered for a 'Family Reunion,' as indicated by the banner and t-shirt. The primary visual theme is the gathering of kin, which inherently represents solidarity, commitment, and allegiance to one's family group. While 'Care' is also present in the form of smiling faces and physical closeness, the specific context of a reunion makes the moral concept of Loyalty (commitment to the group) the most precise fit for the scene's purpose.""
}",
repeatability-v1,visual-moral-repeatability-v1,repeatability_subset_32.csv,9b29d0851bc8122b59276cdbc2e1e2f50f33caccfb7455f0fe203edbf0dff5ff,unanimous_exact_moral,1,6,36-3,36-3.jpg,images/36-3.jpg,Alibaba Cloud Model Studio,qwen3.6-flash-2026-04-16,qwen3.6-flash-2026-04-16,v2-repeatability-2026-09-01,1c1a1676abde21bda6ea8cf6eef5a6ca2bb99ecef928005f0fe5aed4769d0fa1,0,disabled,"{""enable_thinking"": false}",provider_default,2026-09-01T16:14:38.659082+00:00,2026-09-01T16:14:47.538244+00:00,8.879,1,Care,85,"The image depicts children playing in a visibly dangerous and degraded environment (ruined buildings, debris, military vehicle). The primary moral concern conveyed is the vulnerability of these children and their need for safety, protection, and well-being. While 'Harm' is relevant due to the setting, the focus on the children's activity and resilience makes 'Care' (concern for their welfare) the most fitting category.",success,,,2011,110,,2121,"{
  ""label"": ""Care"",
  ""confidence"": 85,
  ""brief_reason"": ""The image depicts children playing in a visibly dangerous and degraded environment (ruined buildings, debris, military vehicle). The primary moral concern conveyed is the vulnerability of these children and their need for safety, protection, and well-being. While 'Harm' is relevant due to the setting, the focus on the children's activity and resilience makes 'Care' (concern for their welfare) the most fitting category.""
}",
repeatability-v1,visual-moral-repeatability-v1,repeatability_subset_32.csv,9b29d0851bc8122b59276cdbc2e1e2f50f33caccfb7455f0fe203edbf0dff5ff,unanimous_exact_moral,1,7,40-1,40-1.jpg,images/40-1.jpg,Alibaba Cloud Model Studio,qwen3.6-flash-2026-04-16,qwen3.6-flash-2026-04-16,v2-repeatability-2026-09-01,1c1a1676abde21bda6ea8cf6eef5a6ca2bb99ecef928005f0fe5aed4769d0fa1,0,disabled,"{""enable_thinking"": false}",provider_default,2026-09-01T16:14:48.060563+00:00,2026-09-01T16:15:01.151341+00:00,13.091,1,Degradation,85,"The image depicts a scene of desecration and ruin. A grand piano, an object of cultural and artistic value, is shown broken, stripped of its internal components, and surrounded by debris in a dilapidated theater. The scattered sheet music and overturned furniture contribute to a sense of violation and loss of dignity for these objects. This aligns best with 'Degradation' (violation of purity, sacredness, or dignity through contamination/desecration). While the scene evokes sadness, it does not depict active harm to living beings (Harm) or specific acts of cheating or unfairness.",success,,,2011,153,,2164,"{
  ""label"": ""Degradation"",
  ""confidence"": 85,
  ""brief_reason"": ""The image depicts a scene of desecration and ruin. A grand piano, an object of cultural and artistic value, is shown broken, stripped of its internal components, and surrounded by debris in a dilapidated theater. The scattered sheet music and overturned furniture contribute to a sense of violation and loss of dignity for these objects. This aligns best with 'Degradation' (violation of purity, sacredness, or dignity through contamination/desecration). While the scene evokes sadness, it does not depict active harm to living beings (Harm) or specific acts of cheating or unfairness.""
}",
repeatability-v1,visual-moral-repeatability-v1,repeatability_subset_32.csv,9b29d0851bc8122b59276cdbc2e1e2f50f33caccfb7455f0fe203edbf0dff5ff,unanimous_exact_moral,1,8,g-3,g-3.png,images/g-3.png,Alibaba Cloud Model Studio,qwen3.6-flash-2026-04-16,qwen3.6-flash-2026-04-16,v2-repeatability-2026-09-01,1c1a1676abde21bda6ea8cf6eef5a6ca2bb99ecef928005f0fe5aed4769d0fa1,0,disabled,"{""enable_thinking"": false}",provider_default,2026-09-01T16:15:01.673087+00:00,2026-09-01T16:15:11.295227+00:00,9.622,1,Fairness,75,"The image depicts a checkout counter with a sign explicitly stating 'Closed,' yet the cashier is processing items for a customer. This setup strongly implies a violation of rules or an unfair situation where service is being provided despite the store's stated status, which aligns with concerns about fairness and rule adherence. While one could argue for 'Cheating' (breaking rules) or 'Care' (helping a customer), the visual evidence of the 'Closed' sign juxtaposed against the transaction makes the breach of fair procedure/authority the most prominent moral theme.",success,,,2043,139,,2182,"{
  ""label"": ""Fairness"",
  ""confidence"": 75,
  ""brief_reason"": ""The image depicts a checkout counter with a sign explicitly stating 'Closed,' yet the cashier is processing items for a customer. This setup strongly implies a violation of rules or an unfair situation where service is being provided despite the store's stated status, which aligns with concerns about fairness and rule adherence. While one could argue for 'Cheating' (breaking rules) or 'Care' (helping a customer), the visual evidence of the 'Closed' sign juxtaposed against the transaction makes the breach of fair procedure/authority the most prominent moral theme.""
}",
repeatability-v1,visual-moral-repeatability-v1,repeatability_subset_32.csv,9b29d0851bc8122b59276cdbc2e1e2f50f33caccfb7455f0fe203edbf0dff5ff,unanimous_exact_none,1,9,10-1,10-1.jpg,images/10-1.jpg,Alibaba Cloud Model Studio,qwen3.6-flash-2026-04-16,qwen3.6-flash-2026-04-16,v2-repeatability-2026-09-01,1c1a1676abde21bda6ea8cf6eef5a6ca2bb99ecef928005f0fe5aed4769d0fa1,0,disabled,"{""enable_thinking"": false}",provider_default,2026-09-01T16:15:11.817568+00:00,2026-09-01T16:15:21.228916+00:00,9.411,1,None of these / Not clearly moral in nature,95,"The image depicts a man sitting casually on a couch in a domestic setting. There are no visible signs of suffering, injustice, deception, or conflict. The scene appears to be a standard portrait or lifestyle shot without any elements that convey a primary moral concern such as harm, unfairness, or violation of dignity.",success,,,2187,94,,2281,"{
""label"": ""None of these / Not clearly moral in nature"",
""confidence"": 95,
""brief_reason"": ""The image depicts a man sitting casually on a couch in a domestic setting. There are no visible signs of suffering, injustice, deception, or conflict. The scene appears to be a standard portrait or lifestyle shot without any elements that convey a primary moral concern such as harm, unfairness, or violation of dignity.""
}",
repeatability-v1,visual-moral-repeatability-v1,repeatability_subset_32.csv,9b29d0851bc8122b59276cdbc2e1e2f50f33caccfb7455f0fe203edbf0dff5ff,unanimous_exact_none,1,10,13-2,13-2.jpg,images/13-2.jpg,Alibaba Cloud Model Studio,qwen3.6-flash-2026-04-16,qwen3.6-flash-2026-04-16,v2-repeatability-2026-09-01,1c1a1676abde21bda6ea8cf6eef5a6ca2bb99ecef928005f0fe5aed4769d0fa1,0,disabled,"{""enable_thinking"": false}",provider_default,2026-09-01T16:15:21.750233+00:00,2026-09-01T16:15:34.164367+00:00,12.414,1,None of these / Not clearly moral in nature,85,"The image depicts a person sitting alone outdoors in a contemplative or resting pose. There are no visible actions involving care, harm, fairness, loyalty, or authority. While the subject's isolation might suggest vulnerability (Care) or their attire might suggest non-conformity (Subversion), these interpretations require inferring internal emotional states or social contexts that are not explicitly present in the visual scene. Therefore, no primary moral concern is clearly conveyed.",success,,,2721,124,,2845,"{
  ""label"": ""None of these / Not clearly moral in nature"",
  ""confidence"": 85,
  ""brief_reason"": ""The image depicts a person sitting alone outdoors in a contemplative or resting pose. There are no visible actions involving care, harm, fairness, loyalty, or authority. While the subject's isolation might suggest vulnerability (Care) or their attire might suggest non-conformity (Subversion), these interpretations require inferring internal emotional states or social contexts that are not explicitly present in the visual scene. Therefore, no primary moral concern is clearly conveyed.""
}",
repeatability-v1,visual-moral-repeatability-v1,repeatability_subset_32.csv,9b29d0851bc8122b59276cdbc2e1e2f50f33caccfb7455f0fe203edbf0dff5ff,unanimous_exact_none,1,11,26-1,26-1.jpg,images/26-1.jpg,Alibaba Cloud Model Studio,qwen3.6-flash-2026-04-16,qwen3.6-flash-2026-04-16,v2-repeatability-2026-09-01,1c1a1676abde21bda6ea8cf6eef5a6ca2bb99ecef928005f0fe5aed4769d0fa1,0,disabled,"{""enable_thinking"": false}",provider_default,2026-09-01T16:15:34.684820+00:00,2026-09-01T16:15:39.660386+00:00,4.975,1,None of these / Not clearly moral in nature,95,"The image depicts a standard academic lecture on evolutionary biology. The visual elements—a professor teaching, students listening, and a presentation slide showing a phylogenetic tree, skulls, and insects—represent an educational setting focused on scientific instruction. There are no visible actions or conditions that convey moral concerns such as harm, unfairness, betrayal, or lack of care. While the subject matter involves death (skulls) and predation (insects), these are presented as neutral scientific data rather than sources of moral suffering or violation.",success,,,2011,140,,2151,"{
  ""label"": ""None of these / Not clearly moral in nature"",
  ""confidence"": 95,
  ""brief_reason"": ""The image depicts a standard academic lecture on evolutionary biology. The visual elements—a professor teaching, students listening, and a presentation slide showing a phylogenetic tree, skulls, and insects—represent an educational setting focused on scientific instruction. There are no visible actions or conditions that convey moral concerns such as harm, unfairness, betrayal, or lack of care. While the subject matter involves death (skulls) and predation (insects), these are presented as neutral scientific data rather than sources of moral suffering or violation.""
}",
repeatability-v1,visual-moral-repeatability-v1,repeatability_subset_32.csv,9b29d0851bc8122b59276cdbc2e1e2f50f33caccfb7455f0fe203edbf0dff5ff,unanimous_exact_none,1,12,27-2,27-2.jpg,images/27-2.jpg,Alibaba Cloud Model Studio,qwen3.6-flash-2026-04-16,qwen3.6-flash-2026-04-16,v2-repeatability-2026-09-01,1c1a1676abde21bda6ea8cf6eef5a6ca2bb99ecef928005f0fe5aed4769d0fa1,0,disabled,"{""enable_thinking"": false}",provider_default,2026-09-01T16:15:40.183412+00:00,2026-09-01T16:15:45.931980+00:00,5.748,1,None of these / Not clearly moral in nature,85,"The image depicts a woman celebrating a birthday in a dilapidated building. While the setting implies neglect or destruction (which could relate to Harm or Degradation), the primary focus is on the woman's joy and celebration. There is no visible evidence of active suffering, cruelty, unfair treatment, or violation of rights directed at her or others. The scene appears to be an artistic juxtaposition rather than a depiction of a specific moral transgression or ethical dilemma.",success,,,2011,128,,2139,"{
  ""label"": ""None of these / Not clearly moral in nature"",
  ""confidence"": 85,
  ""brief_reason"": ""The image depicts a woman celebrating a birthday in a dilapidated building. While the setting implies neglect or destruction (which could relate to Harm or Degradation), the primary focus is on the woman's joy and celebration. There is no visible evidence of active suffering, cruelty, unfair treatment, or violation of rights directed at her or others. The scene appears to be an artistic juxtaposition rather than a depiction of a specific moral transgression or ethical dilemma.""
}",
repeatability-v1,visual-moral-repeatability-v1,repeatability_subset_32.csv,9b29d0851bc8122b59276cdbc2e1e2f50f33caccfb7455f0fe203edbf0dff5ff,unanimous_exact_none,1,13,29-1,29-1.jpg,images/29-1.jpg,Alibaba Cloud Model Studio,qwen3.6-flash-2026-04-16,qwen3.6-flash-2026-04-16,v2-repeatability-2026-09-01,1c1a1676abde21bda6ea8cf6eef5a6ca2bb99ecef928005f0fe5aed4769d0fa1,0,disabled,"{""enable_thinking"": false}",provider_default,2026-09-01T16:15:46.450232+00:00,2026-09-01T16:16:00.952887+00:00,14.502,1,None of these / Not clearly moral in nature,95,"The image depicts a person engaged in the craft of pottery with focus and concentration. While this activity involves skill and potentially care for the object being made, it does not visually convey a primary moral concern regarding the well-being, rights, or dignity of another person. There is no evidence of harm, unfairness, cheating, or violation of social norms. The scene represents a neutral creative act rather than a distinct moral situation.",success,,,2011,120,,2131,"{
  ""label"": ""None of these / Not clearly moral in nature"",
  ""confidence"": 95,
  ""brief_reason"": ""The image depicts a person engaged in the craft of pottery with focus and concentration. While this activity involves skill and potentially care for the object being made, it does not visually convey a primary moral concern regarding the well-being, rights, or dignity of another person. There is no evidence of harm, unfairness, cheating, or violation of social norms. The scene represents a neutral creative act rather than a distinct moral situation.""
}",
repeatability-v1,visual-moral-repeatability-v1,repeatability_subset_32.csv,9b29d0851bc8122b59276cdbc2e1e2f50f33caccfb7455f0fe203edbf0dff5ff,unanimous_exact_none,1,14,30-1,30-1.jpg,images/30-1.jpg,Alibaba Cloud Model Studio,qwen3.6-flash-2026-04-16,qwen3.6-flash-2026-04-16,v2-repeatability-2026-09-01,1c1a1676abde21bda6ea8cf6eef5a6ca2bb99ecef928005f0fe5aed4769d0fa1,0,disabled,"{""enable_thinking"": false}",provider_default,2026-09-01T16:16:01.468620+00:00,2026-09-01T16:16:12.161894+00:00,10.693,1,None of these / Not clearly moral in nature,95,"The image depicts a person engaged in a creative hobby (pottery) within a peaceful studio setting. While the scene conveys positive themes like creativity, focus, and craftsmanship, it does not visually present any specific moral conflict, ethical dilemma, or action that aligns with the defined categories such as Care, Harm, Fairness, or Respect. The subject is focused on her work rather than interacting with others in a way that would suggest a primary moral concern regarding their well-being or rights.",success,,,2011,134,,2145,"{
  ""label"": ""None of these / Not clearly moral in nature"",
  ""confidence"": 95,
  ""brief_reason"": ""The image depicts a person engaged in a creative hobby (pottery) within a peaceful studio setting. While the scene conveys positive themes like creativity, focus, and craftsmanship, it does not visually present any specific moral conflict, ethical dilemma, or action that aligns with the defined categories such as Care, Harm, Fairness, or Respect. The subject is focused on her work rather than interacting with others in a way that would suggest a primary moral concern regarding their well-being or rights.""
}",
repeatability-v1,visual-moral-repeatability-v1,repeatability_subset_32.csv,9b29d0851bc8122b59276cdbc2e1e2f50f33caccfb7455f0fe203edbf0dff5ff,unanimous_exact_none,1,15,33-3,33-3.jpg,images/33-3.jpg,Alibaba Cloud Model Studio,qwen3.6-flash-2026-04-16,qwen3.6-flash-2026-04-16,v2-repeatability-2026-09-01,1c1a1676abde21bda6ea8cf6eef5a6ca2bb99ecef928005f0fe5aed4769d0fa1,0,disabled,"{""enable_thinking"": false}",provider_default,2026-09-01T16:16:12.681578+00:00,2026-09-01T16:16:18.882028+00:00,6.2,1,None of these / Not clearly moral in nature,85,"The image depicts a man sitting alone with a somber expression, holding an old telephone receiver. While the mood is melancholic or tense, there are no visible actions involving care, harm, unfairness, or other specific moral categories. The scene represents a state of being (loneliness, waiting) rather than a clear moral event or violation. Classifying it under 'Harm' would require assuming he is suffering due to external cruelty, and 'Care' would require inferring a need for help that isn't explicitly shown.",success,,,2011,142,,2153,"{
  ""label"": ""None of these / Not clearly moral in nature"",
  ""confidence"": 85,
  ""brief_reason"": ""The image depicts a man sitting alone with a somber expression, holding an old telephone receiver. While the mood is melancholic or tense, there are no visible actions involving care, harm, unfairness, or other specific moral categories. The scene represents a state of being (loneliness, waiting) rather than a clear moral event or violation. Classifying it under 'Harm' would require assuming he is suffering due to external cruelty, and 'Care' would require inferring a need for help that isn't explicitly shown.""
}",
repeatability-v1,visual-moral-repeatability-v1,repeatability_subset_32.csv,9b29d0851bc8122b59276cdbc2e1e2f50f33caccfb7455f0fe203edbf0dff5ff,unanimous_exact_none,1,16,40-2,40-2.jpg,images/40-2.jpg,Alibaba Cloud Model Studio,qwen3.6-flash-2026-04-16,qwen3.6-flash-2026-04-16,v2-repeatability-2026-09-01,1c1a1676abde21bda6ea8cf6eef5a6ca2bb99ecef928005f0fe5aed4769d0fa1,0,disabled,"{""enable_thinking"": false}",provider_default,2026-09-01T16:16:19.403418+00:00,2026-09-01T16:16:30.966750+00:00,11.563,1,None of these / Not clearly moral in nature,95,"The image depicts a static, aesthetic still life arrangement featuring plants, a bicycle, and decorative objects. While the scene contains elements like a cracked pot or a broken clock face, these appear to be stylistic choices for artistic composition rather than indicators of suffering, injustice, or moral violation. There are no visible actions involving care, harm, fairness, or other moral categories.",success,,,2011,110,,2121,"{
  ""label"": ""None of these / Not clearly moral in nature"",
  ""confidence"": 95,
  ""brief_reason"": ""The image depicts a static, aesthetic still life arrangement featuring plants, a bicycle, and decorative objects. While the scene contains elements like a cracked pot or a broken clock face, these appear to be stylistic choices for artistic composition rather than indicators of suffering, injustice, or moral violation. There are no visible actions involving care, harm, fairness, or other moral categories.""
}",
repeatability-v1,visual-moral-repeatability-v1,repeatability_subset_32.csv,9b29d0851bc8122b59276cdbc2e1e2f50f33caccfb7455f0fe203edbf0dff5ff,all_moral_label_disagreement,1,17,14-1,14-1.jpg,images/14-1.jpg,Alibaba Cloud Model Studio,qwen3.6-flash-2026-04-16,qwen3.6-flash-2026-04-16,v2-repeatability-2026-09-01,1c1a1676abde21bda6ea8cf6eef5a6ca2bb99ecef928005f0fe5aed4769d0fa1,0,disabled,"{""enable_thinking"": false}",provider_default,2026-09-01T16:16:31.489179+00:00,2026-09-01T16:16:33.642120+00:00,2.153,1,Harm,95,"The image visually depicts a scene of violence and physical suffering. A man in the foreground is covered in a white substance (likely paint or flour) and appears to be bleeding from his head, indicating he has been assaulted. Another individual is actively throwing an object at him. This clearly conveys physical injury and cruelty.",success,,,1272,92,,1364,"{
  ""label"": ""Harm"",
  ""confidence"": 95,
  ""brief_reason"": ""The image visually depicts a scene of violence and physical suffering. A man in the foreground is covered in a white substance (likely paint or flour) and appears to be bleeding from his head, indicating he has been assaulted. Another individual is actively throwing an object at him. This clearly conveys physical injury and cruelty.""
}",
repeatability-v1,visual-moral-repeatability-v1,repeatability_subset_32.csv,9b29d0851bc8122b59276cdbc2e1e2f50f33caccfb7455f0fe203edbf0dff5ff,all_moral_label_disagreement,1,18,15-4,15-4.jpg,images/15-4.jpg,Alibaba Cloud Model Studio,qwen3.6-flash-2026-04-16,qwen3.6-flash-2026-04-16,v2-repeatability-2026-09-01,1c1a1676abde21bda6ea8cf6eef5a6ca2bb99ecef928005f0fe5aed4769d0fa1,0,disabled,"{""enable_thinking"": false}",provider_default,2026-09-01T16:16:34.162023+00:00,2026-09-01T16:16:37.273438+00:00,3.111,1,Care,85,"The image depicts a soldier engaging in a direct, positive interaction with local civilians, characterized by handshakes and attentive body language. This visual evidence strongly supports the category of 'Care,' which encompasses compassion, support, and concern for others' well-being. While the context implies a military occupation (which could suggest 'Respect / Authority'), the primary visible action is one of interpersonal connection and assistance rather than enforcement or hierarchy. There is no visual evidence of harm, unfairness, or degradation.",success,,,3352,123,,3475,"{
""label"": ""Care"",
""confidence"": 85,
""brief_reason"": ""The image depicts a soldier engaging in a direct, positive interaction with local civilians, characterized by handshakes and attentive body language. This visual evidence strongly supports the category of 'Care,' which encompasses compassion, support, and concern for others' well-being. While the context implies a military occupation (which could suggest 'Respect / Authority'), the primary visible action is one of interpersonal connection and assistance rather than enforcement or hierarchy. There is no visual evidence of harm, unfairness, or degradation.""
}",
repeatability-v1,visual-moral-repeatability-v1,repeatability_subset_32.csv,9b29d0851bc8122b59276cdbc2e1e2f50f33caccfb7455f0fe203edbf0dff5ff,all_moral_label_disagreement,1,19,17-2,17-2.jpg,images/17-2.jpg,Alibaba Cloud Model Studio,qwen3.6-flash-2026-04-16,qwen3.6-flash-2026-04-16,v2-repeatability-2026-09-01,1c1a1676abde21bda6ea8cf6eef5a6ca2bb99ecef928005f0fe5aed4769d0fa1,0,disabled,"{""enable_thinking"": false}",provider_default,2026-09-01T16:16:37.792051+00:00,2026-09-01T16:16:50.981614+00:00,13.189,1,Care,85,"The image depicts a woman (likely a parent) engaging in a serious conversation with a younger person who appears withdrawn and distressed. The woman's expressive gesture and focused attention suggest she is attempting to communicate, offer support, or address the younger person's well-being. This aligns with the category of 'Care' concerning the needs and vulnerability of another. While the interaction could be interpreted as a conflict ('Harm'), the primary visual emphasis is on the attempt at connection and addressing the emotional state, rather than overt abuse or cruelty.",success,,,2043,134,,2177,"{
  ""label"": ""Care"",
  ""confidence"": 85,
  ""brief_reason"": ""The image depicts a woman (likely a parent) engaging in a serious conversation with a younger person who appears withdrawn and distressed. The woman's expressive gesture and focused attention suggest she is attempting to communicate, offer support, or address the younger person's well-being. This aligns with the category of 'Care' concerning the needs and vulnerability of another. While the interaction could be interpreted as a conflict ('Harm'), the primary visual emphasis is on the attempt at connection and addressing the emotional state, rather than overt abuse or cruelty.""
}",
repeatability-v1,visual-moral-repeatability-v1,repeatability_subset_32.csv,9b29d0851bc8122b59276cdbc2e1e2f50f33caccfb7455f0fe203edbf0dff5ff,all_moral_label_disagreement,1,20,17-3,17-3.jpg,images/17-3.jpg,Alibaba Cloud Model Studio,qwen3.6-flash-2026-04-16,qwen3.6-flash-2026-04-16,v2-repeatability-2026-09-01,1c1a1676abde21bda6ea8cf6eef5a6ca2bb99ecef928005f0fe5aed4769d0fa1,0,disabled,"{""enable_thinking"": false}",provider_default,2026-09-01T16:16:51.502006+00:00,2026-09-01T16:17:01.389767+00:00,9.888,1,Care,85,"The image depicts an adult woman engaging in a serious conversation with a younger person, using expressive hand gestures and a concerned facial expression. This interaction strongly suggests a scenario of guidance, support, or addressing a personal issue, which aligns with the category of Care (concern for well-being, nurturing, support). While the specific topic is unknown, the visible dynamic is one of interpersonal connection and potential assistance rather than harm, unfairness, or other moral violations.",success,,,2043,120,,2163,"{
  ""label"": ""Care"",
  ""confidence"": 85,
  ""brief_reason"": ""The image depicts an adult woman engaging in a serious conversation with a younger person, using expressive hand gestures and a concerned facial expression. This interaction strongly suggests a scenario of guidance, support, or addressing a personal issue, which aligns with the category of Care (concern for well-being, nurturing, support). While the specific topic is unknown, the visible dynamic is one of interpersonal connection and potential assistance rather than harm, unfairness, or other moral violations.""
}",
repeatability-v1,visual-moral-repeatability-v1,repeatability_subset_32.csv,9b29d0851bc8122b59276cdbc2e1e2f50f33caccfb7455f0fe203edbf0dff5ff,all_moral_label_disagreement,1,21,18-1,18-1.jpg,images/18-1.jpg,Alibaba Cloud Model Studio,qwen3.6-flash-2026-04-16,qwen3.6-flash-2026-04-16,v2-repeatability-2026-09-01,1c1a1676abde21bda6ea8cf6eef5a6ca2bb99ecef928005f0fe5aed4769d0fa1,0,disabled,"{""enable_thinking"": false}",provider_default,2026-09-01T16:17:01.912110+00:00,2026-09-01T16:17:05.984418+00:00,4.073,1,Care,95,"The image depicts a communal gathering centered around 'THE PEOPLE'S HARVEST' and 'CULTIVATE COMMUNITY'. The visible actions include people tending to gardens, harvesting produce, and sharing meals together at long tables. These activities—nurturing plants, providing food, and fostering social connection—are direct visual representations of care, support, and concern for the well-being of the community.",success,,,2163,106,,2269,"{
  ""label"": ""Care"",
  ""confidence"": 95,
  ""brief_reason"": ""The image depicts a communal gathering centered around 'THE PEOPLE'S HARVEST' and 'CULTIVATE COMMUNITY'. The visible actions include people tending to gardens, harvesting produce, and sharing meals together at long tables. These activities—nurturing plants, providing food, and fostering social connection—are direct visual representations of care, support, and concern for the well-being of the community.""
}",
repeatability-v1,visual-moral-repeatability-v1,repeatability_subset_32.csv,9b29d0851bc8122b59276cdbc2e1e2f50f33caccfb7455f0fe203edbf0dff5ff,all_moral_label_disagreement,1,22,28-1,28-1.jpg,images/28-1.jpg,Alibaba Cloud Model Studio,qwen3.6-flash-2026-04-16,qwen3.6-flash-2026-04-16,v2-repeatability-2026-09-01,1c1a1676abde21bda6ea8cf6eef5a6ca2bb99ecef928005f0fe5aed4769d0fa1,0,disabled,"{""enable_thinking"": false}",provider_default,2026-09-01T16:17:06.501256+00:00,2026-09-01T16:17:20.322392+00:00,13.822,1,Harm,85,"The image visually depicts a person in a state of significant distress, exhaustion, and suffering. The subject's body language—head in hands, weary expression—and the environment (late night, piles of work) strongly convey emotional and physical strain. This aligns with the 'Harm' category, which includes emotional suffering and injury. While one might infer that this situation violates 'Fairness' regarding labor rights or work-life balance, the primary visual evidence focuses on the individual's visible suffering rather than an external act of injustice or unfair treatment.",success,,,2011,137,,2148,"{
  ""label"": ""Harm"",
  ""confidence"": 85,
  ""brief_reason"": ""The image visually depicts a person in a state of significant distress, exhaustion, and suffering. The subject's body language—head in hands, weary expression—and the environment (late night, piles of work) strongly convey emotional and physical strain. This aligns with the 'Harm' category, which includes emotional suffering and injury. While one might infer that this situation violates 'Fairness' regarding labor rights or work-life balance, the primary visual evidence focuses on the individual's visible suffering rather than an external act of injustice or unfair treatment.""
}",
repeatability-v1,visual-moral-repeatability-v1,repeatability_subset_32.csv,9b29d0851bc8122b59276cdbc2e1e2f50f33caccfb7455f0fe203edbf0dff5ff,all_moral_label_disagreement,1,23,31-2,31-2.jpg,images/31-2.jpg,Alibaba Cloud Model Studio,qwen3.6-flash-2026-04-16,qwen3.6-flash-2026-04-16,v2-repeatability-2026-09-01,1c1a1676abde21bda6ea8cf6eef5a6ca2bb99ecef928005f0fe5aed4769d0fa1,0,disabled,"{""enable_thinking"": false}",provider_default,2026-09-01T16:17:20.838987+00:00,2026-09-01T16:17:30.316553+00:00,9.478,1,Degradation,85,"The image depicts a scene of stark contrast where symbols of childhood celebration and innocence (a birthday party with colorful balloons and cakes) are placed in a setting of decay, filth, and abandonment. This juxtaposition suggests the desecration or contamination of something pure or sacred (the sanctity of childhood), which aligns best with the category of Degradation. While 'Sanctity' is related, it typically refers to the protection of the sacred, whereas this image visually emphasizes the violation or degradation of that state through its sordid environment.",success,,,2011,141,,2152,"{
  ""label"": ""Degradation"",
  ""confidence"": 85,
  ""brief_reason"": ""The image depicts a scene of stark contrast where symbols of childhood celebration and innocence (a birthday party with colorful balloons and cakes) are placed in a setting of decay, filth, and abandonment. This juxtaposition suggests the desecration or contamination of something pure or sacred (the sanctity of childhood), which aligns best with the category of Degradation. While 'Sanctity' is related, it typically refers to the protection of the sacred, whereas this image visually emphasizes the violation or degradation of that state through its sordid environment.""
}",
repeatability-v1,visual-moral-repeatability-v1,repeatability_subset_32.csv,9b29d0851bc8122b59276cdbc2e1e2f50f33caccfb7455f0fe203edbf0dff5ff,all_moral_label_disagreement,1,24,o-3,o-3.png,images/o-3.png,Alibaba Cloud Model Studio,qwen3.6-flash-2026-04-16,qwen3.6-flash-2026-04-16,v2-repeatability-2026-09-01,1c1a1676abde21bda6ea8cf6eef5a6ca2bb99ecef928005f0fe5aed4769d0fa1,0,disabled,"{""enable_thinking"": false}",provider_default,2026-09-01T16:17:30.841536+00:00,2026-09-01T16:17:42.280675+00:00,11.439,1,Harm,75,"The image visually depicts a scene of interpersonal conflict. The woman in the foreground displays visible distress (hands clasped over mouth), while the man in the background is actively pointing and gesturing aggressively towards her or the group. This dynamic strongly suggests emotional suffering, bullying, or harassment, which falls under the category of Harm. While 'Care' is relevant to the victim's state, the active aggressive gesture makes 'Harm' the primary moral concern. Classification is not perfect (75 confidence) because the specific nature of the interaction is blurry, but the visual cues of aggression and distress are distinct.",success,,,2721,149,,2870,"{
  ""label"": ""Harm"",
  ""confidence"": 75,
  ""brief_reason"": ""The image visually depicts a scene of interpersonal conflict. The woman in the foreground displays visible distress (hands clasped over mouth), while the man in the background is actively pointing and gesturing aggressively towards her or the group. This dynamic strongly suggests emotional suffering, bullying, or harassment, which falls under the category of Harm. While 'Care' is relevant to the victim's state, the active aggressive gesture makes 'Harm' the primary moral concern. Classification is not perfect (75 confidence) because the specific nature of the interaction is blurry, but the visual cues of aggression and distress are distinct.""
}",
repeatability-v1,visual-moral-repeatability-v1,repeatability_subset_32.csv,9b29d0851bc8122b59276cdbc2e1e2f50f33caccfb7455f0fe203edbf0dff5ff,moral_none_disagreement,1,25,4-3,4-3.jpg,images/4-3.jpg,Alibaba Cloud Model Studio,qwen3.6-flash-2026-04-16,qwen3.6-flash-2026-04-16,v2-repeatability-2026-09-01,1c1a1676abde21bda6ea8cf6eef5a6ca2bb99ecef928005f0fe5aed4769d0fa1,0,disabled,"{""enable_thinking"": false}",provider_default,2026-09-01T16:17:42.803046+00:00,2026-09-01T16:17:44.978230+00:00,2.175,1,Respect / Authority,85,"The image depicts a uniformed police officer interacting with a young boy in a public setting. The primary visual dynamic is the presence of an authority figure (the officer) and a civilian (the child). This scene inherently relates to social roles, hierarchy, and the interaction between citizens and law enforcement, which falls under 'Respect / Authority'. While one might infer concerns about fairness or care depending on the context of the conversation, those are not explicitly visible. The most direct moral theme conveyed by the mere presence and interaction of these specific figures is the exercise and reception of authority.",success,,,1627,142,,1769,"{
""label"": ""Respect / Authority"",
""confidence"": 85,
""brief_reason"": ""The image depicts a uniformed police officer interacting with a young boy in a public setting. The primary visual dynamic is the presence of an authority figure (the officer) and a civilian (the child). This scene inherently relates to social roles, hierarchy, and the interaction between citizens and law enforcement, which falls under 'Respect / Authority'. While one might infer concerns about fairness or care depending on the context of the conversation, those are not explicitly visible. The most direct moral theme conveyed by the mere presence and interaction of these specific figures is the exercise and reception of authority.""
}",
repeatability-v1,visual-moral-repeatability-v1,repeatability_subset_32.csv,9b29d0851bc8122b59276cdbc2e1e2f50f33caccfb7455f0fe203edbf0dff5ff,moral_none_disagreement,1,26,6-3,6-3.jpg,images/6-3.jpg,Alibaba Cloud Model Studio,qwen3.6-flash-2026-04-16,qwen3.6-flash-2026-04-16,v2-repeatability-2026-09-01,1c1a1676abde21bda6ea8cf6eef5a6ca2bb99ecef928005f0fe5aed4769d0fa1,0,disabled,"{""enable_thinking"": false}",provider_default,2026-09-01T16:17:45.496555+00:00,2026-09-01T16:17:47.728814+00:00,2.232,1,None of these / Not clearly moral in nature,85,"The image depicts individuals wearing white robes and pointed hoods (capirotes), which are visually consistent with participants in religious processions, such as those during Holy Week in Spain or Latin America. While these garments are historically associated with the Ku Klux Klan—a group linked to harm and degradation—the visual evidence here (uniformity, solemn atmosphere, lack of aggressive context) strongly suggests a religious or cultural ritual rather than an act of violence, discrimination, or oppression. Classifying this as 'Harm' or 'Degradation' would require inferring hateful intent or specific historical context not present in the frame. Conversely, 'Sanctity' is plausible given the likely religious nature, but it is not definitively clear without more context. Therefore, the primary moral concern is ambiguous based strictly on visible evidence.",success,,,3027,199,,3226,"{
  ""label"": ""None of these / Not clearly moral in nature"",
  ""confidence"": 85,
  ""brief_reason"": ""The image depicts individuals wearing white robes and pointed hoods (capirotes), which are visually consistent with participants in religious processions, such as those during Holy Week in Spain or Latin America. While these garments are historically associated with the Ku Klux Klan—a group linked to harm and degradation—the visual evidence here (uniformity, solemn atmosphere, lack of aggressive context) strongly suggests a religious or cultural ritual rather than an act of violence, discrimination, or oppression. Classifying this as 'Harm' or 'Degradation' would require inferring hateful intent or specific historical context not present in the frame. Conversely, 'Sanctity' is plausible given the likely religious nature, but it is not definitively clear without more context. Therefore, the primary moral concern is ambiguous based strictly on visible evidence.""
}",
repeatability-v1,visual-moral-repeatability-v1,repeatability_subset_32.csv,9b29d0851bc8122b59276cdbc2e1e2f50f33caccfb7455f0fe203edbf0dff5ff,moral_none_disagreement,1,27,7-1,7-1.jpg,images/7-1.jpg,Alibaba Cloud Model Studio,qwen3.6-flash-2026-04-16,qwen3.6-flash-2026-04-16,v2-repeatability-2026-09-01,1c1a1676abde21bda6ea8cf6eef5a6ca2bb99ecef928005f0fe5aed4769d0fa1,0,disabled,"{""enable_thinking"": false}",provider_default,2026-09-01T16:17:48.246884+00:00,2026-09-01T16:17:50.982364+00:00,2.735,1,None of these / Not clearly moral in nature,95,"The image depicts a standard professional interaction (a handshake between two business people). While this action can imply positive social values like respect or fairness, the visual evidence does not strongly convey a specific moral concern such as care for vulnerability, harm, injustice, or rule-breaking. It is a neutral social scene rather than a distinct moral situation.",success,,,1083,102,,1185,"{
  ""label"": ""None of these / Not clearly moral in nature"",
  ""confidence"": 95,
  ""brief_reason"": ""The image depicts a standard professional interaction (a handshake between two business people). While this action can imply positive social values like respect or fairness, the visual evidence does not strongly convey a specific moral concern such as care for vulnerability, harm, injustice, or rule-breaking. It is a neutral social scene rather than a distinct moral situation.""
}",
repeatability-v1,visual-moral-repeatability-v1,repeatability_subset_32.csv,9b29d0851bc8122b59276cdbc2e1e2f50f33caccfb7455f0fe203edbf0dff5ff,moral_none_disagreement,1,28,13-3,13-3.jpg,images/13-3.jpg,Alibaba Cloud Model Studio,qwen3.6-flash-2026-04-16,qwen3.6-flash-2026-04-16,v2-repeatability-2026-09-01,1c1a1676abde21bda6ea8cf6eef5a6ca2bb99ecef928005f0fe5aed4769d0fa1,0,disabled,"{""enable_thinking"": false}",provider_default,2026-09-01T16:17:51.501782+00:00,2026-09-01T16:18:03.966915+00:00,12.465,1,Cheating,85,"The image depicts a person in a hoodie leaning into a car window, an action strongly associated with theft or breaking and entering. This behavior represents a violation of property rights and rules (breaking the law) to gain an unfair advantage (stealing), which aligns best with the category of Cheating. While 'Harm' is a potential secondary concern regarding the victim's loss, the primary visual focus is on the deceptive and rule-breaking act itself rather than visible physical injury or suffering.",success,,,2721,126,,2847,"{
  ""label"": ""Cheating"",
  ""confidence"": 85,
  ""brief_reason"": ""The image depicts a person in a hoodie leaning into a car window, an action strongly associated with theft or breaking and entering. This behavior represents a violation of property rights and rules (breaking the law) to gain an unfair advantage (stealing), which aligns best with the category of Cheating. While 'Harm' is a potential secondary concern regarding the victim's loss, the primary visual focus is on the deceptive and rule-breaking act itself rather than visible physical injury or suffering.""
}",
repeatability-v1,visual-moral-repeatability-v1,repeatability_subset_32.csv,9b29d0851bc8122b59276cdbc2e1e2f50f33caccfb7455f0fe203edbf0dff5ff,moral_none_disagreement,1,29,25-1,25-1.jpg,images/25-1.jpg,Alibaba Cloud Model Studio,qwen3.6-flash-2026-04-16,qwen3.6-flash-2026-04-16,v2-repeatability-2026-09-01,1c1a1676abde21bda6ea8cf6eef5a6ca2bb99ecef928005f0fe5aed4769d0fa1,0,disabled,"{""enable_thinking"": false}",provider_default,2026-09-01T16:18:04.488722+00:00,2026-09-01T16:18:21.300637+00:00,16.812,1,Loyalty,85,"The image depicts a group of people walking together in a unified formation with serious expressions. This visual solidarity and collective movement strongly suggest a theme of shared commitment or allegiance to a common cause, which aligns best with the category of Loyalty. While the setting is somber, there is no visible evidence of active harm, unfair treatment, or violation of authority that would make those categories primary.",success,,,2011,108,,2119,"{
  ""label"": ""Loyalty"",
  ""confidence"": 85,
  ""brief_reason"": ""The image depicts a group of people walking together in a unified formation with serious expressions. This visual solidarity and collective movement strongly suggest a theme of shared commitment or allegiance to a common cause, which aligns best with the category of Loyalty. While the setting is somber, there is no visible evidence of active harm, unfair treatment, or violation of authority that would make those categories primary.""
}",
repeatability-v1,visual-moral-repeatability-v1,repeatability_subset_32.csv,9b29d0851bc8122b59276cdbc2e1e2f50f33caccfb7455f0fe203edbf0dff5ff,moral_none_disagreement,1,30,29-2,29-2.jpg,images/29-2.jpg,Alibaba Cloud Model Studio,qwen3.6-flash-2026-04-16,qwen3.6-flash-2026-04-16,v2-repeatability-2026-09-01,1c1a1676abde21bda6ea8cf6eef5a6ca2bb99ecef928005f0fe5aed4769d0fa1,0,disabled,"{""enable_thinking"": false}",provider_default,2026-09-01T16:18:21.823391+00:00,2026-09-01T16:18:28.373860+00:00,6.55,1,Harm,75,"The image depicts a man in visible physical distress, indicated by his facial expression and gesture of pinching his nose while standing in the rain. This suggests suffering or discomfort (a form of harm). While 'Care' is plausible as an observer might feel compassion for him, the primary visual evidence focuses on the subject's negative state rather than an act of helping. No other moral categories like fairness, cheating, or authority are visually present.",success,,,2011,116,,2127,"{
  ""label"": ""Harm"",
  ""confidence"": 75,
  ""brief_reason"": ""The image depicts a man in visible physical distress, indicated by his facial expression and gesture of pinching his nose while standing in the rain. This suggests suffering or discomfort (a form of harm). While 'Care' is plausible as an observer might feel compassion for him, the primary visual evidence focuses on the subject's negative state rather than an act of helping. No other moral categories like fairness, cheating, or authority are visually present.""
}",
repeatability-v1,visual-moral-repeatability-v1,repeatability_subset_32.csv,9b29d0851bc8122b59276cdbc2e1e2f50f33caccfb7455f0fe203edbf0dff5ff,moral_none_disagreement,1,31,35-4,35-4.jpg,images/35-4.jpg,Alibaba Cloud Model Studio,qwen3.6-flash-2026-04-16,qwen3.6-flash-2026-04-16,v2-repeatability-2026-09-01,1c1a1676abde21bda6ea8cf6eef5a6ca2bb99ecef928005f0fe5aed4769d0fa1,0,disabled,"{""enable_thinking"": false}",provider_default,2026-09-01T16:18:28.897236+00:00,2026-09-01T16:18:41.317909+00:00,12.42,1,None of these / Not clearly moral in nature,95,"The image depicts a group of colleagues in a professional setting who appear happy and engaged, displaying positive body language such as smiling, giving thumbs up, and high-fiving. There is no visible evidence of suffering, unfair treatment, deception, or violation of dignity. While the scene implies positive social dynamics like teamwork (which could loosely relate to Loyalty or Care), it does not present a specific moral dilemma, conflict, or action that fits clearly into the defined moral categories. It is best classified as a general positive workplace scene without a primary moral concern.",success,,,2011,146,,2157,"{
  ""label"": ""None of these / Not clearly moral in nature"",
  ""confidence"": 95,
  ""brief_reason"": ""The image depicts a group of colleagues in a professional setting who appear happy and engaged, displaying positive body language such as smiling, giving thumbs up, and high-fiving. There is no visible evidence of suffering, unfair treatment, deception, or violation of dignity. While the scene implies positive social dynamics like teamwork (which could loosely relate to Loyalty or Care), it does not present a specific moral dilemma, conflict, or action that fits clearly into the defined moral categories. It is best classified as a general positive workplace scene without a primary moral concern.""
}",
repeatability-v1,visual-moral-repeatability-v1,repeatability_subset_32.csv,9b29d0851bc8122b59276cdbc2e1e2f50f33caccfb7455f0fe203edbf0dff5ff,moral_none_disagreement,1,32,40-4,40-4.jpg,images/40-4.jpg,Alibaba Cloud Model Studio,qwen3.6-flash-2026-04-16,qwen3.6-flash-2026-04-16,v2-repeatability-2026-09-01,1c1a1676abde21bda6ea8cf6eef5a6ca2bb99ecef928005f0fe5aed4769d0fa1,0,disabled,"{""enable_thinking"": false}",provider_default,2026-09-01T16:18:41.842465+00:00,2026-09-01T16:18:55.590522+00:00,13.748,1,None of these / Not clearly moral in nature,95,"The image depicts a static, artistic still life scene featuring decaying objects like a rusty bicycle, broken glass, and dried plants. While the imagery evokes themes of decay, abandonment, or entropy, there are no visible human subjects, animals, or specific actions that convey a moral concern such as harm, unfairness, or lack of care. The scene appears to be an aesthetic composition rather than a depiction of a morally relevant situation involving sentient beings.",success,,,2011,126,,2137,"{
  ""label"": ""None of these / Not clearly moral in nature"",
  ""confidence"": 95,
  ""brief_reason"": ""The image depicts a static, artistic still life scene featuring decaying objects like a rusty bicycle, broken glass, and dried plants. While the imagery evokes themes of decay, abandonment, or entropy, there are no visible human subjects, animals, or specific actions that convey a moral concern such as harm, unfairness, or lack of care. The scene appears to be an aesthetic composition rather than a depiction of a morally relevant situation involving sentient beings.""
}",
repeatability-v1,visual-moral-repeatability-v1,repeatability_subset_32.csv,9b29d0851bc8122b59276cdbc2e1e2f50f33caccfb7455f0fe203edbf0dff5ff,unanimous_exact_none,2,1,27-2,27-2.jpg,images/27-2.jpg,Alibaba Cloud Model Studio,qwen3.6-flash-2026-04-16,qwen3.6-flash-2026-04-16,v2-repeatability-2026-09-01,1c1a1676abde21bda6ea8cf6eef5a6ca2bb99ecef928005f0fe5aed4769d0fa1,0,disabled,"{""enable_thinking"": false}",provider_default,2026-09-01T16:18:56.930299+00:00,2026-09-01T16:19:23.136429+00:00,26.205,1,None of these / Not clearly moral in nature,85,"The image depicts a woman celebrating a birthday in a dilapidated building. While the setting implies neglect or destruction (which could relate to Harm or Degradation), the subject herself is smiling and holding a cake, conveying joy rather than suffering or victimization. There are no visible actions of cheating, betrayal, unfairness, or lack of care directed at her. The scene appears to be an artistic juxtaposition of life and decay rather than a depiction of a specific moral violation or ethical dilemma.",success,,,2011,135,,2146,"{
  ""label"": ""None of these / Not clearly moral in nature"",
  ""confidence"": 85,
  ""brief_reason"": ""The image depicts a woman celebrating a birthday in a dilapidated building. While the setting implies neglect or destruction (which could relate to Harm or Degradation), the subject herself is smiling and holding a cake, conveying joy rather than suffering or victimization. There are no visible actions of cheating, betrayal, unfairness, or lack of care directed at her. The scene appears to be an artistic juxtaposition of life and decay rather than a depiction of a specific moral violation or ethical dilemma.""
}",
repeatability-v1,visual-moral-repeatability-v1,repeatability_subset_32.csv,9b29d0851bc8122b59276cdbc2e1e2f50f33caccfb7455f0fe203edbf0dff5ff,unanimous_exact_none,2,2,29-1,29-1.jpg,images/29-1.jpg,Alibaba Cloud Model Studio,qwen3.6-flash-2026-04-16,qwen3.6-flash-2026-04-16,v2-repeatability-2026-09-01,1c1a1676abde21bda6ea8cf6eef5a6ca2bb99ecef928005f0fe5aed4769d0fa1,0,disabled,"{""enable_thinking"": false}",provider_default,2026-09-01T16:19:23.645156+00:00,2026-09-01T16:19:36.719398+00:00,13.074,1,None of these / Not clearly moral in nature,95,"The image depicts a person engaged in the craft of pottery with focus and concentration. While this activity involves care for the object being made, it is a neutral creative act that does not convey a primary moral concern regarding the well-being, rights, or dignity of another person. There is no visible evidence of harm, unfairness, cheating, or violation of social norms.",success,,,2011,109,,2120,"{
  ""label"": ""None of these / Not clearly moral in nature"",
  ""confidence"": 95,
  ""brief_reason"": ""The image depicts a person engaged in the craft of pottery with focus and concentration. While this activity involves care for the object being made, it is a neutral creative act that does not convey a primary moral concern regarding the well-being, rights, or dignity of another person. There is no visible evidence of harm, unfairness, cheating, or violation of social norms.""
}",
repeatability-v1,visual-moral-repeatability-v1,repeatability_subset_32.csv,9b29d0851bc8122b59276cdbc2e1e2f50f33caccfb7455f0fe203edbf0dff5ff,unanimous_exact_none,2,3,30-1,30-1.jpg,images/30-1.jpg,Alibaba Cloud Model Studio,qwen3.6-flash-2026-04-16,qwen3.6-flash-2026-04-16,v2-repeatability-2026-09-01,1c1a1676abde21bda6ea8cf6eef5a6ca2bb99ecef928005f0fe5aed4769d0fa1,0,disabled,"{""enable_thinking"": false}",provider_default,2026-09-01T16:19:37.240204+00:00,2026-09-01T16:19:47.779408+00:00,10.539,1,None of these / Not clearly moral in nature,95,"The image depicts a person engaged in a creative hobby (pottery) within a peaceful studio setting. The scene conveys themes of creativity, focus, and craftsmanship. There are no visible elements suggesting vulnerability, suffering, unfairness, deception, or conflict with authority. While one could broadly interpret the act of making as 'care' for the object being made, this is not a primary moral concern regarding well-being or welfare in the context of the provided categories.",success,,,2011,128,,2139,"{
  ""label"": ""None of these / Not clearly moral in nature"",
  ""confidence"": 95,
  ""brief_reason"": ""The image depicts a person engaged in a creative hobby (pottery) within a peaceful studio setting. The scene conveys themes of creativity, focus, and craftsmanship. There are no visible elements suggesting vulnerability, suffering, unfairness, deception, or conflict with authority. While one could broadly interpret the act of making as 'care' for the object being made, this is not a primary moral concern regarding well-being or welfare in the context of the provided categories.""
}",
repeatability-v1,visual-moral-repeatability-v1,repeatability_subset_32.csv,9b29d0851bc8122b59276cdbc2e1e2f50f33caccfb7455f0fe203edbf0dff5ff,unanimous_exact_none,2,4,33-3,33-3.jpg,images/33-3.jpg,Alibaba Cloud Model Studio,qwen3.6-flash-2026-04-16,qwen3.6-flash-2026-04-16,v2-repeatability-2026-09-01,1c1a1676abde21bda6ea8cf6eef5a6ca2bb99ecef928005f0fe5aed4769d0fa1,0,disabled,"{""enable_thinking"": false}",provider_default,2026-09-01T16:19:48.303383+00:00,2026-09-01T16:19:52.824304+00:00,4.521,1,None of these / Not clearly moral in nature,85,"The image depicts a man sitting alone with a somber expression, holding an old telephone receiver. While the mood is melancholic or tense, there are no visible actions involving care, harm, unfairness, cheating, loyalty, betrayal, authority, subversion, sanctity, or degradation. The scene appears to be a portrait capturing an emotional state rather than a specific moral situation. Inferring that he is suffering (Harm) or waiting for news requiring support (Care) requires assumptions about his internal state and context not explicitly shown.",success,,,2011,143,,2154,"{
  ""label"": ""None of these / Not clearly moral in nature"",
  ""confidence"": 85,
  ""brief_reason"": ""The image depicts a man sitting alone with a somber expression, holding an old telephone receiver. While the mood is melancholic or tense, there are no visible actions involving care, harm, unfairness, cheating, loyalty, betrayal, authority, subversion, sanctity, or degradation. The scene appears to be a portrait capturing an emotional state rather than a specific moral situation. Inferring that he is suffering (Harm) or waiting for news requiring support (Care) requires assumptions about his internal state and context not explicitly shown.""
}",
repeatability-v1,visual-moral-repeatability-v1,repeatability_subset_32.csv,9b29d0851bc8122b59276cdbc2e1e2f50f33caccfb7455f0fe203edbf0dff5ff,unanimous_exact_none,2,5,40-2,40-2.jpg,images/40-2.jpg,Alibaba Cloud Model Studio,qwen3.6-flash-2026-04-16,qwen3.6-flash-2026-04-16,v2-repeatability-2026-09-01,1c1a1676abde21bda6ea8cf6eef5a6ca2bb99ecef928005f0fe5aed4769d0fa1,0,disabled,"{""enable_thinking"": false}",provider_default,2026-09-01T16:19:53.348655+00:00,2026-09-01T16:20:02.142508+00:00,8.794,1,None of these / Not clearly moral in nature,95,"The image depicts a stylized, artistic still life arrangement featuring a bicycle with vines, potted plants, and decorative objects. While the scene contains elements like a cracked pot and overgrown vegetation, these appear to be aesthetic choices rather than indicators of moral concern such as suffering, neglect, or injustice. There are no visible agents performing actions that would fit categories like Care, Harm, or Fairness, nor is there evidence of abstract concepts like Cheating or Betrayal. The primary content is decorative and symbolic rather than morally charged.",success,,,2011,143,,2154,"{
  ""label"": ""None of these / Not clearly moral in nature"",
  ""confidence"": 95,
  ""brief_reason"": ""The image depicts a stylized, artistic still life arrangement featuring a bicycle with vines, potted plants, and decorative objects. While the scene contains elements like a cracked pot and overgrown vegetation, these appear to be aesthetic choices rather than indicators of moral concern such as suffering, neglect, or injustice. There are no visible agents performing actions that would fit categories like Care, Harm, or Fairness, nor is there evidence of abstract concepts like Cheating or Betrayal. The primary content is decorative and symbolic rather than morally charged.""
}",
repeatability-v1,visual-moral-repeatability-v1,repeatability_subset_32.csv,9b29d0851bc8122b59276cdbc2e1e2f50f33caccfb7455f0fe203edbf0dff5ff,all_moral_label_disagreement,2,6,14-1,14-1.jpg,images/14-1.jpg,Alibaba Cloud Model Studio,qwen3.6-flash-2026-04-16,qwen3.6-flash-2026-04-16,v2-repeatability-2026-09-01,1c1a1676abde21bda6ea8cf6eef5a6ca2bb99ecef928005f0fe5aed4769d0fa1,0,disabled,"{""enable_thinking"": false}",provider_default,2026-09-01T16:20:02.663804+00:00,2026-09-01T16:20:04.949750+00:00,2.286,1,Harm,95,"The image visually depicts a scene of physical violence and assault. A man in the foreground is covered in a white substance (likely paint or flour) and appears to be the target of an attack, while another individual is actively throwing a can at him. This clearly conveys physical suffering, injury, and cruelty.",success,,,1272,91,,1363,"{
  ""label"": ""Harm"",
  ""confidence"": 95,
  ""brief_reason"": ""The image visually depicts a scene of physical violence and assault. A man in the foreground is covered in a white substance (likely paint or flour) and appears to be the target of an attack, while another individual is actively throwing a can at him. This clearly conveys physical suffering, injury, and cruelty.""
}",
repeatability-v1,visual-moral-repeatability-v1,repeatability_subset_32.csv,9b29d0851bc8122b59276cdbc2e1e2f50f33caccfb7455f0fe203edbf0dff5ff,all_moral_label_disagreement,2,7,15-4,15-4.jpg,images/15-4.jpg,Alibaba Cloud Model Studio,qwen3.6-flash-2026-04-16,qwen3.6-flash-2026-04-16,v2-repeatability-2026-09-01,1c1a1676abde21bda6ea8cf6eef5a6ca2bb99ecef928005f0fe5aed4769d0fa1,0,disabled,"{""enable_thinking"": false}",provider_default,2026-09-01T16:20:05.473074+00:00,2026-09-01T16:20:08.257938+00:00,2.785,1,Care,85,"The image depicts a soldier engaging in a direct, positive interaction with local civilians, characterized by handshakes and attentive listening. This visual evidence strongly supports the category of 'Care,' which encompasses compassion, support, and concern for others' well-being. While the context implies a military occupation (which could raise issues of Fairness or Authority), the primary visible action is one of interpersonal connection and assistance rather than enforcement, conflict, or exploitation.",success,,,3352,116,,3468,"{
  ""label"": ""Care"",
  ""confidence"": 85,
  ""brief_reason"": ""The image depicts a soldier engaging in a direct, positive interaction with local civilians, characterized by handshakes and attentive listening. This visual evidence strongly supports the category of 'Care,' which encompasses compassion, support, and concern for others' well-being. While the context implies a military occupation (which could raise issues of Fairness or Authority), the primary visible action is one of interpersonal connection and assistance rather than enforcement, conflict, or exploitation.""
}",
repeatability-v1,visual-moral-repeatability-v1,repeatability_subset_32.csv,9b29d0851bc8122b59276cdbc2e1e2f50f33caccfb7455f0fe203edbf0dff5ff,all_moral_label_disagreement,2,8,17-2,17-2.jpg,images/17-2.jpg,Alibaba Cloud Model Studio,qwen3.6-flash-2026-04-16,qwen3.6-flash-2026-04-16,v2-repeatability-2026-09-01,1c1a1676abde21bda6ea8cf6eef5a6ca2bb99ecef928005f0fe5aed4769d0fa1,0,disabled,"{""enable_thinking"": false}",provider_default,2026-09-01T16:20:08.781026+00:00,2026-09-01T16:20:21.022679+00:00,12.241,1,Care,85,"The image depicts a woman engaging in an earnest conversation with a younger person who appears withdrawn and distressed. The woman's expressive gestures and focused attention suggest she is attempting to offer support, guidance, or comfort, which aligns with the category of Care (concern for well-being and vulnerability). While the interaction could be interpreted as a conflict (potentially touching on Authority or Harm), the primary visual narrative centers on the adult's attempt to address the youth's emotional state.",success,,,2043,122,,2165,"{
  ""label"": ""Care"",
  ""confidence"": 85,
  ""brief_reason"": ""The image depicts a woman engaging in an earnest conversation with a younger person who appears withdrawn and distressed. The woman's expressive gestures and focused attention suggest she is attempting to offer support, guidance, or comfort, which aligns with the category of Care (concern for well-being and vulnerability). While the interaction could be interpreted as a conflict (potentially touching on Authority or Harm), the primary visual narrative centers on the adult's attempt to address the youth's emotional state.""
}",
repeatability-v1,visual-moral-repeatability-v1,repeatability_subset_32.csv,9b29d0851bc8122b59276cdbc2e1e2f50f33caccfb7455f0fe203edbf0dff5ff,all_moral_label_disagreement,2,9,17-3,17-3.jpg,images/17-3.jpg,Alibaba Cloud Model Studio,qwen3.6-flash-2026-04-16,qwen3.6-flash-2026-04-16,v2-repeatability-2026-09-01,1c1a1676abde21bda6ea8cf6eef5a6ca2bb99ecef928005f0fe5aed4769d0fa1,0,disabled,"{""enable_thinking"": false}",provider_default,2026-09-01T16:20:21.539915+00:00,2026-09-01T16:20:28.363157+00:00,6.823,1,Care,85,"The image depicts an adult woman engaging in a serious conversation with a younger person, using expressive hand gestures typical of explaining, counseling, or guiding. This interaction strongly suggests a dynamic of mentorship, parenting, or support, which aligns with the category of Care (concern for well-being and nurturing). While the younger person's withdrawn body language could suggest emotional distress (Harm), the primary visible action is the adult's attempt to communicate and connect, making 'Care' the most accurate description of the moral situation.",success,,,2043,128,,2171,"{
""label"": ""Care"",
""confidence"": 85,
""brief_reason"": ""The image depicts an adult woman engaging in a serious conversation with a younger person, using expressive hand gestures typical of explaining, counseling, or guiding. This interaction strongly suggests a dynamic of mentorship, parenting, or support, which aligns with the category of Care (concern for well-being and nurturing). While the younger person's withdrawn body language could suggest emotional distress (Harm), the primary visible action is the adult's attempt to communicate and connect, making 'Care' the most accurate description of the moral situation.""
}",
repeatability-v1,visual-moral-repeatability-v1,repeatability_subset_32.csv,9b29d0851bc8122b59276cdbc2e1e2f50f33caccfb7455f0fe203edbf0dff5ff,all_moral_label_disagreement,2,10,18-1,18-1.jpg,images/18-1.jpg,Alibaba Cloud Model Studio,qwen3.6-flash-2026-04-16,qwen3.6-flash-2026-04-16,v2-repeatability-2026-09-01,1c1a1676abde21bda6ea8cf6eef5a6ca2bb99ecef928005f0fe5aed4769d0fa1,0,disabled,"{""enable_thinking"": false}",provider_default,2026-09-01T16:20:28.871840+00:00,2026-09-01T16:20:35.360721+00:00,6.489,1,Care,95,"The image depicts a communal gathering centered around 'THE PEOPLE'S HARVEST' and 'CULTIVATE COMMUNITY'. The visible actions involve people tending to gardens, harvesting produce, and sharing meals together at long tables. These activities—nurturing plants, providing food, and fostering social connection—are direct visual representations of care, support, and concern for the well-being of the community.",success,,,2163,106,,2269,"{
  ""label"": ""Care"",
  ""confidence"": 95,
  ""brief_reason"": ""The image depicts a communal gathering centered around 'THE PEOPLE'S HARVEST' and 'CULTIVATE COMMUNITY'. The visible actions involve people tending to gardens, harvesting produce, and sharing meals together at long tables. These activities—nurturing plants, providing food, and fostering social connection—are direct visual representations of care, support, and concern for the well-being of the community.""
}",
repeatability-v1,visual-moral-repeatability-v1,repeatability_subset_32.csv,9b29d0851bc8122b59276cdbc2e1e2f50f33caccfb7455f0fe203edbf0dff5ff,all_moral_label_disagreement,2,11,28-1,28-1.jpg,images/28-1.jpg,Alibaba Cloud Model Studio,qwen3.6-flash-2026-04-16,qwen3.6-flash-2026-04-16,v2-repeatability-2026-09-01,1c1a1676abde21bda6ea8cf6eef5a6ca2bb99ecef928005f0fe5aed4769d0fa1,0,disabled,"{""enable_thinking"": false}",provider_default,2026-09-01T16:20:35.880129+00:00,2026-09-01T16:20:49.165115+00:00,13.285,1,Harm,85,"The image visually depicts a person in a state of significant distress, exhaustion, and suffering. The subject's body language—head in hands, weary expression—and the surrounding environment (late night, piles of work, messy desk) strongly convey emotional suffering and physical strain caused by an overwhelming workload. While this could imply issues with fairness or care, the primary visible evidence is the direct experience of suffering and harm to the individual's well-being.",success,,,2011,116,,2127,"{
  ""label"": ""Harm"",
  ""confidence"": 85,
  ""brief_reason"": ""The image visually depicts a person in a state of significant distress, exhaustion, and suffering. The subject's body language—head in hands, weary expression—and the surrounding environment (late night, piles of work, messy desk) strongly convey emotional suffering and physical strain caused by an overwhelming workload. While this could imply issues with fairness or care, the primary visible evidence is the direct experience of suffering and harm to the individual's well-being.""
}",
repeatability-v1,visual-moral-repeatability-v1,repeatability_subset_32.csv,9b29d0851bc8122b59276cdbc2e1e2f50f33caccfb7455f0fe203edbf0dff5ff,all_moral_label_disagreement,2,12,31-2,31-2.jpg,images/31-2.jpg,Alibaba Cloud Model Studio,qwen3.6-flash-2026-04-16,qwen3.6-flash-2026-04-16,v2-repeatability-2026-09-01,1c1a1676abde21bda6ea8cf6eef5a6ca2bb99ecef928005f0fe5aed4769d0fa1,0,disabled,"{""enable_thinking"": false}",provider_default,2026-09-01T16:20:49.686036+00:00,2026-09-01T16:20:58.539529+00:00,8.853,1,Degradation,85,"The image depicts a scene of stark contrast where symbols of childhood celebration and innocence (a birthday party with colorful balloons and cakes) are placed in a setting of decay, filth, and abandonment. This juxtaposition suggests the desecration or contamination of something pure or sacred (the sanctity of childhood joy), which aligns best with the category of Degradation. While 'Sanctity' is related, it typically refers to the protection of purity; here, the visual evidence points towards the violation or degradation of that state by the surrounding environment.",success,,,2011,141,,2152,"{
  ""label"": ""Degradation"",
  ""confidence"": 85,
  ""brief_reason"": ""The image depicts a scene of stark contrast where symbols of childhood celebration and innocence (a birthday party with colorful balloons and cakes) are placed in a setting of decay, filth, and abandonment. This juxtaposition suggests the desecration or contamination of something pure or sacred (the sanctity of childhood joy), which aligns best with the category of Degradation. While 'Sanctity' is related, it typically refers to the protection of purity; here, the visual evidence points towards the violation or degradation of that state by the surrounding environment.""
}",
repeatability-v1,visual-moral-repeatability-v1,repeatability_subset_32.csv,9b29d0851bc8122b59276cdbc2e1e2f50f33caccfb7455f0fe203edbf0dff5ff,all_moral_label_disagreement,2,13,o-3,o-3.png,images/o-3.png,Alibaba Cloud Model Studio,qwen3.6-flash-2026-04-16,qwen3.6-flash-2026-04-16,v2-repeatability-2026-09-01,1c1a1676abde21bda6ea8cf6eef5a6ca2bb99ecef928005f0fe5aed4769d0fa1,0,disabled,"{""enable_thinking"": false}",provider_default,2026-09-01T16:20:59.061041+00:00,2026-09-01T16:21:12.360762+00:00,13.3,1,Harm,75,"The image visually depicts a scene of social conflict where the foreground subject appears distressed or vulnerable (hands clasped near face) while background figures are engaged in aggressive body language (pointing fingers). This dynamic strongly suggests emotional suffering, bullying, or harassment, which falls under the category of Harm. While 'Fairness' is related to the potential injustice of the situation, the visible evidence of distress and confrontation makes 'Harm' the more direct classification.",success,,,2721,119,,2840,"{
  ""label"": ""Harm"",
  ""confidence"": 75,
  ""brief_reason"": ""The image visually depicts a scene of social conflict where the foreground subject appears distressed or vulnerable (hands clasped near face) while background figures are engaged in aggressive body language (pointing fingers). This dynamic strongly suggests emotional suffering, bullying, or harassment, which falls under the category of Harm. While 'Fairness' is related to the potential injustice of the situation, the visible evidence of distress and confrontation makes 'Harm' the more direct classification.""
}",
repeatability-v1,visual-moral-repeatability-v1,repeatability_subset_32.csv,9b29d0851bc8122b59276cdbc2e1e2f50f33caccfb7455f0fe203edbf0dff5ff,moral_none_disagreement,2,14,4-3,4-3.jpg,images/4-3.jpg,Alibaba Cloud Model Studio,qwen3.6-flash-2026-04-16,qwen3.6-flash-2026-04-16,v2-repeatability-2026-09-01,1c1a1676abde21bda6ea8cf6eef5a6ca2bb99ecef928005f0fe5aed4769d0fa1,0,disabled,"{""enable_thinking"": false}",provider_default,2026-09-01T16:21:12.879822+00:00,2026-09-01T16:21:15.157597+00:00,2.278,1,Respect / Authority,85,"The image depicts a uniformed police officer interacting with a young boy in a public setting. The primary visual dynamic is the presence of an authority figure (the officer) and a civilian (the child). This scene inherently relates to social roles, hierarchy, and the interaction between citizens and law enforcement, which falls under 'Respect / Authority'. While one might infer concerns about fairness or care depending on the context of the conversation, those are not explicitly visible. The most direct moral theme conveyed by the mere presence and interaction of these specific figures is the exercise and reception of authority.",success,,,1627,142,,1769,"{
""label"": ""Respect / Authority"",
""confidence"": 85,
""brief_reason"": ""The image depicts a uniformed police officer interacting with a young boy in a public setting. The primary visual dynamic is the presence of an authority figure (the officer) and a civilian (the child). This scene inherently relates to social roles, hierarchy, and the interaction between citizens and law enforcement, which falls under 'Respect / Authority'. While one might infer concerns about fairness or care depending on the context of the conversation, those are not explicitly visible. The most direct moral theme conveyed by the mere presence and interaction of these specific figures is the exercise and reception of authority.""
}",
repeatability-v1,visual-moral-repeatability-v1,repeatability_subset_32.csv,9b29d0851bc8122b59276cdbc2e1e2f50f33caccfb7455f0fe203edbf0dff5ff,moral_none_disagreement,2,15,6-3,6-3.jpg,images/6-3.jpg,Alibaba Cloud Model Studio,qwen3.6-flash-2026-04-16,qwen3.6-flash-2026-04-16,v2-repeatability-2026-09-01,1c1a1676abde21bda6ea8cf6eef5a6ca2bb99ecef928005f0fe5aed4769d0fa1,0,disabled,"{""enable_thinking"": false}",provider_default,2026-09-01T16:21:15.677643+00:00,2026-09-01T16:21:17.687662+00:00,2.01,1,None of these / Not clearly moral in nature,85,"The image depicts individuals wearing white robes and pointed hoods (capirotes), which are visually consistent with participants in religious processions (such as Holy Week in Spain). While this attire is historically associated with the Ku Klux Klan—a group often linked to harm or degradation—the visual evidence alone does not confirm a specific ideological affiliation or intent. Without visible context (e.g., signs, cross-burnings, or violent actions) to distinguish between a religious observance and a hate group gathering, inferring a moral concern like 'Harm' or 'Degradation' would require unsupported assumptions about the subjects' identities or intentions.",success,,,3027,163,,3190,"{
  ""label"": ""None of these / Not clearly moral in nature"",
  ""confidence"": 85,
  ""brief_reason"": ""The image depicts individuals wearing white robes and pointed hoods (capirotes), which are visually consistent with participants in religious processions (such as Holy Week in Spain). While this attire is historically associated with the Ku Klux Klan—a group often linked to harm or degradation—the visual evidence alone does not confirm a specific ideological affiliation or intent. Without visible context (e.g., signs, cross-burnings, or violent actions) to distinguish between a religious observance and a hate group gathering, inferring a moral concern like 'Harm' or 'Degradation' would require unsupported assumptions about the subjects' identities or intentions.""
}",
repeatability-v1,visual-moral-repeatability-v1,repeatability_subset_32.csv,9b29d0851bc8122b59276cdbc2e1e2f50f33caccfb7455f0fe203edbf0dff5ff,moral_none_disagreement,2,16,7-1,7-1.jpg,images/7-1.jpg,Alibaba Cloud Model Studio,qwen3.6-flash-2026-04-16,qwen3.6-flash-2026-04-16,v2-repeatability-2026-09-01,1c1a1676abde21bda6ea8cf6eef5a6ca2bb99ecef928005f0fe5aed4769d0fa1,0,disabled,"{""enable_thinking"": false}",provider_default,2026-09-01T16:21:18.209496+00:00,2026-09-01T16:21:19.854080+00:00,1.644,1,None of these / Not clearly moral in nature,95,"The image depicts a standard professional interaction (a handshake between two business people). While this action can imply positive social values like respect or fairness, the visual evidence does not strongly convey a specific moral concern such as care for vulnerability, harm, injustice, or rule-breaking. It is a neutral social scene rather than a distinct moral situation.",success,,,1083,102,,1185,"{
  ""label"": ""None of these / Not clearly moral in nature"",
  ""confidence"": 95,
  ""brief_reason"": ""The image depicts a standard professional interaction (a handshake between two business people). While this action can imply positive social values like respect or fairness, the visual evidence does not strongly convey a specific moral concern such as care for vulnerability, harm, injustice, or rule-breaking. It is a neutral social scene rather than a distinct moral situation.""
}",
repeatability-v1,visual-moral-repeatability-v1,repeatability_subset_32.csv,9b29d0851bc8122b59276cdbc2e1e2f50f33caccfb7455f0fe203edbf0dff5ff,moral_none_disagreement,2,17,13-3,13-3.jpg,images/13-3.jpg,Alibaba Cloud Model Studio,qwen3.6-flash-2026-04-16,qwen3.6-flash-2026-04-16,v2-repeatability-2026-09-01,1c1a1676abde21bda6ea8cf6eef5a6ca2bb99ecef928005f0fe5aed4769d0fa1,0,disabled,"{""enable_thinking"": false}",provider_default,2026-09-01T16:21:20.373984+00:00,2026-09-01T16:21:31.919857+00:00,11.546,1,Cheating,85,"The image depicts a person in a hooded sweatshirt leaning into a car window, an action strongly associated with theft or unauthorized entry (breaking and entering). This behavior constitutes rule-breaking and the violation of property rights to gain an unfair advantage, which aligns best with the 'Cheating' category. While this could also be interpreted as 'Harm' (theft causes harm), the specific act of surreptitiously accessing the vehicle is primarily a violation of fairness/rules regarding ownership and consent.",success,,,2721,129,,2850,"{
  ""label"": ""Cheating"",
  ""confidence"": 85,
  ""brief_reason"": ""The image depicts a person in a hooded sweatshirt leaning into a car window, an action strongly associated with theft or unauthorized entry (breaking and entering). This behavior constitutes rule-breaking and the violation of property rights to gain an unfair advantage, which aligns best with the 'Cheating' category. While this could also be interpreted as 'Harm' (theft causes harm), the specific act of surreptitiously accessing the vehicle is primarily a violation of fairness/rules regarding ownership and consent.""
}",
repeatability-v1,visual-moral-repeatability-v1,repeatability_subset_32.csv,9b29d0851bc8122b59276cdbc2e1e2f50f33caccfb7455f0fe203edbf0dff5ff,moral_none_disagreement,2,18,25-1,25-1.jpg,images/25-1.jpg,Alibaba Cloud Model Studio,qwen3.6-flash-2026-04-16,qwen3.6-flash-2026-04-16,v2-repeatability-2026-09-01,1c1a1676abde21bda6ea8cf6eef5a6ca2bb99ecef928005f0fe5aed4769d0fa1,0,disabled,"{""enable_thinking"": false}",provider_default,2026-09-01T16:21:32.441737+00:00,2026-09-01T16:21:43.979906+00:00,11.538,1,Loyalty,85,"The image depicts a group of people walking together in a unified formation with serious expressions. This visual cohesion and shared purpose strongly convey themes of solidarity, allegiance, and commitment to a collective cause, which aligns best with the category of Loyalty. While the setting suggests hardship (which could imply Care) or authority (which could imply Respect), the primary focus is on the group's united front rather than specific acts of care, harm, or deference.",success,,,2011,121,,2132,"{
  ""label"": ""Loyalty"",
  ""confidence"": 85,
  ""brief_reason"": ""The image depicts a group of people walking together in a unified formation with serious expressions. This visual cohesion and shared purpose strongly convey themes of solidarity, allegiance, and commitment to a collective cause, which aligns best with the category of Loyalty. While the setting suggests hardship (which could imply Care) or authority (which could imply Respect), the primary focus is on the group's united front rather than specific acts of care, harm, or deference.""
}",
repeatability-v1,visual-moral-repeatability-v1,repeatability_subset_32.csv,9b29d0851bc8122b59276cdbc2e1e2f50f33caccfb7455f0fe203edbf0dff5ff,moral_none_disagreement,2,19,29-2,29-2.jpg,images/29-2.jpg,Alibaba Cloud Model Studio,qwen3.6-flash-2026-04-16,qwen3.6-flash-2026-04-16,v2-repeatability-2026-09-01,1c1a1676abde21bda6ea8cf6eef5a6ca2bb99ecef928005f0fe5aed4769d0fa1,0,disabled,"{""enable_thinking"": false}",provider_default,2026-09-01T16:21:44.499152+00:00,2026-09-01T16:21:54.702130+00:00,10.203,1,Harm,75,"The image depicts a man in visible physical distress, indicated by his facial expression and gesture of pinching his nose while standing in the rain. This visual evidence points to suffering or discomfort (a form of harm). While the cause could be environmental (the weather) or medical (an allergy), the primary moral concern conveyed is the subject's state of suffering. It is not 'Care' because no one is helping him, nor 'Fairness' as there is no indication of injustice.",success,,,2011,126,,2137,"{
  ""label"": ""Harm"",
  ""confidence"": 75,
  ""brief_reason"": ""The image depicts a man in visible physical distress, indicated by his facial expression and gesture of pinching his nose while standing in the rain. This visual evidence points to suffering or discomfort (a form of harm). While the cause could be environmental (the weather) or medical (an allergy), the primary moral concern conveyed is the subject's state of suffering. It is not 'Care' because no one is helping him, nor 'Fairness' as there is no indication of injustice.""
}",
repeatability-v1,visual-moral-repeatability-v1,repeatability_subset_32.csv,9b29d0851bc8122b59276cdbc2e1e2f50f33caccfb7455f0fe203edbf0dff5ff,moral_none_disagreement,2,20,35-4,35-4.jpg,images/35-4.jpg,Alibaba Cloud Model Studio,qwen3.6-flash-2026-04-16,qwen3.6-flash-2026-04-16,v2-repeatability-2026-09-01,1c1a1676abde21bda6ea8cf6eef5a6ca2bb99ecef928005f0fe5aed4769d0fa1,0,disabled,"{""enable_thinking"": false}",provider_default,2026-09-01T16:21:55.226747+00:00,2026-09-01T16:22:03.065145+00:00,7.838,1,Loyalty,85,"The image depicts a cohesive group of colleagues celebrating success together in an office setting. The visible body language—smiling faces, thumbs up, and high fives—along with the 'TEAM BRIGHT FUTURE' branding on the screen, strongly conveys themes of solidarity, unity, and commitment to a shared group goal. This aligns best with Loyalty (commitment/solidarity toward one's group). While the scene implies a positive outcome (which could relate to Care), the primary visual emphasis is on the collective spirit and mutual support of the team.",success,,,2011,143,,2154,"{
  ""label"": ""Loyalty"",
  ""confidence"": 85,
  ""brief_reason"": ""The image depicts a cohesive group of colleagues celebrating success together in an office setting. The visible body language—smiling faces, thumbs up, and high fives—along with the 'TEAM BRIGHT FUTURE' branding on the screen, strongly conveys themes of solidarity, unity, and commitment to a shared group goal. This aligns best with Loyalty (commitment/solidarity toward one's group). While the scene implies a positive outcome (which could relate to Care), the primary visual emphasis is on the collective spirit and mutual support of the team.""
}",
repeatability-v1,visual-moral-repeatability-v1,repeatability_subset_32.csv,9b29d0851bc8122b59276cdbc2e1e2f50f33caccfb7455f0fe203edbf0dff5ff,moral_none_disagreement,2,21,40-4,40-4.jpg,images/40-4.jpg,Alibaba Cloud Model Studio,qwen3.6-flash-2026-04-16,qwen3.6-flash-2026-04-16,v2-repeatability-2026-09-01,1c1a1676abde21bda6ea8cf6eef5a6ca2bb99ecef928005f0fe5aed4769d0fa1,0,disabled,"{""enable_thinking"": false}",provider_default,2026-09-01T16:22:03.585002+00:00,2026-09-01T16:22:16.671525+00:00,13.086,1,None of these / Not clearly moral in nature,95,"The image depicts a static, artistic still life scene featuring decaying objects like a rusty bicycle, broken glass, and dried plants. While the imagery evokes themes of decay, abandonment, or entropy, there are no visible human subjects, animals, or specific actions that convey a primary moral concern such as harm, unfairness, or lack of care. The scene is aesthetic rather than narrative regarding moral conduct.",success,,,2011,117,,2128,"{
  ""label"": ""None of these / Not clearly moral in nature"",
  ""confidence"": 95,
  ""brief_reason"": ""The image depicts a static, artistic still life scene featuring decaying objects like a rusty bicycle, broken glass, and dried plants. While the imagery evokes themes of decay, abandonment, or entropy, there are no visible human subjects, animals, or specific actions that convey a primary moral concern such as harm, unfairness, or lack of care. The scene is aesthetic rather than narrative regarding moral conduct.""
}",
repeatability-v1,visual-moral-repeatability-v1,repeatability_subset_32.csv,9b29d0851bc8122b59276cdbc2e1e2f50f33caccfb7455f0fe203edbf0dff5ff,unanimous_exact_moral,2,22,2-1,2-1.jpg,images/2-1.jpg,Alibaba Cloud Model Studio,qwen3.6-flash-2026-04-16,qwen3.6-flash-2026-04-16,v2-repeatability-2026-09-01,1c1a1676abde21bda6ea8cf6eef5a6ca2bb99ecef928005f0fe5aed4769d0fa1,0,disabled,"{""enable_thinking"": false}",provider_default,2026-09-01T16:22:17.191418+00:00,2026-09-01T16:22:20.125361+00:00,2.934,1,Care,85,"The image depicts individuals in a visibly vulnerable state, living in makeshift conditions with limited resources. The primary moral concern conveyed is the welfare of these people and their need for support, protection, and compassion due to their evident hardship. While 'Harm' (suffering) is present, the focus on their vulnerability and precarious situation aligns more strongly with the concern for well-being ('Care'). Other categories like 'Fairness' or 'Degradation' are less directly supported by the specific visual evidence compared to the clear depiction of need.",success,,,1937,137,,2074,"{
  ""label"": ""Care"",
  ""confidence"": 85,
  ""brief_reason"": ""The image depicts individuals in a visibly vulnerable state, living in makeshift conditions with limited resources. The primary moral concern conveyed is the welfare of these people and their need for support, protection, and compassion due to their evident hardship. While 'Harm' (suffering) is present, the focus on their vulnerability and precarious situation aligns more strongly with the concern for well-being ('Care'). Other categories like 'Fairness' or 'Degradation' are less directly supported by the specific visual evidence compared to the clear depiction of need.""
}",
repeatability-v1,visual-moral-repeatability-v1,repeatability_subset_32.csv,9b29d0851bc8122b59276cdbc2e1e2f50f33caccfb7455f0fe203edbf0dff5ff,unanimous_exact_moral,2,23,15-3,15-3.jpg,images/15-3.jpg,Alibaba Cloud Model Studio,qwen3.6-flash-2026-04-16,qwen3.6-flash-2026-04-16,v2-repeatability-2026-09-01,1c1a1676abde21bda6ea8cf6eef5a6ca2bb99ecef928005f0fe5aed4769d0fa1,0,disabled,"{""enable_thinking"": false}",provider_default,2026-09-01T16:22:20.648996+00:00,2026-09-01T16:22:38.480705+00:00,17.831,1,Care,85,"The image depicts a scene that strongly resembles a medical training exercise or simulation. The presence of a soldier in full combat gear interacting with individuals wearing white robes and head coverings (some appearing to be 'actors' or participants), alongside a person in a Red Cross vest, suggests a context of humanitarian aid, conflict zone medicine, or emergency response training. The primary moral theme conveyed by such a setup is the preparation for or execution of care—protecting well-being, treating injury, and managing vulnerability in crisis situations. While 'Respect / Authority' could apply to military interaction, the inclusion of the Red Cross symbol and the specific nature of the interactions points more centrally to the ethic of Care.",success,,,3488,167,,3655,"{
  ""label"": ""Care"",
  ""confidence"": 85,
  ""brief_reason"": ""The image depicts a scene that strongly resembles a medical training exercise or simulation. The presence of a soldier in full combat gear interacting with individuals wearing white robes and head coverings (some appearing to be 'actors' or participants), alongside a person in a Red Cross vest, suggests a context of humanitarian aid, conflict zone medicine, or emergency response training. The primary moral theme conveyed by such a setup is the preparation for or execution of care—protecting well-being, treating injury, and managing vulnerability in crisis situations. While 'Respect / Authority' could apply to military interaction, the inclusion of the Red Cross symbol and the specific nature of the interactions points more centrally to the ethic of Care.""
}",
repeatability-v1,visual-moral-repeatability-v1,repeatability_subset_32.csv,9b29d0851bc8122b59276cdbc2e1e2f50f33caccfb7455f0fe203edbf0dff5ff,unanimous_exact_moral,2,24,31-1,31-1.jpg,images/31-1.jpg,Alibaba Cloud Model Studio,qwen3.6-flash-2026-04-16,qwen3.6-flash-2026-04-16,v2-repeatability-2026-09-01,1c1a1676abde21bda6ea8cf6eef5a6ca2bb99ecef928005f0fe5aed4769d0fa1,0,disabled,"{""enable_thinking"": false}",provider_default,2026-09-01T16:22:39.003634+00:00,2026-09-01T16:22:46.468724+00:00,7.465,1,Harm,85,"The image depicts a scene of severe destruction and ruin, characterized by a collapsed ceiling, rubble-strewn floors, and a view of destroyed buildings outside. This visual evidence strongly conveys the aftermath of violence or disaster (Harm). While the presence of Christmas decorations introduces themes of Care or Sanctity amidst the ruins, the primary moral condition presented is the physical devastation and suffering implied by the environment.",success,,,2011,109,,2120,"{
  ""label"": ""Harm"",
  ""confidence"": 85,
  ""brief_reason"": ""The image depicts a scene of severe destruction and ruin, characterized by a collapsed ceiling, rubble-strewn floors, and a view of destroyed buildings outside. This visual evidence strongly conveys the aftermath of violence or disaster (Harm). While the presence of Christmas decorations introduces themes of Care or Sanctity amidst the ruins, the primary moral condition presented is the physical devastation and suffering implied by the environment.""
}",
repeatability-v1,visual-moral-repeatability-v1,repeatability_subset_32.csv,9b29d0851bc8122b59276cdbc2e1e2f50f33caccfb7455f0fe203edbf0dff5ff,unanimous_exact_moral,2,25,32-2,32-2.jpg,images/32-2.jpg,Alibaba Cloud Model Studio,qwen3.6-flash-2026-04-16,qwen3.6-flash-2026-04-16,v2-repeatability-2026-09-01,1c1a1676abde21bda6ea8cf6eef5a6ca2bb99ecef928005f0fe5aed4769d0fa1,0,disabled,"{""enable_thinking"": false}",provider_default,2026-09-01T16:22:46.991635+00:00,2026-09-01T16:22:57.218754+00:00,10.227,1,Harm,95,"The image depicts a scene of widespread destruction and violence, characterized by burning buildings, thick smoke, debris-strewn streets, and emergency vehicles. The central figure appears distressed amidst this chaos. These visual elements strongly convey physical suffering, injury, and the infliction of harm, making 'Harm' the primary moral concern.",success,,,2011,94,,2105,"{
  ""label"": ""Harm"",
  ""confidence"": 95,
  ""brief_reason"": ""The image depicts a scene of widespread destruction and violence, characterized by burning buildings, thick smoke, debris-strewn streets, and emergency vehicles. The central figure appears distressed amidst this chaos. These visual elements strongly convey physical suffering, injury, and the infliction of harm, making 'Harm' the primary moral concern.""
}",
repeatability-v1,visual-moral-repeatability-v1,repeatability_subset_32.csv,9b29d0851bc8122b59276cdbc2e1e2f50f33caccfb7455f0fe203edbf0dff5ff,unanimous_exact_moral,2,26,35-2,35-2.jpg,images/35-2.jpg,Alibaba Cloud Model Studio,qwen3.6-flash-2026-04-16,qwen3.6-flash-2026-04-16,v2-repeatability-2026-09-01,1c1a1676abde21bda6ea8cf6eef5a6ca2bb99ecef928005f0fe5aed4769d0fa1,0,disabled,"{""enable_thinking"": false}",provider_default,2026-09-01T16:22:57.739351+00:00,2026-09-01T16:23:10.432560+00:00,12.693,1,Loyalty,85,"The image depicts a group of people gathered for a 'Family Reunion,' indicated by the banner and t-shirt. The primary visual theme is the gathering of a group to celebrate their shared identity and connection. This act of coming together represents solidarity and allegiance to one's family unit, which aligns with the category of Loyalty. While the scene conveys positive emotions like happiness (which could loosely relate to Care), the specific context of a reunion makes the commitment to the group (Loyalty) the dominant moral theme. There is no evidence of harm, unfairness, or other negative categories.",success,,,2043,150,,2193,"{
  ""label"": ""Loyalty"",
  ""confidence"": 85,
  ""brief_reason"": ""The image depicts a group of people gathered for a 'Family Reunion,' indicated by the banner and t-shirt. The primary visual theme is the gathering of a group to celebrate their shared identity and connection. This act of coming together represents solidarity and allegiance to one's family unit, which aligns with the category of Loyalty. While the scene conveys positive emotions like happiness (which could loosely relate to Care), the specific context of a reunion makes the commitment to the group (Loyalty) the dominant moral theme. There is no evidence of harm, unfairness, or other negative categories.""
}",
repeatability-v1,visual-moral-repeatability-v1,repeatability_subset_32.csv,9b29d0851bc8122b59276cdbc2e1e2f50f33caccfb7455f0fe203edbf0dff5ff,unanimous_exact_moral,2,27,36-3,36-3.jpg,images/36-3.jpg,Alibaba Cloud Model Studio,qwen3.6-flash-2026-04-16,qwen3.6-flash-2026-04-16,v2-repeatability-2026-09-01,1c1a1676abde21bda6ea8cf6eef5a6ca2bb99ecef928005f0fe5aed4769d0fa1,0,disabled,"{""enable_thinking"": false}",provider_default,2026-09-01T16:23:10.953551+00:00,2026-09-01T16:23:23.435378+00:00,12.482,1,Care,85,"The image depicts children playing in a visibly dangerous and degraded environment (ruined buildings, debris, military vehicle). The primary moral concern conveyed is the vulnerability of these children and their need for safety, protection, and well-being. While 'Harm' is relevant due to the setting, the focus on the children's activity and resilience makes 'Care' (concern for their welfare) the most fitting category.",success,,,2011,110,,2121,"{
  ""label"": ""Care"",
  ""confidence"": 85,
  ""brief_reason"": ""The image depicts children playing in a visibly dangerous and degraded environment (ruined buildings, debris, military vehicle). The primary moral concern conveyed is the vulnerability of these children and their need for safety, protection, and well-being. While 'Harm' is relevant due to the setting, the focus on the children's activity and resilience makes 'Care' (concern for their welfare) the most fitting category.""
}",
repeatability-v1,visual-moral-repeatability-v1,repeatability_subset_32.csv,9b29d0851bc8122b59276cdbc2e1e2f50f33caccfb7455f0fe203edbf0dff5ff,unanimous_exact_moral,2,28,40-1,40-1.jpg,images/40-1.jpg,Alibaba Cloud Model Studio,qwen3.6-flash-2026-04-16,qwen3.6-flash-2026-04-16,v2-repeatability-2026-09-01,1c1a1676abde21bda6ea8cf6eef5a6ca2bb99ecef928005f0fe5aed4769d0fa1,0,disabled,"{""enable_thinking"": false}",provider_default,2026-09-01T16:23:23.954193+00:00,2026-09-01T16:23:32.549164+00:00,8.595,1,Degradation,85,"The image depicts a scene of desecration and ruin. A grand piano, an instrument associated with high culture and dignity, is shown in a state of destruction—broken legs, exposed internals, and scattered debris. The surrounding theater seats are overturned or covered in dust sheets, indicating neglect and abandonment. This visual evidence strongly supports 'Degradation' as the primary concern, reflecting the violation of the sanctity and dignity of these objects through contamination, damage, and degrading treatment. While 'Harm' is related, it typically implies injury to living beings, whereas this scene focuses on the degradation of inanimate cultural artifacts.",success,,,2011,156,,2167,"{
  ""label"": ""Degradation"",
  ""confidence"": 85,
  ""brief_reason"": ""The image depicts a scene of desecration and ruin. A grand piano, an instrument associated with high culture and dignity, is shown in a state of destruction—broken legs, exposed internals, and scattered debris. The surrounding theater seats are overturned or covered in dust sheets, indicating neglect and abandonment. This visual evidence strongly supports 'Degradation' as the primary concern, reflecting the violation of the sanctity and dignity of these objects through contamination, damage, and degrading treatment. While 'Harm' is related, it typically implies injury to living beings, whereas this scene focuses on the degradation of inanimate cultural artifacts.""
}",
repeatability-v1,visual-moral-repeatability-v1,repeatability_subset_32.csv,9b29d0851bc8122b59276cdbc2e1e2f50f33caccfb7455f0fe203edbf0dff5ff,unanimous_exact_moral,2,29,g-3,g-3.png,images/g-3.png,Alibaba Cloud Model Studio,qwen3.6-flash-2026-04-16,qwen3.6-flash-2026-04-16,v2-repeatability-2026-09-01,1c1a1676abde21bda6ea8cf6eef5a6ca2bb99ecef928005f0fe5aed4769d0fa1,0,disabled,"{""enable_thinking"": false}",provider_default,2026-09-01T16:23:33.073323+00:00,2026-09-01T16:23:46.064735+00:00,12.991,1,Fairness,75,"The image depicts a checkout scene where the 'Closed' sign is illuminated, yet the cashier (Sarah) is actively scanning items for a customer. This creates a situation involving rule-breaking and potentially unfair treatment of other customers who may be waiting or expecting the register to be closed. While 'Cheating' is a possibility due to the violation of rules, 'Fairness' is the broader category that best captures the moral concern regarding equitable treatment and adherence to established social/institutional rules in a public service setting.",success,,,2043,131,,2174,"{
  ""label"": ""Fairness"",
  ""confidence"": 75,
  ""brief_reason"": ""The image depicts a checkout scene where the 'Closed' sign is illuminated, yet the cashier (Sarah) is actively scanning items for a customer. This creates a situation involving rule-breaking and potentially unfair treatment of other customers who may be waiting or expecting the register to be closed. While 'Cheating' is a possibility due to the violation of rules, 'Fairness' is the broader category that best captures the moral concern regarding equitable treatment and adherence to established social/institutional rules in a public service setting.""
}",
repeatability-v1,visual-moral-repeatability-v1,repeatability_subset_32.csv,9b29d0851bc8122b59276cdbc2e1e2f50f33caccfb7455f0fe203edbf0dff5ff,unanimous_exact_none,2,30,10-1,10-1.jpg,images/10-1.jpg,Alibaba Cloud Model Studio,qwen3.6-flash-2026-04-16,qwen3.6-flash-2026-04-16,v2-repeatability-2026-09-01,1c1a1676abde21bda6ea8cf6eef5a6ca2bb99ecef928005f0fe5aed4769d0fa1,0,disabled,"{""enable_thinking"": false}",provider_default,2026-09-01T16:23:46.583594+00:00,2026-09-01T16:23:50.603430+00:00,4.02,1,None of these / Not clearly moral in nature,95,"The image depicts a man sitting casually on a couch in a domestic setting. There are no visible signs of suffering, injustice, deception, or conflict. The scene appears to be a standard portrait or lifestyle shot without any elements that convey a primary moral concern such as harm, unfairness, or violation of dignity.",success,,,2187,94,,2281,"{
""label"": ""None of these / Not clearly moral in nature"",
""confidence"": 95,
""brief_reason"": ""The image depicts a man sitting casually on a couch in a domestic setting. There are no visible signs of suffering, injustice, deception, or conflict. The scene appears to be a standard portrait or lifestyle shot without any elements that convey a primary moral concern such as harm, unfairness, or violation of dignity.""
}",
repeatability-v1,visual-moral-repeatability-v1,repeatability_subset_32.csv,9b29d0851bc8122b59276cdbc2e1e2f50f33caccfb7455f0fe203edbf0dff5ff,unanimous_exact_none,2,31,13-2,13-2.jpg,images/13-2.jpg,Alibaba Cloud Model Studio,qwen3.6-flash-2026-04-16,qwen3.6-flash-2026-04-16,v2-repeatability-2026-09-01,1c1a1676abde21bda6ea8cf6eef5a6ca2bb99ecef928005f0fe5aed4769d0fa1,0,disabled,"{""enable_thinking"": false}",provider_default,2026-09-01T16:23:51.127009+00:00,2026-09-01T16:24:01.036197+00:00,9.909,1,None of these / Not clearly moral in nature,85,"The image depicts a person sitting alone outdoors in a contemplative or resting pose. There are no visible actions involving care, harm, fairness, loyalty, or authority. While the subject's isolation might suggest vulnerability (Care) or their attire might suggest non-conformity (Subversion), these interpretations require inferring internal emotional states or social contexts that are not explicitly present in the visual scene. Therefore, it is most accurate to classify this as lacking a clear primary moral concern.",success,,,2721,131,,2852,"{
  ""label"": ""None of these / Not clearly moral in nature"",
  ""confidence"": 85,
  ""brief_reason"": ""The image depicts a person sitting alone outdoors in a contemplative or resting pose. There are no visible actions involving care, harm, fairness, loyalty, or authority. While the subject's isolation might suggest vulnerability (Care) or their attire might suggest non-conformity (Subversion), these interpretations require inferring internal emotional states or social contexts that are not explicitly present in the visual scene. Therefore, it is most accurate to classify this as lacking a clear primary moral concern.""
}",
repeatability-v1,visual-moral-repeatability-v1,repeatability_subset_32.csv,9b29d0851bc8122b59276cdbc2e1e2f50f33caccfb7455f0fe203edbf0dff5ff,unanimous_exact_none,2,32,26-1,26-1.jpg,images/26-1.jpg,Alibaba Cloud Model Studio,qwen3.6-flash-2026-04-16,qwen3.6-flash-2026-04-16,v2-repeatability-2026-09-01,1c1a1676abde21bda6ea8cf6eef5a6ca2bb99ecef928005f0fe5aed4769d0fa1,0,disabled,"{""enable_thinking"": false}",provider_default,2026-09-01T16:24:01.558330+00:00,2026-09-01T16:24:14.912424+00:00,13.354,1,None of these / Not clearly moral in nature,95,"The image depicts a standard academic lecture on evolutionary biology. The visual content consists of a professor teaching students and a presentation slide showing a phylogenetic tree, skulls, and insects. While the subject matter involves death (skulls) and predation (insects), these are presented as scientific data rather than sources of moral concern like suffering or cruelty. There is no visible evidence of unfairness, harm, cheating, or violation of dignity. Therefore, the scene does not convey a primary moral concern from the provided categories.",success,,,2011,140,,2151,"{
  ""label"": ""None of these / Not clearly moral in nature"",
  ""confidence"": 95,
  ""brief_reason"": ""The image depicts a standard academic lecture on evolutionary biology. The visual content consists of a professor teaching students and a presentation slide showing a phylogenetic tree, skulls, and insects. While the subject matter involves death (skulls) and predation (insects), these are presented as scientific data rather than sources of moral concern like suffering or cruelty. There is no visible evidence of unfairness, harm, cheating, or violation of dignity. Therefore, the scene does not convey a primary moral concern from the provided categories.""
}",
repeatability-v1,visual-moral-repeatability-v1,repeatability_subset_32.csv,9b29d0851bc8122b59276cdbc2e1e2f50f33caccfb7455f0fe203edbf0dff5ff,all_moral_label_disagreement,3,1,31-2,31-2.jpg,images/31-2.jpg,Alibaba Cloud Model Studio,qwen3.6-flash-2026-04-16,qwen3.6-flash-2026-04-16,v2-repeatability-2026-09-01,1c1a1676abde21bda6ea8cf6eef5a6ca2bb99ecef928005f0fe5aed4769d0fa1,0,disabled,"{""enable_thinking"": false}",provider_default,2026-09-01T16:32:20.728611+00:00,2026-09-01T16:32:31.963751+00:00,11.234,1,Degradation,85,"The image depicts a scene of stark contrast where symbols of childhood celebration and innocence (a birthday party with colorful balloons and cakes) are placed in a setting of decay, filth, and abandonment. This juxtaposition suggests the desecration or contamination of something pure or sacred (the sanctity of childhood joy), which aligns best with the category of Degradation. While 'Sanctity' is related, it typically refers to the protection of purity, whereas this image visually emphasizes the violation or degradation of that purity through the sordid environment.",success,,,2011,141,,2152,"{
  ""label"": ""Degradation"",
  ""confidence"": 85,
  ""brief_reason"": ""The image depicts a scene of stark contrast where symbols of childhood celebration and innocence (a birthday party with colorful balloons and cakes) are placed in a setting of decay, filth, and abandonment. This juxtaposition suggests the desecration or contamination of something pure or sacred (the sanctity of childhood joy), which aligns best with the category of Degradation. While 'Sanctity' is related, it typically refers to the protection of purity, whereas this image visually emphasizes the violation or degradation of that purity through the sordid environment.""
}",
repeatability-v1,visual-moral-repeatability-v1,repeatability_subset_32.csv,9b29d0851bc8122b59276cdbc2e1e2f50f33caccfb7455f0fe203edbf0dff5ff,all_moral_label_disagreement,3,2,o-3,o-3.png,images/o-3.png,Alibaba Cloud Model Studio,qwen3.6-flash-2026-04-16,qwen3.6-flash-2026-04-16,v2-repeatability-2026-09-01,1c1a1676abde21bda6ea8cf6eef5a6ca2bb99ecef928005f0fe5aed4769d0fa1,0,disabled,"{""enable_thinking"": false}",provider_default,2026-09-01T16:32:32.472779+00:00,2026-09-01T16:32:40.514393+00:00,8.041,1,Harm,75,"The image visually depicts a scene of interpersonal conflict. The woman in the foreground displays visible signs of emotional distress or suffering (hands clasped to face, anxious expression), while the figures in the background are engaged in aggressive body language (pointing fingers). This dynamic strongly suggests an environment of verbal abuse or harassment, which falls under the category of Harm. While 'Care' is relevant due to the subject's vulnerability, the primary moral concern conveyed by the interaction is the infliction of emotional distress.",success,,,2721,128,,2849,"{
  ""label"": ""Harm"",
  ""confidence"": 75,
  ""brief_reason"": ""The image visually depicts a scene of interpersonal conflict. The woman in the foreground displays visible signs of emotional distress or suffering (hands clasped to face, anxious expression), while the figures in the background are engaged in aggressive body language (pointing fingers). This dynamic strongly suggests an environment of verbal abuse or harassment, which falls under the category of Harm. While 'Care' is relevant due to the subject's vulnerability, the primary moral concern conveyed by the interaction is the infliction of emotional distress.""
}",
repeatability-v1,visual-moral-repeatability-v1,repeatability_subset_32.csv,9b29d0851bc8122b59276cdbc2e1e2f50f33caccfb7455f0fe203edbf0dff5ff,moral_none_disagreement,3,3,4-3,4-3.jpg,images/4-3.jpg,Alibaba Cloud Model Studio,qwen3.6-flash-2026-04-16,qwen3.6-flash-2026-04-16,v2-repeatability-2026-09-01,1c1a1676abde21bda6ea8cf6eef5a6ca2bb99ecef928005f0fe5aed4769d0fa1,0,disabled,"{""enable_thinking"": false}",provider_default,2026-09-01T16:32:41.034283+00:00,2026-09-01T16:32:45.564670+00:00,4.53,1,Respect / Authority,85,"The image depicts a uniformed police officer interacting with a young boy in a public setting. The primary visual dynamic is the presence of state authority (represented by the officer's uniform and hat) engaging with a civilian. This falls squarely under 'Respect / Authority,' which covers concerns regarding social roles, hierarchy, and established institutions. While one might infer historical contexts regarding civil rights or fairness, the visible evidence strictly shows an interaction between an authority figure and a citizen without clear indicators of abuse, violence, or specific injustice, making 'Respect / Authority' the most accurate classification based solely on the visual content.",success,,,1627,153,,1780,"{
  ""label"": ""Respect / Authority"",
  ""confidence"": 85,
  ""brief_reason"": ""The image depicts a uniformed police officer interacting with a young boy in a public setting. The primary visual dynamic is the presence of state authority (represented by the officer's uniform and hat) engaging with a civilian. This falls squarely under 'Respect / Authority,' which covers concerns regarding social roles, hierarchy, and established institutions. While one might infer historical contexts regarding civil rights or fairness, the visible evidence strictly shows an interaction between an authority figure and a citizen without clear indicators of abuse, violence, or specific injustice, making 'Respect / Authority' the most accurate classification based solely on the visual content.""
}",
repeatability-v1,visual-moral-repeatability-v1,repeatability_subset_32.csv,9b29d0851bc8122b59276cdbc2e1e2f50f33caccfb7455f0fe203edbf0dff5ff,moral_none_disagreement,3,4,6-3,6-3.jpg,images/6-3.jpg,Alibaba Cloud Model Studio,qwen3.6-flash-2026-04-16,qwen3.6-flash-2026-04-16,v2-repeatability-2026-09-01,1c1a1676abde21bda6ea8cf6eef5a6ca2bb99ecef928005f0fe5aed4769d0fa1,0,disabled,"{""enable_thinking"": false}",provider_default,2026-09-01T16:32:46.085343+00:00,2026-09-01T16:32:49.014766+00:00,2.929,1,None of these / Not clearly moral in nature,85,"The image displays figures wearing white robes and pointed hoods (capirotes), which are visually identifiable as traditional penitential garb used in religious processions (specifically Holy Week traditions). While these garments historically have complex associations with exclusion or hate groups, the visual evidence here—uniformed participants standing together in a line—is consistent with organized religious observance. Classifying this as 'Harm,' 'Degradation,' or 'Subversion' would require inferring malicious intent, violence, or specific political context that is not visible in the frame. Conversely, classifying it as 'Sanctity' assumes a specific religious interpretation of the act. Since the image depicts a cultural/religious practice without showing any clear moral action like cruelty, injustice, or care, it falls into the category where identifying a primary moral concern requires unsupported assumptions.",success,,,3027,206,,3233,"{
  ""label"": ""None of these / Not clearly moral in nature"",
  ""confidence"": 85,
  ""brief_reason"": ""The image displays figures wearing white robes and pointed hoods (capirotes), which are visually identifiable as traditional penitential garb used in religious processions (specifically Holy Week traditions). While these garments historically have complex associations with exclusion or hate groups, the visual evidence here—uniformed participants standing together in a line—is consistent with organized religious observance. Classifying this as 'Harm,' 'Degradation,' or 'Subversion' would require inferring malicious intent, violence, or specific political context that is not visible in the frame. Conversely, classifying it as 'Sanctity' assumes a specific religious interpretation of the act. Since the image depicts a cultural/religious practice without showing any clear moral action like cruelty, injustice, or care, it falls into the category where identifying a primary moral concern requires unsupported assumptions.""
}",
repeatability-v1,visual-moral-repeatability-v1,repeatability_subset_32.csv,9b29d0851bc8122b59276cdbc2e1e2f50f33caccfb7455f0fe203edbf0dff5ff,moral_none_disagreement,3,5,7-1,7-1.jpg,images/7-1.jpg,Alibaba Cloud Model Studio,qwen3.6-flash-2026-04-16,qwen3.6-flash-2026-04-16,v2-repeatability-2026-09-01,1c1a1676abde21bda6ea8cf6eef5a6ca2bb99ecef928005f0fe5aed4769d0fa1,0,disabled,"{""enable_thinking"": false}",provider_default,2026-09-01T16:32:49.530449+00:00,2026-09-01T16:32:51.457576+00:00,1.927,1,None of these / Not clearly moral in nature,95,"The image depicts a standard professional interaction (a handshake between two business people). While this could be interpreted as an act of respect or fairness in a broad sense, the visual evidence does not strongly convey a specific moral concern such as care, harm, justice, or authority. It is primarily a social or business greeting rather than a scene highlighting a distinct ethical issue.",success,,,1083,108,,1191,"{
  ""label"": ""None of these / Not clearly moral in nature"",
  ""confidence"": 95,
  ""brief_reason"": ""The image depicts a standard professional interaction (a handshake between two business people). While this could be interpreted as an act of respect or fairness in a broad sense, the visual evidence does not strongly convey a specific moral concern such as care, harm, justice, or authority. It is primarily a social or business greeting rather than a scene highlighting a distinct ethical issue.""
}",
repeatability-v1,visual-moral-repeatability-v1,repeatability_subset_32.csv,9b29d0851bc8122b59276cdbc2e1e2f50f33caccfb7455f0fe203edbf0dff5ff,moral_none_disagreement,3,6,13-3,13-3.jpg,images/13-3.jpg,Alibaba Cloud Model Studio,qwen3.6-flash-2026-04-16,qwen3.6-flash-2026-04-16,v2-repeatability-2026-09-01,1c1a1676abde21bda6ea8cf6eef5a6ca2bb99ecef928005f0fe5aed4769d0fa1,0,disabled,"{""enable_thinking"": false}",provider_default,2026-09-01T16:32:51.977172+00:00,2026-09-01T16:33:03.840574+00:00,11.918,1,Cheating,85,"The image depicts a person in a hoodie leaning into a car window, a posture strongly associated with the act of stealing or breaking into a vehicle. This action represents a violation of property rights and rules (breaking and entering/theft), which falls under the category of Cheating (rule-breaking/unfair advantage). While 'Harm' is a potential secondary concern regarding the victim's loss, the primary visible focus is on the deceptive/illegal act itself rather than physical injury or suffering. No other categories like Care, Loyalty, or Fairness are as directly supported by the specific visual evidence of the intrusion.",success,,,2721,150,,2871,"{
  ""label"": ""Cheating"",
  ""confidence"": 85,
  ""brief_reason"": ""The image depicts a person in a hoodie leaning into a car window, a posture strongly associated with the act of stealing or breaking into a vehicle. This action represents a violation of property rights and rules (breaking and entering/theft), which falls under the category of Cheating (rule-breaking/unfair advantage). While 'Harm' is a potential secondary concern regarding the victim's loss, the primary visible focus is on the deceptive/illegal act itself rather than physical injury or suffering. No other categories like Care, Loyalty, or Fairness are as directly supported by the specific visual evidence of the intrusion.""
}",
repeatability-v1,visual-moral-repeatability-v1,repeatability_subset_32.csv,9b29d0851bc8122b59276cdbc2e1e2f50f33caccfb7455f0fe203edbf0dff5ff,moral_none_disagreement,3,7,25-1,25-1.jpg,images/25-1.jpg,Alibaba Cloud Model Studio,qwen3.6-flash-2026-04-16,qwen3.6-flash-2026-04-16,v2-repeatability-2026-09-01,1c1a1676abde21bda6ea8cf6eef5a6ca2bb99ecef928005f0fe5aed4769d0fa1,0,disabled,"{""enable_thinking"": false}",provider_default,2026-09-01T16:33:04.363842+00:00,2026-09-01T16:33:12.256128+00:00,7.892,1,Loyalty,85,"The image depicts a group of people walking together in a unified formation with serious expressions. This visual solidarity and collective movement strongly suggest themes of shared purpose, allegiance, or commitment to a common cause, which aligns best with the category of Loyalty. While the setting implies hardship (which could hint at Care) or authority (police), the primary focus is on the group's cohesion and united front.",success,,,2011,111,,2122,"{
  ""label"": ""Loyalty"",
  ""confidence"": 85,
  ""brief_reason"": ""The image depicts a group of people walking together in a unified formation with serious expressions. This visual solidarity and collective movement strongly suggest themes of shared purpose, allegiance, or commitment to a common cause, which aligns best with the category of Loyalty. While the setting implies hardship (which could hint at Care) or authority (police), the primary focus is on the group's cohesion and united front.""
}",
repeatability-v1,visual-moral-repeatability-v1,repeatability_subset_32.csv,9b29d0851bc8122b59276cdbc2e1e2f50f33caccfb7455f0fe203edbf0dff5ff,moral_none_disagreement,3,8,29-2,29-2.jpg,images/29-2.jpg,Alibaba Cloud Model Studio,qwen3.6-flash-2026-04-16,qwen3.6-flash-2026-04-16,v2-repeatability-2026-09-01,1c1a1676abde21bda6ea8cf6eef5a6ca2bb99ecef928005f0fe5aed4769d0fa1,0,disabled,"{""enable_thinking"": false}",provider_default,2026-09-01T16:33:12.775211+00:00,2026-09-01T16:33:21.119322+00:00,8.344,1,Harm,75,"The image depicts a man in visible distress, with his eyes closed and hand covering his face, suggesting physical pain or emotional suffering. This aligns with the 'Harm' category, which covers visible injury or suffering. While the setting is urban and potentially indifferent, there is no direct evidence of an external agent causing harm (violence/abuse) or a specific lack of care from others (Care), making the subject's internal state of suffering the primary moral concern.",success,,,2011,124,,2135,"{
  ""label"": ""Harm"",
  ""confidence"": 75,
  ""brief_reason"": ""The image depicts a man in visible distress, with his eyes closed and hand covering his face, suggesting physical pain or emotional suffering. This aligns with the 'Harm' category, which covers visible injury or suffering. While the setting is urban and potentially indifferent, there is no direct evidence of an external agent causing harm (violence/abuse) or a specific lack of care from others (Care), making the subject's internal state of suffering the primary moral concern.""
}",
repeatability-v1,visual-moral-repeatability-v1,repeatability_subset_32.csv,9b29d0851bc8122b59276cdbc2e1e2f50f33caccfb7455f0fe203edbf0dff5ff,moral_none_disagreement,3,9,35-4,35-4.jpg,images/35-4.jpg,Alibaba Cloud Model Studio,qwen3.6-flash-2026-04-16,qwen3.6-flash-2026-04-16,v2-repeatability-2026-09-01,1c1a1676abde21bda6ea8cf6eef5a6ca2bb99ecef928005f0fe5aed4769d0fa1,0,disabled,"{""enable_thinking"": false}",provider_default,2026-09-01T16:33:21.640624+00:00,2026-09-01T16:33:28.251352+00:00,6.611,1,Loyalty,85,"The image depicts a cohesive group of colleagues celebrating together in a professional setting. The visible evidence includes positive body language (smiling, thumbs up, high fives) and a shared focus on a screen displaying 'TEAM BRIGHT FUTURE.' This visual narrative strongly conveys themes of solidarity, group cohesion, and mutual support among team members, which aligns best with the category of Loyalty. While elements of Care (supporting well-being) are present, the emphasis on the 'Team' identity and collective success makes Loyalty the primary moral theme.",success,,,2011,141,,2152,"{
  ""label"": ""Loyalty"",
  ""confidence"": 85,
  ""brief_reason"": ""The image depicts a cohesive group of colleagues celebrating together in a professional setting. The visible evidence includes positive body language (smiling, thumbs up, high fives) and a shared focus on a screen displaying 'TEAM BRIGHT FUTURE.' This visual narrative strongly conveys themes of solidarity, group cohesion, and mutual support among team members, which aligns best with the category of Loyalty. While elements of Care (supporting well-being) are present, the emphasis on the 'Team' identity and collective success makes Loyalty the primary moral theme.""
}",
repeatability-v1,visual-moral-repeatability-v1,repeatability_subset_32.csv,9b29d0851bc8122b59276cdbc2e1e2f50f33caccfb7455f0fe203edbf0dff5ff,moral_none_disagreement,3,10,40-4,40-4.jpg,images/40-4.jpg,Alibaba Cloud Model Studio,qwen3.6-flash-2026-04-16,qwen3.6-flash-2026-04-16,v2-repeatability-2026-09-01,1c1a1676abde21bda6ea8cf6eef5a6ca2bb99ecef928005f0fe5aed4769d0fa1,0,disabled,"{""enable_thinking"": false}",provider_default,2026-09-01T16:33:28.770199+00:00,2026-09-01T16:33:34.410307+00:00,5.64,1,None of these / Not clearly moral in nature,95,"The image depicts a static, artistic still life scene featuring decayed objects like a rusty bicycle, broken glass, and dried plants. While the imagery conveys themes of entropy, abandonment, or melancholy, it does not depict any sentient beings (humans or animals) experiencing suffering, vulnerability, or injustice. There are no visible actions involving care, harm, fairness, or authority. Therefore, applying a moral category requires inferring abstract narrative contexts that are not explicitly present in the visual evidence.",success,,,2011,135,,2146,"{
  ""label"": ""None of these / Not clearly moral in nature"",
  ""confidence"": 95,
  ""brief_reason"": ""The image depicts a static, artistic still life scene featuring decayed objects like a rusty bicycle, broken glass, and dried plants. While the imagery conveys themes of entropy, abandonment, or melancholy, it does not depict any sentient beings (humans or animals) experiencing suffering, vulnerability, or injustice. There are no visible actions involving care, harm, fairness, or authority. Therefore, applying a moral category requires inferring abstract narrative contexts that are not explicitly present in the visual evidence.""
}",
repeatability-v1,visual-moral-repeatability-v1,repeatability_subset_32.csv,9b29d0851bc8122b59276cdbc2e1e2f50f33caccfb7455f0fe203edbf0dff5ff,unanimous_exact_moral,3,11,2-1,2-1.jpg,images/2-1.jpg,Alibaba Cloud Model Studio,qwen3.6-flash-2026-04-16,qwen3.6-flash-2026-04-16,v2-repeatability-2026-09-01,1c1a1676abde21bda6ea8cf6eef5a6ca2bb99ecef928005f0fe5aed4769d0fa1,0,disabled,"{""enable_thinking"": false}",provider_default,2026-09-01T16:33:34.931919+00:00,2026-09-01T16:33:37.632635+00:00,2.701,1,Care,85,"The image depicts individuals in a visibly vulnerable state, living in makeshift shelter amidst debris. The primary moral concern conveyed by such imagery is typically the welfare of those suffering from hardship and their need for support, protection, and compassion (Care). While 'Harm' is related to suffering, the scene emphasizes the condition of vulnerability rather than an active act of violence or abuse. 'Fairness' is also relevant regarding social inequality, but the immediate visual focus is on human need and vulnerability.",success,,,1937,125,,2062,"{
  ""label"": ""Care"",
  ""confidence"": 85,
  ""brief_reason"": ""The image depicts individuals in a visibly vulnerable state, living in makeshift shelter amidst debris. The primary moral concern conveyed by such imagery is typically the welfare of those suffering from hardship and their need for support, protection, and compassion (Care). While 'Harm' is related to suffering, the scene emphasizes the condition of vulnerability rather than an active act of violence or abuse. 'Fairness' is also relevant regarding social inequality, but the immediate visual focus is on human need and vulnerability.""
}",
repeatability-v1,visual-moral-repeatability-v1,repeatability_subset_32.csv,9b29d0851bc8122b59276cdbc2e1e2f50f33caccfb7455f0fe203edbf0dff5ff,unanimous_exact_moral,3,12,15-3,15-3.jpg,images/15-3.jpg,Alibaba Cloud Model Studio,qwen3.6-flash-2026-04-16,qwen3.6-flash-2026-04-16,v2-repeatability-2026-09-01,1c1a1676abde21bda6ea8cf6eef5a6ca2bb99ecef928005f0fe5aed4769d0fa1,0,disabled,"{""enable_thinking"": false}",provider_default,2026-09-01T16:33:38.155933+00:00,2026-09-01T16:33:51.936112+00:00,13.78,1,Care,85,"The image depicts a scene that strongly resembles a medical or humanitarian training exercise. The presence of a soldier in full combat gear alongside an individual wearing a Red Cross vest suggests a context focused on emergency response, aid, and protection. The interaction between the figures appears to be a simulation of providing assistance or managing a situation involving 'victims' (the men in white robes), which aligns with the moral concern for well-being, support, and helping those in need. While it could be interpreted as a military operation (Loyalty/Authority), the specific inclusion of the Red Cross symbol shifts the primary visible theme toward humanitarian care.",success,,,3488,155,,3643,"{
  ""label"": ""Care"",
  ""confidence"": 85,
  ""brief_reason"": ""The image depicts a scene that strongly resembles a medical or humanitarian training exercise. The presence of a soldier in full combat gear alongside an individual wearing a Red Cross vest suggests a context focused on emergency response, aid, and protection. The interaction between the figures appears to be a simulation of providing assistance or managing a situation involving 'victims' (the men in white robes), which aligns with the moral concern for well-being, support, and helping those in need. While it could be interpreted as a military operation (Loyalty/Authority), the specific inclusion of the Red Cross symbol shifts the primary visible theme toward humanitarian care.""
}",
repeatability-v1,visual-moral-repeatability-v1,repeatability_subset_32.csv,9b29d0851bc8122b59276cdbc2e1e2f50f33caccfb7455f0fe203edbf0dff5ff,unanimous_exact_moral,3,13,31-1,31-1.jpg,images/31-1.jpg,Alibaba Cloud Model Studio,qwen3.6-flash-2026-04-16,qwen3.6-flash-2026-04-16,v2-repeatability-2026-09-01,1c1a1676abde21bda6ea8cf6eef5a6ca2bb99ecef928005f0fe5aed4769d0fa1,0,disabled,"{""enable_thinking"": false}",provider_default,2026-09-01T16:33:52.457807+00:00,2026-09-01T16:34:02.563419+00:00,10.106,1,Harm,85,"The image depicts a scene of severe destruction and ruin, characterized by a collapsed ceiling, rubble-strewn floors, and a view of destroyed buildings outside. This visual evidence strongly conveys the aftermath of violence or disaster (Harm). While the presence of Christmas decorations introduces a theme of resilience or Care, the primary moral weight of the scene rests on the visible devastation and suffering implied by the environment.",success,,,2011,109,,2120,"{
  ""label"": ""Harm"",
  ""confidence"": 85,
  ""brief_reason"": ""The image depicts a scene of severe destruction and ruin, characterized by a collapsed ceiling, rubble-strewn floors, and a view of destroyed buildings outside. This visual evidence strongly conveys the aftermath of violence or disaster (Harm). While the presence of Christmas decorations introduces a theme of resilience or Care, the primary moral weight of the scene rests on the visible devastation and suffering implied by the environment.""
}",
repeatability-v1,visual-moral-repeatability-v1,repeatability_subset_32.csv,9b29d0851bc8122b59276cdbc2e1e2f50f33caccfb7455f0fe203edbf0dff5ff,unanimous_exact_moral,3,14,32-2,32-2.jpg,images/32-2.jpg,Alibaba Cloud Model Studio,qwen3.6-flash-2026-04-16,qwen3.6-flash-2026-04-16,v2-repeatability-2026-09-01,1c1a1676abde21bda6ea8cf6eef5a6ca2bb99ecef928005f0fe5aed4769d0fa1,0,disabled,"{""enable_thinking"": false}",provider_default,2026-09-01T16:34:03.082514+00:00,2026-09-01T16:34:08.277979+00:00,5.195,1,Harm,95,"The image depicts a scene of widespread destruction and violence, characterized by burning buildings, thick smoke, debris-strewn streets, and emergency vehicles. The central figure appears distressed and is situated in this dangerous environment, conveying the primary moral concern of physical suffering, injury, and the consequences of violent conflict.",success,,,2011,89,,2100,"{
  ""label"": ""Harm"",
  ""confidence"": 95,
  ""brief_reason"": ""The image depicts a scene of widespread destruction and violence, characterized by burning buildings, thick smoke, debris-strewn streets, and emergency vehicles. The central figure appears distressed and is situated in this dangerous environment, conveying the primary moral concern of physical suffering, injury, and the consequences of violent conflict.""
}",
repeatability-v1,visual-moral-repeatability-v1,repeatability_subset_32.csv,9b29d0851bc8122b59276cdbc2e1e2f50f33caccfb7455f0fe203edbf0dff5ff,unanimous_exact_moral,3,15,35-2,35-2.jpg,images/35-2.jpg,Alibaba Cloud Model Studio,qwen3.6-flash-2026-04-16,qwen3.6-flash-2026-04-16,v2-repeatability-2026-09-01,1c1a1676abde21bda6ea8cf6eef5a6ca2bb99ecef928005f0fe5aed4769d0fa1,0,disabled,"{""enable_thinking"": false}",provider_default,2026-09-01T16:34:08.795827+00:00,2026-09-01T16:34:21.103074+00:00,12.307,1,Loyalty,85,"The image depicts a group of people gathered for a 'Family Reunion,' as indicated by the banner and t-shirt. The primary visual theme is the solidarity, togetherness, and shared identity of the family unit. This aligns with the category of Loyalty, which covers commitment and support toward one's group. While 'Care' is also present in the form of smiling faces and physical closeness, the specific context of a reunion emphasizes the bond and allegiance to the family group more strongly than general nurturing or protection.",success,,,2043,136,,2179,"{
  ""label"": ""Loyalty"",
  ""confidence"": 85,
  ""brief_reason"": ""The image depicts a group of people gathered for a 'Family Reunion,' as indicated by the banner and t-shirt. The primary visual theme is the solidarity, togetherness, and shared identity of the family unit. This aligns with the category of Loyalty, which covers commitment and support toward one's group. While 'Care' is also present in the form of smiling faces and physical closeness, the specific context of a reunion emphasizes the bond and allegiance to the family group more strongly than general nurturing or protection.""
}",
repeatability-v1,visual-moral-repeatability-v1,repeatability_subset_32.csv,9b29d0851bc8122b59276cdbc2e1e2f50f33caccfb7455f0fe203edbf0dff5ff,unanimous_exact_moral,3,16,36-3,36-3.jpg,images/36-3.jpg,Alibaba Cloud Model Studio,qwen3.6-flash-2026-04-16,qwen3.6-flash-2026-04-16,v2-repeatability-2026-09-01,1c1a1676abde21bda6ea8cf6eef5a6ca2bb99ecef928005f0fe5aed4769d0fa1,0,disabled,"{""enable_thinking"": false}",provider_default,2026-09-01T16:34:21.623213+00:00,2026-09-01T16:34:30.982074+00:00,9.359,1,Care,85,"The image depicts children playing in a visibly dangerous and degraded environment (ruined buildings, debris, military vehicle). The primary moral concern conveyed is the vulnerability of these children and their need for safety, protection, and well-being. While 'Harm' is relevant due to the setting, the focus on the children's activity and resilience highlights their welfare as the central issue rather than active violence or injury.",success,,,2011,108,,2119,"{
  ""label"": ""Care"",
  ""confidence"": 85,
  ""brief_reason"": ""The image depicts children playing in a visibly dangerous and degraded environment (ruined buildings, debris, military vehicle). The primary moral concern conveyed is the vulnerability of these children and their need for safety, protection, and well-being. While 'Harm' is relevant due to the setting, the focus on the children's activity and resilience highlights their welfare as the central issue rather than active violence or injury.""
}",
repeatability-v1,visual-moral-repeatability-v1,repeatability_subset_32.csv,9b29d0851bc8122b59276cdbc2e1e2f50f33caccfb7455f0fe203edbf0dff5ff,unanimous_exact_moral,3,17,40-1,40-1.jpg,images/40-1.jpg,Alibaba Cloud Model Studio,qwen3.6-flash-2026-04-16,qwen3.6-flash-2026-04-16,v2-repeatability-2026-09-01,1c1a1676abde21bda6ea8cf6eef5a6ca2bb99ecef928005f0fe5aed4769d0fa1,0,disabled,"{""enable_thinking"": false}",provider_default,2026-09-01T16:34:31.502481+00:00,2026-09-01T16:34:40.344481+00:00,8.842,1,Degradation,85,"The image depicts a scene of severe desecration and ruin. A grand piano, an instrument associated with high culture and dignity, is shown in a state of destruction—broken legs, exposed internals, and scattered debris. The surrounding theater seats are overturned or covered in dust sheets, indicating abandonment and neglect. This visual evidence strongly supports 'Degradation' as the primary concern, reflecting the violation of the sanctity and dignity of these objects through contamination, disrepair, and degrading treatment. While 'Harm' is related, it typically implies active injury to living beings, whereas this scene emphasizes the decay and dishonor of the environment.",success,,,2011,159,,2170,"{
  ""label"": ""Degradation"",
  ""confidence"": 85,
  ""brief_reason"": ""The image depicts a scene of severe desecration and ruin. A grand piano, an instrument associated with high culture and dignity, is shown in a state of destruction—broken legs, exposed internals, and scattered debris. The surrounding theater seats are overturned or covered in dust sheets, indicating abandonment and neglect. This visual evidence strongly supports 'Degradation' as the primary concern, reflecting the violation of the sanctity and dignity of these objects through contamination, disrepair, and degrading treatment. While 'Harm' is related, it typically implies active injury to living beings, whereas this scene emphasizes the decay and dishonor of the environment.""
}",
repeatability-v1,visual-moral-repeatability-v1,repeatability_subset_32.csv,9b29d0851bc8122b59276cdbc2e1e2f50f33caccfb7455f0fe203edbf0dff5ff,unanimous_exact_moral,3,18,g-3,g-3.png,images/g-3.png,Alibaba Cloud Model Studio,qwen3.6-flash-2026-04-16,qwen3.6-flash-2026-04-16,v2-repeatability-2026-09-01,1c1a1676abde21bda6ea8cf6eef5a6ca2bb99ecef928005f0fe5aed4769d0fa1,0,disabled,"{""enable_thinking"": false}",provider_default,2026-09-01T16:34:40.870440+00:00,2026-09-01T16:34:49.501772+00:00,8.631,1,Respect / Authority,75,"The image depicts a conflict at a checkout counter where a cashier (Sarah) is enforcing store policy ('Closed' sign visible) against a customer's attempt to transact. The primary moral tension arises from the clash between the employee's duty to uphold rules/authority and the customer's potential disregard for those rules or their plea for an exception. While 'Fairness' is relevant regarding equal treatment, the specific dynamic of rule-enforcement versus request makes 'Respect / Authority' the more precise fit for the visible interaction.",success,,,2043,135,,2178,"{
  ""label"": ""Respect / Authority"",
  ""confidence"": 75,
  ""brief_reason"": ""The image depicts a conflict at a checkout counter where a cashier (Sarah) is enforcing store policy ('Closed' sign visible) against a customer's attempt to transact. The primary moral tension arises from the clash between the employee's duty to uphold rules/authority and the customer's potential disregard for those rules or their plea for an exception. While 'Fairness' is relevant regarding equal treatment, the specific dynamic of rule-enforcement versus request makes 'Respect / Authority' the more precise fit for the visible interaction.""
}",
repeatability-v1,visual-moral-repeatability-v1,repeatability_subset_32.csv,9b29d0851bc8122b59276cdbc2e1e2f50f33caccfb7455f0fe203edbf0dff5ff,unanimous_exact_none,3,19,10-1,10-1.jpg,images/10-1.jpg,Alibaba Cloud Model Studio,qwen3.6-flash-2026-04-16,qwen3.6-flash-2026-04-16,v2-repeatability-2026-09-01,1c1a1676abde21bda6ea8cf6eef5a6ca2bb99ecef928005f0fe5aed4769d0fa1,0,disabled,"{""enable_thinking"": false}",provider_default,2026-09-01T16:34:50.023011+00:00,2026-09-01T16:34:55.165451+00:00,5.142,1,None of these / Not clearly moral in nature,95,"The image depicts a man sitting casually on a sofa in a domestic setting. There are no visible signs of suffering, injustice, deception, conflict, or specific moral actions (such as helping or harming). The scene appears to be a standard portrait or lifestyle photograph without any evident moral dimension.",success,,,2187,93,,2280,"{
  ""label"": ""None of these / Not clearly moral in nature"",
  ""confidence"": 95,
  ""brief_reason"": ""The image depicts a man sitting casually on a sofa in a domestic setting. There are no visible signs of suffering, injustice, deception, conflict, or specific moral actions (such as helping or harming). The scene appears to be a standard portrait or lifestyle photograph without any evident moral dimension.""
}",
repeatability-v1,visual-moral-repeatability-v1,repeatability_subset_32.csv,9b29d0851bc8122b59276cdbc2e1e2f50f33caccfb7455f0fe203edbf0dff5ff,unanimous_exact_none,3,20,13-2,13-2.jpg,images/13-2.jpg,Alibaba Cloud Model Studio,qwen3.6-flash-2026-04-16,qwen3.6-flash-2026-04-16,v2-repeatability-2026-09-01,1c1a1676abde21bda6ea8cf6eef5a6ca2bb99ecef928005f0fe5aed4769d0fa1,0,disabled,"{""enable_thinking"": false}",provider_default,2026-09-01T16:34:55.688734+00:00,2026-09-01T16:35:08.938540+00:00,13.25,1,None of these / Not clearly moral in nature,85,"The image depicts a person sitting alone outdoors in a contemplative or resting pose. There are no visible actions indicating care, harm, unfairness, or other specific moral concerns listed in the categories. While the subject's isolation might evoke feelings of loneliness, this is an emotional state rather than a clear moral situation involving rights, duties, or welfare violations. Classifying this as a moral concern would require inferring hidden contexts (such as distress or neglect) that are not supported by the visual evidence.",success,,,2721,135,,2856,"{
  ""label"": ""None of these / Not clearly moral in nature"",
  ""confidence"": 85,
  ""brief_reason"": ""The image depicts a person sitting alone outdoors in a contemplative or resting pose. There are no visible actions indicating care, harm, unfairness, or other specific moral concerns listed in the categories. While the subject's isolation might evoke feelings of loneliness, this is an emotional state rather than a clear moral situation involving rights, duties, or welfare violations. Classifying this as a moral concern would require inferring hidden contexts (such as distress or neglect) that are not supported by the visual evidence.""
}",
repeatability-v1,visual-moral-repeatability-v1,repeatability_subset_32.csv,9b29d0851bc8122b59276cdbc2e1e2f50f33caccfb7455f0fe203edbf0dff5ff,unanimous_exact_none,3,21,26-1,26-1.jpg,images/26-1.jpg,Alibaba Cloud Model Studio,qwen3.6-flash-2026-04-16,qwen3.6-flash-2026-04-16,v2-repeatability-2026-09-01,1c1a1676abde21bda6ea8cf6eef5a6ca2bb99ecef928005f0fe5aed4769d0fa1,0,disabled,"{""enable_thinking"": false}",provider_default,2026-09-01T16:35:09.463226+00:00,2026-09-01T16:35:21.008305+00:00,11.545,1,None of these / Not clearly moral in nature,95,"The image depicts a standard academic lecture on evolutionary biology. The visual elements—a professor teaching, students listening, and a projection screen showing a phylogenetic tree, skulls, and insects—represent an educational setting focused on scientific instruction. There are no visible actions or conditions that convey care, harm, unfairness, cheating, loyalty, betrayal, respect for authority, subversion, sanctity, or degradation. While the subject matter involves death (skulls), it is presented in a scientific context without any indication of suffering, disrespect, or moral violation.",success,,,2011,146,,2157,"{
  ""label"": ""None of these / Not clearly moral in nature"",
  ""confidence"": 95,
  ""brief_reason"": ""The image depicts a standard academic lecture on evolutionary biology. The visual elements—a professor teaching, students listening, and a projection screen showing a phylogenetic tree, skulls, and insects—represent an educational setting focused on scientific instruction. There are no visible actions or conditions that convey care, harm, unfairness, cheating, loyalty, betrayal, respect for authority, subversion, sanctity, or degradation. While the subject matter involves death (skulls), it is presented in a scientific context without any indication of suffering, disrespect, or moral violation.""
}",
repeatability-v1,visual-moral-repeatability-v1,repeatability_subset_32.csv,9b29d0851bc8122b59276cdbc2e1e2f50f33caccfb7455f0fe203edbf0dff5ff,unanimous_exact_none,3,22,27-2,27-2.jpg,images/27-2.jpg,Alibaba Cloud Model Studio,qwen3.6-flash-2026-04-16,qwen3.6-flash-2026-04-16,v2-repeatability-2026-09-01,1c1a1676abde21bda6ea8cf6eef5a6ca2bb99ecef928005f0fe5aed4769d0fa1,0,disabled,"{""enable_thinking"": false}",provider_default,2026-09-01T16:35:21.528398+00:00,2026-09-01T16:35:34.839303+00:00,13.311,1,None of these / Not clearly moral in nature,85,"The image depicts a scene with strong symbolic contrast: a woman celebrating (holding a birthday cake) amidst destruction and decay. While this juxtaposition could be interpreted metaphorically as 'Sanctity' (finding joy/purity in ruin) or 'Care' (resilience), the visual evidence does not depict an active moral action like helping, harming, or cheating, nor does it show a clear violation of rights or dignity. The primary content is aesthetic and atmospheric rather than a depiction of a specific moral dilemma or ethical breach.",success,,,2011,142,,2153,"{
  ""label"": ""None of these / Not clearly moral in nature"",
  ""confidence"": 85,
  ""brief_reason"": ""The image depicts a scene with strong symbolic contrast: a woman celebrating (holding a birthday cake) amidst destruction and decay. While this juxtaposition could be interpreted metaphorically as 'Sanctity' (finding joy/purity in ruin) or 'Care' (resilience), the visual evidence does not depict an active moral action like helping, harming, or cheating, nor does it show a clear violation of rights or dignity. The primary content is aesthetic and atmospheric rather than a depiction of a specific moral dilemma or ethical breach.""
}",
repeatability-v1,visual-moral-repeatability-v1,repeatability_subset_32.csv,9b29d0851bc8122b59276cdbc2e1e2f50f33caccfb7455f0fe203edbf0dff5ff,unanimous_exact_none,3,23,29-1,29-1.jpg,images/29-1.jpg,Alibaba Cloud Model Studio,qwen3.6-flash-2026-04-16,qwen3.6-flash-2026-04-16,v2-repeatability-2026-09-01,1c1a1676abde21bda6ea8cf6eef5a6ca2bb99ecef928005f0fe5aed4769d0fa1,0,disabled,"{""enable_thinking"": false}",provider_default,2026-09-01T16:35:35.358556+00:00,2026-09-01T16:35:41.692122+00:00,6.334,1,None of these / Not clearly moral in nature,95,"The image depicts a person engaged in the craft of pottery with focus and concentration. While this activity involves skill and care for the object being made, it does not visually convey a primary moral concern regarding the well-being, rights, or dignity of another person (Care), nor does it depict harm, unfairness, cheating, loyalty issues, or violations of sanctity. The scene is best understood as an artistic or professional pursuit rather than a moral situation.",success,,,2011,126,,2137,"{
  ""label"": ""None of these / Not clearly moral in nature"",
  ""confidence"": 95,
  ""brief_reason"": ""The image depicts a person engaged in the craft of pottery with focus and concentration. While this activity involves skill and care for the object being made, it does not visually convey a primary moral concern regarding the well-being, rights, or dignity of another person (Care), nor does it depict harm, unfairness, cheating, loyalty issues, or violations of sanctity. The scene is best understood as an artistic or professional pursuit rather than a moral situation.""
}",
repeatability-v1,visual-moral-repeatability-v1,repeatability_subset_32.csv,9b29d0851bc8122b59276cdbc2e1e2f50f33caccfb7455f0fe203edbf0dff5ff,unanimous_exact_none,3,24,30-1,30-1.jpg,images/30-1.jpg,Alibaba Cloud Model Studio,qwen3.6-flash-2026-04-16,qwen3.6-flash-2026-04-16,v2-repeatability-2026-09-01,1c1a1676abde21bda6ea8cf6eef5a6ca2bb99ecef928005f0fe5aed4769d0fa1,0,disabled,"{""enable_thinking"": false}",provider_default,2026-09-01T16:35:42.210229+00:00,2026-09-01T16:35:48.605149+00:00,6.395,1,None of these / Not clearly moral in nature,95,"The image depicts a person engaged in a creative hobby (pottery) within a peaceful studio setting. There are no visible elements indicating suffering, injustice, deception, or conflict. While the scene conveys themes of creativity and tranquility, it does not present a clear moral concern from the provided categories.",success,,,2011,96,,2107,"{
  ""label"": ""None of these / Not clearly moral in nature"",
  ""confidence"": 95,
  ""brief_reason"": ""The image depicts a person engaged in a creative hobby (pottery) within a peaceful studio setting. There are no visible elements indicating suffering, injustice, deception, or conflict. While the scene conveys themes of creativity and tranquility, it does not present a clear moral concern from the provided categories.""
}",
repeatability-v1,visual-moral-repeatability-v1,repeatability_subset_32.csv,9b29d0851bc8122b59276cdbc2e1e2f50f33caccfb7455f0fe203edbf0dff5ff,unanimous_exact_none,3,25,33-3,33-3.jpg,images/33-3.jpg,Alibaba Cloud Model Studio,qwen3.6-flash-2026-04-16,qwen3.6-flash-2026-04-16,v2-repeatability-2026-09-01,1c1a1676abde21bda6ea8cf6eef5a6ca2bb99ecef928005f0fe5aed4769d0fa1,0,disabled,"{""enable_thinking"": false}",provider_default,2026-09-01T16:35:49.130214+00:00,2026-09-01T16:35:53.776654+00:00,4.646,1,None of these / Not clearly moral in nature,85,"The image depicts a man sitting on a sofa holding a telephone receiver with a serious expression. While the mood is somber or tense, there are no visible actions indicating care, harm, unfairness, cheating, loyalty, betrayal, respect, subversion, sanctity, or degradation. The scene appears to be a portrait or narrative moment without clear evidence of a specific moral violation or concern from the provided categories.",success,,,2011,118,,2129,"{
  ""label"": ""None of these / Not clearly moral in nature"",
  ""confidence"": 85,
  ""brief_reason"": ""The image depicts a man sitting on a sofa holding a telephone receiver with a serious expression. While the mood is somber or tense, there are no visible actions indicating care, harm, unfairness, cheating, loyalty, betrayal, respect, subversion, sanctity, or degradation. The scene appears to be a portrait or narrative moment without clear evidence of a specific moral violation or concern from the provided categories.""
}",
repeatability-v1,visual-moral-repeatability-v1,repeatability_subset_32.csv,9b29d0851bc8122b59276cdbc2e1e2f50f33caccfb7455f0fe203edbf0dff5ff,unanimous_exact_none,3,26,40-2,40-2.jpg,images/40-2.jpg,Alibaba Cloud Model Studio,qwen3.6-flash-2026-04-16,qwen3.6-flash-2026-04-16,v2-repeatability-2026-09-01,1c1a1676abde21bda6ea8cf6eef5a6ca2bb99ecef928005f0fe5aed4769d0fa1,0,disabled,"{""enable_thinking"": false}",provider_default,2026-09-01T16:35:54.297628+00:00,2026-09-01T16:36:01.436029+00:00,7.138,1,None of these / Not clearly moral in nature,95,"The image depicts a static, aesthetic arrangement of objects including a bicycle, plants, a table, and boots. While the scene contains elements like a cracked pot or a broken clock face, these appear to be stylistic choices for an artistic composition rather than indicators of suffering, injustice, or moral violation. There are no people or animals present to experience harm, care, or unfair treatment, and no actions are being taken that would constitute cheating, betrayal, or subversion. Therefore, no primary moral concern is clearly conveyed.",success,,,2011,140,,2151,"{
  ""label"": ""None of these / Not clearly moral in nature"",
  ""confidence"": 95,
  ""brief_reason"": ""The image depicts a static, aesthetic arrangement of objects including a bicycle, plants, a table, and boots. While the scene contains elements like a cracked pot or a broken clock face, these appear to be stylistic choices for an artistic composition rather than indicators of suffering, injustice, or moral violation. There are no people or animals present to experience harm, care, or unfair treatment, and no actions are being taken that would constitute cheating, betrayal, or subversion. Therefore, no primary moral concern is clearly conveyed.""
}",
repeatability-v1,visual-moral-repeatability-v1,repeatability_subset_32.csv,9b29d0851bc8122b59276cdbc2e1e2f50f33caccfb7455f0fe203edbf0dff5ff,all_moral_label_disagreement,3,27,14-1,14-1.jpg,images/14-1.jpg,Alibaba Cloud Model Studio,qwen3.6-flash-2026-04-16,qwen3.6-flash-2026-04-16,v2-repeatability-2026-09-01,1c1a1676abde21bda6ea8cf6eef5a6ca2bb99ecef928005f0fe5aed4769d0fa1,0,disabled,"{""enable_thinking"": false}",provider_default,2026-09-01T16:36:01.956244+00:00,2026-09-01T16:36:04.321213+00:00,2.365,1,Harm,95,"The image visually depicts a scene of violence and physical suffering. A man in the foreground is covered in a white substance (likely paint or flour) and appears to be bleeding from his head, indicating he has been assaulted. Another individual is actively throwing an object at him. This clearly conveys physical injury and cruelty.",success,,,1272,92,,1364,"{
  ""label"": ""Harm"",
  ""confidence"": 95,
  ""brief_reason"": ""The image visually depicts a scene of violence and physical suffering. A man in the foreground is covered in a white substance (likely paint or flour) and appears to be bleeding from his head, indicating he has been assaulted. Another individual is actively throwing an object at him. This clearly conveys physical injury and cruelty.""
}",
repeatability-v1,visual-moral-repeatability-v1,repeatability_subset_32.csv,9b29d0851bc8122b59276cdbc2e1e2f50f33caccfb7455f0fe203edbf0dff5ff,all_moral_label_disagreement,3,28,15-4,15-4.jpg,images/15-4.jpg,Alibaba Cloud Model Studio,qwen3.6-flash-2026-04-16,qwen3.6-flash-2026-04-16,v2-repeatability-2026-09-01,1c1a1676abde21bda6ea8cf6eef5a6ca2bb99ecef928005f0fe5aed4769d0fa1,0,disabled,"{""enable_thinking"": false}",provider_default,2026-09-01T16:36:04.840006+00:00,2026-09-01T16:36:09.952764+00:00,5.113,1,Care,85,"The image depicts a soldier engaging in a direct, positive interaction with local civilians, characterized by handshakes and attentive listening. This visual evidence of connection, support, and engagement aligns best with the category of Care (concern for others' well-being and needs). While the context implies a military occupation which could raise issues of Fairness or Authority, the specific visible action is one of interpersonal support rather than enforcement, coercion, or harm.",success,,,3352,113,,3465,"{
""label"": ""Care"",
""confidence"": 85,
""brief_reason"": ""The image depicts a soldier engaging in a direct, positive interaction with local civilians, characterized by handshakes and attentive listening. This visual evidence of connection, support, and engagement aligns best with the category of Care (concern for others' well-being and needs). While the context implies a military occupation which could raise issues of Fairness or Authority, the specific visible action is one of interpersonal support rather than enforcement, coercion, or harm.""
}",
repeatability-v1,visual-moral-repeatability-v1,repeatability_subset_32.csv,9b29d0851bc8122b59276cdbc2e1e2f50f33caccfb7455f0fe203edbf0dff5ff,all_moral_label_disagreement,3,29,17-2,17-2.jpg,images/17-2.jpg,Alibaba Cloud Model Studio,qwen3.6-flash-2026-04-16,qwen3.6-flash-2026-04-16,v2-repeatability-2026-09-01,1c1a1676abde21bda6ea8cf6eef5a6ca2bb99ecef928005f0fe5aed4769d0fa1,0,disabled,"{""enable_thinking"": false}",provider_default,2026-09-01T16:36:10.473900+00:00,2026-09-01T16:36:21.425791+00:00,10.952,1,Care,85,"The image depicts a woman (likely a parent) engaging in a serious conversation with a younger person who appears withdrawn and distressed. The woman's expressive gesture and focused attention suggest she is attempting to communicate, offer support, or address the younger person's well-being. This aligns with the category of 'Care' concerning the needs and vulnerability of another. While the interaction could be interpreted as a conflict ('Harm'), the primary visual emphasis is on the attempt at connection and addressing the emotional state, rather than overt abuse or cruelty.",success,,,2043,134,,2177,"{
  ""label"": ""Care"",
  ""confidence"": 85,
  ""brief_reason"": ""The image depicts a woman (likely a parent) engaging in a serious conversation with a younger person who appears withdrawn and distressed. The woman's expressive gesture and focused attention suggest she is attempting to communicate, offer support, or address the younger person's well-being. This aligns with the category of 'Care' concerning the needs and vulnerability of another. While the interaction could be interpreted as a conflict ('Harm'), the primary visual emphasis is on the attempt at connection and addressing the emotional state, rather than overt abuse or cruelty.""
}",
repeatability-v1,visual-moral-repeatability-v1,repeatability_subset_32.csv,9b29d0851bc8122b59276cdbc2e1e2f50f33caccfb7455f0fe203edbf0dff5ff,all_moral_label_disagreement,3,30,17-3,17-3.jpg,images/17-3.jpg,Alibaba Cloud Model Studio,qwen3.6-flash-2026-04-16,qwen3.6-flash-2026-04-16,v2-repeatability-2026-09-01,1c1a1676abde21bda6ea8cf6eef5a6ca2bb99ecef928005f0fe5aed4769d0fa1,0,disabled,"{""enable_thinking"": false}",provider_default,2026-09-01T16:36:21.946873+00:00,2026-09-01T16:36:32.719323+00:00,10.772,1,Care,85,"The image depicts an adult woman engaging in a serious conversation with a younger person, using expressive hand gestures typical of explaining, counseling, or guiding. This interaction strongly suggests a dynamic of support, mentorship, or parental guidance, which aligns with the category of Care (concern for well-being and needs). While the younger person's withdrawn body language could imply conflict (potentially touching on Harm), the primary visible action is the adult's attempt to communicate and address the situation, making 'Care' the most accurate description of the moral concern regarding their relationship and welfare.",success,,,2043,142,,2185,"{
  ""label"": ""Care"",
  ""confidence"": 85,
  ""brief_reason"": ""The image depicts an adult woman engaging in a serious conversation with a younger person, using expressive hand gestures typical of explaining, counseling, or guiding. This interaction strongly suggests a dynamic of support, mentorship, or parental guidance, which aligns with the category of Care (concern for well-being and needs). While the younger person's withdrawn body language could imply conflict (potentially touching on Harm), the primary visible action is the adult's attempt to communicate and address the situation, making 'Care' the most accurate description of the moral concern regarding their relationship and welfare.""
}",
repeatability-v1,visual-moral-repeatability-v1,repeatability_subset_32.csv,9b29d0851bc8122b59276cdbc2e1e2f50f33caccfb7455f0fe203edbf0dff5ff,all_moral_label_disagreement,3,31,18-1,18-1.jpg,images/18-1.jpg,Alibaba Cloud Model Studio,qwen3.6-flash-2026-04-16,qwen3.6-flash-2026-04-16,v2-repeatability-2026-09-01,1c1a1676abde21bda6ea8cf6eef5a6ca2bb99ecef928005f0fe5aed4769d0fa1,0,disabled,"{""enable_thinking"": false}",provider_default,2026-09-01T16:36:33.239696+00:00,2026-09-01T16:36:38.326111+00:00,5.086,1,Care,95,"The image depicts a communal gathering centered around 'THE PEOPLE'S HARVEST' and 'CULTIVATE COMMUNITY'. The visible actions include people tending to gardens, harvesting produce, and sharing meals together at long tables. These activities—nurturing plants, providing food, and fostering social connection—are direct visual representations of care, support, and concern for the well-being of the community.",success,,,2163,106,,2269,"{
  ""label"": ""Care"",
  ""confidence"": 95,
  ""brief_reason"": ""The image depicts a communal gathering centered around 'THE PEOPLE'S HARVEST' and 'CULTIVATE COMMUNITY'. The visible actions include people tending to gardens, harvesting produce, and sharing meals together at long tables. These activities—nurturing plants, providing food, and fostering social connection—are direct visual representations of care, support, and concern for the well-being of the community.""
}",
repeatability-v1,visual-moral-repeatability-v1,repeatability_subset_32.csv,9b29d0851bc8122b59276cdbc2e1e2f50f33caccfb7455f0fe203edbf0dff5ff,all_moral_label_disagreement,3,32,28-1,28-1.jpg,images/28-1.jpg,Alibaba Cloud Model Studio,qwen3.6-flash-2026-04-16,qwen3.6-flash-2026-04-16,v2-repeatability-2026-09-01,1c1a1676abde21bda6ea8cf6eef5a6ca2bb99ecef928005f0fe5aed4769d0fa1,0,disabled,"{""enable_thinking"": false}",provider_default,2026-09-01T16:36:38.845753+00:00,2026-09-01T16:36:51.388365+00:00,12.543,1,Harm,85,"The image depicts a person in a state of visible emotional suffering and distress. The subject's facial expression (furrowed brow, weary eyes) and body language (head resting heavily in hands) strongly convey exhaustion, stress, or burnout. This aligns with the category of Harm, which includes emotional suffering. While 'Care' is related to well-being, the primary visual emphasis here is on the negative state of suffering rather than an act of helping. No evidence supports other categories like Cheating, Fairness, or Betrayal.",success,,,2011,138,,2149,"{
  ""label"": ""Harm"",
  ""confidence"": 85,
  ""brief_reason"": ""The image depicts a person in a state of visible emotional suffering and distress. The subject's facial expression (furrowed brow, weary eyes) and body language (head resting heavily in hands) strongly convey exhaustion, stress, or burnout. This aligns with the category of Harm, which includes emotional suffering. While 'Care' is related to well-being, the primary visual emphasis here is on the negative state of suffering rather than an act of helping. No evidence supports other categories like Cheating, Fairness, or Betrayal.""
}",
