schema_version,protocol_id,protocol_sha256,schedule_seed,schedule_sha256,trial_id,execution_id,sequence_index,run_number,image_block_position,condition_position,condition,prompt_version,prompt_sha256,evaluation_manifest_sha256,image_id,filename,image_path,image_sha256,model_key,provider,requested_model,actual_model,sdk_version,temperature_requested,reasoning_setting,image_detail,request_started_at_utc,response_received_at_utc,duration_seconds,attempts_used,status,label,confidence,brief_reason,error_type,error_message,http_status,response_id,input_tokens,output_tokens,reasoning_tokens,total_tokens,raw_output,raw_json_path
prompt-results-v1,visual-cue-prompt-pilot-v1,010ecf86752795948c65f735a12ca5ef23a0b79726346feeeec6b2e8a0d97fd9,20260905,4abacadab7776f19f410667a58dab254f25527fef3a254f29b2f95a6ed48d37c,0050b3afc23b2b565879bf4f9ac5095116c9b476a4e939fe9e6cf08444a83945,,1,1,1,1,p2,p2-blind-nonoverlap-cues-v1-2026-09-05,482dce5b0ed5faf3ec20bdf32b51d0eb2212e901d18dde12a59c1f710160df8d,b0df04e619c332a72d33e5061a92e225ef3b9a537c9dcb40ee78e063f56dfcdd,16-2,16-2.jpg,images/16-2.jpg,b19fe338347260d6f82e12bf5b43634b2f0503089cdbb715f9dfe13c1d5639b4,qwen36,Alibaba Cloud Model Studio,qwen3.6-flash-2026-04-16,qwen3.6-flash-2026-04-16,2.48.0,0,"{""enable_thinking"": false}",provider_default,2026-09-05T23:19:10.420292+00:00,2026-09-05T23:19:18.403425+00:00,7.983,1,success,Harm,95,"The image explicitly depicts a scene of physical violence and suffering. One individual is shown in the act of physically attacking another (choking or strangling), while the victim displays visible signs of extreme pain and distress through facial expression and body language. This directly aligns with the category of Harm, which covers physical injury, cruelty, and violence.",,,,,1936,97,,2033,"{
  ""label"": ""Harm"",
  ""confidence"": 95,
  ""brief_reason"": ""The image explicitly depicts a scene of physical violence and suffering. One individual is shown in the act of physically attacking another (choking or strangling), while the victim displays visible signs of extreme pain and distress through facial expression and body language. This directly aligns with the category of Harm, which covers physical injury, cruelty, and violence.""
}",
prompt-results-v1,visual-cue-prompt-pilot-v1,010ecf86752795948c65f735a12ca5ef23a0b79726346feeeec6b2e8a0d97fd9,20260905,4abacadab7776f19f410667a58dab254f25527fef3a254f29b2f95a6ed48d37c,5adf26b93560df3f8cec93e250264a40823d61b3159e0f79b3de703d223d539b,,2,1,1,2,p0,p0-baseline-v2,1c1a1676abde21bda6ea8cf6eef5a6ca2bb99ecef928005f0fe5aed4769d0fa1,b0df04e619c332a72d33e5061a92e225ef3b9a537c9dcb40ee78e063f56dfcdd,16-2,16-2.jpg,images/16-2.jpg,b19fe338347260d6f82e12bf5b43634b2f0503089cdbb715f9dfe13c1d5639b4,qwen36,Alibaba Cloud Model Studio,qwen3.6-flash-2026-04-16,qwen3.6-flash-2026-04-16,2.48.0,0,"{""enable_thinking"": false}",provider_default,2026-09-05T23:19:18.921477+00:00,2026-09-05T23:19:22.585119+00:00,3.664,1,success,Harm,95,"The image explicitly depicts a scene of physical violence and aggression. One individual is shown physically overpowering another from behind in a chokehold, while the victim displays visible signs of extreme distress and pain (grimacing, hands clutching the throat). This visual evidence strongly supports 'Harm' as the primary moral concern regarding physical suffering and abuse.",,,,,1515,97,,1612,"{
  ""label"": ""Harm"",
  ""confidence"": 95,
  ""brief_reason"": ""The image explicitly depicts a scene of physical violence and aggression. One individual is shown physically overpowering another from behind in a chokehold, while the victim displays visible signs of extreme distress and pain (grimacing, hands clutching the throat). This visual evidence strongly supports 'Harm' as the primary moral concern regarding physical suffering and abuse.""
}",
prompt-results-v1,visual-cue-prompt-pilot-v1,010ecf86752795948c65f735a12ca5ef23a0b79726346feeeec6b2e8a0d97fd9,20260905,4abacadab7776f19f410667a58dab254f25527fef3a254f29b2f95a6ed48d37c,71af17769c4597355390d4dddedf4fbea0b655040eb1900a56ac29be23589b13,,3,1,1,3,p1,p1-structured-control-v1-2026-09-05,b9621814e5a2bb839e6f399c5bf42940989a14efca909b15427ab68e3ae9432d,b0df04e619c332a72d33e5061a92e225ef3b9a537c9dcb40ee78e063f56dfcdd,16-2,16-2.jpg,images/16-2.jpg,b19fe338347260d6f82e12bf5b43634b2f0503089cdbb715f9dfe13c1d5639b4,qwen36,Alibaba Cloud Model Studio,qwen3.6-flash-2026-04-16,qwen3.6-flash-2026-04-16,2.48.0,0,"{""enable_thinking"": false}",provider_default,2026-09-05T23:19:23.098061+00:00,2026-09-05T23:19:26.496018+00:00,3.398,1,success,Harm,95,"The image visually depicts a scene of physical violence and suffering. One individual is shown in the act of strangling another, while the victim displays visible signs of extreme distress and pain (grimacing, hands clutching the throat). This directly aligns with the category of Harm, which covers physical injury, cruelty, and violence.",,,,,1755,94,,1849,"{
  ""label"": ""Harm"",
  ""confidence"": 95,
  ""brief_reason"": ""The image visually depicts a scene of physical violence and suffering. One individual is shown in the act of strangling another, while the victim displays visible signs of extreme distress and pain (grimacing, hands clutching the throat). This directly aligns with the category of Harm, which covers physical injury, cruelty, and violence.""
}",
prompt-results-v1,visual-cue-prompt-pilot-v1,010ecf86752795948c65f735a12ca5ef23a0b79726346feeeec6b2e8a0d97fd9,20260905,4abacadab7776f19f410667a58dab254f25527fef3a254f29b2f95a6ed48d37c,1ddd16baa7fa93a63952a060d5d5844feca899622ec050d6761895be165b4081,,4,1,2,1,p0,p0-baseline-v2,1c1a1676abde21bda6ea8cf6eef5a6ca2bb99ecef928005f0fe5aed4769d0fa1,b0df04e619c332a72d33e5061a92e225ef3b9a537c9dcb40ee78e063f56dfcdd,o-1,o-1.jpg,images/o-1.jpg,465ce5e16a46ae2345602e9171dd9d71e3f2541db1587e0b00b60a3ad76e919e,qwen36,Alibaba Cloud Model Studio,qwen3.6-flash-2026-04-16,qwen3.6-flash-2026-04-16,2.48.0,0,"{""enable_thinking"": false}",provider_default,2026-09-05T23:19:27.022270+00:00,2026-09-05T23:19:29.864484+00:00,2.842,1,success,None of these / Not clearly moral in nature,95,"The image depicts two students sitting side-by-side and writing on paper. While the proximity might suggest a possibility of academic dishonesty (Cheating), there is no visible evidence of rule-breaking, deception, or unfair advantage; they could simply be taking an exam independently. Similarly, there are no visual cues for Care, Harm, Fairness, or other specific moral categories. The scene is a neutral depiction of studying or testing without clear moral indicators.",,,,,1519,125,,1644,"{
  ""label"": ""None of these / Not clearly moral in nature"",
  ""confidence"": 95,
  ""brief_reason"": ""The image depicts two students sitting side-by-side and writing on paper. While the proximity might suggest a possibility of academic dishonesty (Cheating), there is no visible evidence of rule-breaking, deception, or unfair advantage; they could simply be taking an exam independently. Similarly, there are no visual cues for Care, Harm, Fairness, or other specific moral categories. The scene is a neutral depiction of studying or testing without clear moral indicators.""
}",
prompt-results-v1,visual-cue-prompt-pilot-v1,010ecf86752795948c65f735a12ca5ef23a0b79726346feeeec6b2e8a0d97fd9,20260905,4abacadab7776f19f410667a58dab254f25527fef3a254f29b2f95a6ed48d37c,fa55b853b7e0c35c34dd7e24f1bdf7e31cbc23a8e4e84dfdf19d9e43cb37162f,,5,1,2,2,p1,p1-structured-control-v1-2026-09-05,b9621814e5a2bb839e6f399c5bf42940989a14efca909b15427ab68e3ae9432d,b0df04e619c332a72d33e5061a92e225ef3b9a537c9dcb40ee78e063f56dfcdd,o-1,o-1.jpg,images/o-1.jpg,465ce5e16a46ae2345602e9171dd9d71e3f2541db1587e0b00b60a3ad76e919e,qwen36,Alibaba Cloud Model Studio,qwen3.6-flash-2026-04-16,qwen3.6-flash-2026-04-16,2.48.0,0,"{""enable_thinking"": false}",provider_default,2026-09-05T23:19:30.381209+00:00,2026-09-05T23:19:32.634273+00:00,2.253,1,success,None of these / Not clearly moral in nature,90,"The image depicts two students sitting at a desk, appearing to write or take a test. While the proximity of the students might suggest 'Cheating' as a possibility, there is no visible evidence of rule-breaking, deception, or unfair advantage (e.g., looking at each other's papers). They are simply working in close quarters. Without explicit visual cues of misconduct, inferring a moral violation like cheating would require unsupported assumptions about their intentions or actions. Therefore, the scene is best classified as a neutral activity without a clear primary moral concern.",,,,,1759,145,,1904,"{
  ""label"": ""None of these / Not clearly moral in nature"",
  ""confidence"": 90,
  ""brief_reason"": ""The image depicts two students sitting at a desk, appearing to write or take a test. While the proximity of the students might suggest 'Cheating' as a possibility, there is no visible evidence of rule-breaking, deception, or unfair advantage (e.g., looking at each other's papers). They are simply working in close quarters. Without explicit visual cues of misconduct, inferring a moral violation like cheating would require unsupported assumptions about their intentions or actions. Therefore, the scene is best classified as a neutral activity without a clear primary moral concern.""
}",
prompt-results-v1,visual-cue-prompt-pilot-v1,010ecf86752795948c65f735a12ca5ef23a0b79726346feeeec6b2e8a0d97fd9,20260905,4abacadab7776f19f410667a58dab254f25527fef3a254f29b2f95a6ed48d37c,909d2f17668fdf4f2da65f09a4e68854d23676d6df6c8afeb773a2a8481212d3,,6,1,2,3,p2,p2-blind-nonoverlap-cues-v1-2026-09-05,482dce5b0ed5faf3ec20bdf32b51d0eb2212e901d18dde12a59c1f710160df8d,b0df04e619c332a72d33e5061a92e225ef3b9a537c9dcb40ee78e063f56dfcdd,o-1,o-1.jpg,images/o-1.jpg,465ce5e16a46ae2345602e9171dd9d71e3f2541db1587e0b00b60a3ad76e919e,qwen36,Alibaba Cloud Model Studio,qwen3.6-flash-2026-04-16,qwen3.6-flash-2026-04-16,2.48.0,0,"{""enable_thinking"": false}",provider_default,2026-09-05T23:19:33.158474+00:00,2026-09-05T23:19:36.717244+00:00,3.559,1,success,None of these / Not clearly moral in nature,95,"The image depicts two students sitting at a desk and writing on paper. While the setting implies an academic context where rules against cheating exist, there is no visible evidence of rule-breaking, deception, or unfair advantage (such as looking at each other's papers). The subjects are simply engaged in the act of writing. Without explicit visual cues indicating misconduct, inferring 'Cheating' would require assuming hidden intentions not supported by the scene. Therefore, the image does not clearly convey a specific moral concern from the provided categories.",,,,,1940,139,,2079,"{
  ""label"": ""None of these / Not clearly moral in nature"",
  ""confidence"": 95,
  ""brief_reason"": ""The image depicts two students sitting at a desk and writing on paper. While the setting implies an academic context where rules against cheating exist, there is no visible evidence of rule-breaking, deception, or unfair advantage (such as looking at each other's papers). The subjects are simply engaged in the act of writing. Without explicit visual cues indicating misconduct, inferring 'Cheating' would require assuming hidden intentions not supported by the scene. Therefore, the image does not clearly convey a specific moral concern from the provided categories.""
}",
prompt-results-v1,visual-cue-prompt-pilot-v1,010ecf86752795948c65f735a12ca5ef23a0b79726346feeeec6b2e8a0d97fd9,20260905,4abacadab7776f19f410667a58dab254f25527fef3a254f29b2f95a6ed48d37c,bc818161406e03bc72649af43f80b02840a9b216f7b005d10c480a10e29361e0,,7,1,3,1,p1,p1-structured-control-v1-2026-09-05,b9621814e5a2bb839e6f399c5bf42940989a14efca909b15427ab68e3ae9432d,b0df04e619c332a72d33e5061a92e225ef3b9a537c9dcb40ee78e063f56dfcdd,37-3,37-3.jpg,images/37-3.jpg,368cf7b7ef47e0933e9b60541ae321361571d2dbc8bd6b7deb0dc657f9a54e21,qwen36,Alibaba Cloud Model Studio,qwen3.6-flash-2026-04-16,qwen3.6-flash-2026-04-16,2.48.0,0,"{""enable_thinking"": false}",provider_default,2026-09-05T23:19:37.240934+00:00,2026-09-05T23:19:41.342858+00:00,4.102,1,success,Harm,85,"The image prominently features a person in visible emotional distress, indicated by their pained expression, red eyes, and body language (holding their head). The surrounding environment—messy room, trash, discarded food—suggests neglect and suffering. This aligns with the 'Harm' category, which covers emotional suffering and injury. While the context of social media could imply themes of unfairness or betrayal, the primary visual evidence points to the individual's state of suffering rather than the specific cause.",,,,,2251,128,,2379,"{
  ""label"": ""Harm"",
  ""confidence"": 85,
  ""brief_reason"": ""The image prominently features a person in visible emotional distress, indicated by their pained expression, red eyes, and body language (holding their head). The surrounding environment—messy room, trash, discarded food—suggests neglect and suffering. This aligns with the 'Harm' category, which covers emotional suffering and injury. While the context of social media could imply themes of unfairness or betrayal, the primary visual evidence points to the individual's state of suffering rather than the specific cause.""
}",
prompt-results-v1,visual-cue-prompt-pilot-v1,010ecf86752795948c65f735a12ca5ef23a0b79726346feeeec6b2e8a0d97fd9,20260905,4abacadab7776f19f410667a58dab254f25527fef3a254f29b2f95a6ed48d37c,0f64c8bb858787eaa52b094be677443573e336f4dcee4961ab1b85adac7f2e87,,8,1,3,2,p2,p2-blind-nonoverlap-cues-v1-2026-09-05,482dce5b0ed5faf3ec20bdf32b51d0eb2212e901d18dde12a59c1f710160df8d,b0df04e619c332a72d33e5061a92e225ef3b9a537c9dcb40ee78e063f56dfcdd,37-3,37-3.jpg,images/37-3.jpg,368cf7b7ef47e0933e9b60541ae321361571d2dbc8bd6b7deb0dc657f9a54e21,qwen36,Alibaba Cloud Model Studio,qwen3.6-flash-2026-04-16,qwen3.6-flash-2026-04-16,2.48.0,0,"{""enable_thinking"": false}",provider_default,2026-09-05T23:19:41.861897+00:00,2026-09-05T23:19:46.863737+00:00,5.002,1,success,Harm,85,"The image visually depicts a person in a state of severe emotional distress and suffering. The subject's pained facial expression, red eyes, and posture (holding their head) strongly convey psychological pain or trauma. The surrounding environment—messy room, discarded food containers, and used tissues—supports the inference of a negative condition involving self-neglect or crisis. While the source of the distress is ambiguous, the primary moral concern conveyed by the visible evidence is the presence of significant emotional harm.",,,,,2432,127,,2559,"{
  ""label"": ""Harm"",
  ""confidence"": 85,
  ""brief_reason"": ""The image visually depicts a person in a state of severe emotional distress and suffering. The subject's pained facial expression, red eyes, and posture (holding their head) strongly convey psychological pain or trauma. The surrounding environment—messy room, discarded food containers, and used tissues—supports the inference of a negative condition involving self-neglect or crisis. While the source of the distress is ambiguous, the primary moral concern conveyed by the visible evidence is the presence of significant emotional harm.""
}",
prompt-results-v1,visual-cue-prompt-pilot-v1,010ecf86752795948c65f735a12ca5ef23a0b79726346feeeec6b2e8a0d97fd9,20260905,4abacadab7776f19f410667a58dab254f25527fef3a254f29b2f95a6ed48d37c,226d07505f3da37342af0cb8e2200f222d497c773fa773dc6931c200aebb2c36,,9,1,3,3,p0,p0-baseline-v2,1c1a1676abde21bda6ea8cf6eef5a6ca2bb99ecef928005f0fe5aed4769d0fa1,b0df04e619c332a72d33e5061a92e225ef3b9a537c9dcb40ee78e063f56dfcdd,37-3,37-3.jpg,images/37-3.jpg,368cf7b7ef47e0933e9b60541ae321361571d2dbc8bd6b7deb0dc657f9a54e21,qwen36,Alibaba Cloud Model Studio,qwen3.6-flash-2026-04-16,qwen3.6-flash-2026-04-16,2.48.0,0,"{""enable_thinking"": false}",provider_default,2026-09-05T23:19:47.376403+00:00,2026-09-05T23:19:52.177942+00:00,4.802,1,success,Harm,85,"The image depicts a person in visible emotional distress, characterized by red eyes (suggesting crying or strain), a pained expression, and a disheveled environment with trash. The primary moral concern conveyed is the individual's suffering and psychological pain. While 'Care' is relevant as the subject needs support, 'Harm' is the more direct classification for the visible state of suffering itself.",,,,,2011,107,,2118,"{
  ""label"": ""Harm"",
  ""confidence"": 85,
  ""brief_reason"": ""The image depicts a person in visible emotional distress, characterized by red eyes (suggesting crying or strain), a pained expression, and a disheveled environment with trash. The primary moral concern conveyed is the individual's suffering and psychological pain. While 'Care' is relevant as the subject needs support, 'Harm' is the more direct classification for the visible state of suffering itself.""
}",
prompt-results-v1,visual-cue-prompt-pilot-v1,010ecf86752795948c65f735a12ca5ef23a0b79726346feeeec6b2e8a0d97fd9,20260905,4abacadab7776f19f410667a58dab254f25527fef3a254f29b2f95a6ed48d37c,e8ae2e121fa55aa8bb8104f465bc0e3b12f1943b417426f2d061edadc7340d83,,10,1,4,1,p0,p0-baseline-v2,1c1a1676abde21bda6ea8cf6eef5a6ca2bb99ecef928005f0fe5aed4769d0fa1,b0df04e619c332a72d33e5061a92e225ef3b9a537c9dcb40ee78e063f56dfcdd,g-1,g-1.png,images/g-1.png,943338cbf3221f686e7f8eab88ffc3c7ca097f6fc19aae82b4af59fa203117af,qwen36,Alibaba Cloud Model Studio,qwen3.6-flash-2026-04-16,qwen3.6-flash-2026-04-16,2.48.0,0,"{""enable_thinking"": false}",provider_default,2026-09-05T23:19:52.704531+00:00,2026-09-05T23:19:58.638271+00:00,5.934,1,success,Fairness,85,"The image prominently features a person in a wheelchair facing a building entrance accessible only by stairs, with no visible ramp or alternative access. This visual setup highlights a barrier to entry that prevents equal participation, representing a concern for accessibility and equitable treatment (fairness). While the scene evokes sympathy (Care), the primary moral subject is the structural inequality preventing access.",,,,,2043,100,,2143,"{
  ""label"": ""Fairness"",
  ""confidence"": 85,
  ""brief_reason"": ""The image prominently features a person in a wheelchair facing a building entrance accessible only by stairs, with no visible ramp or alternative access. This visual setup highlights a barrier to entry that prevents equal participation, representing a concern for accessibility and equitable treatment (fairness). While the scene evokes sympathy (Care), the primary moral subject is the structural inequality preventing access.""
}",
prompt-results-v1,visual-cue-prompt-pilot-v1,010ecf86752795948c65f735a12ca5ef23a0b79726346feeeec6b2e8a0d97fd9,20260905,4abacadab7776f19f410667a58dab254f25527fef3a254f29b2f95a6ed48d37c,120d76cac7400b43ce62b17c28a5f502dfb76d452685632c99be93ae6b9d8e70,,11,1,4,2,p1,p1-structured-control-v1-2026-09-05,b9621814e5a2bb839e6f399c5bf42940989a14efca909b15427ab68e3ae9432d,b0df04e619c332a72d33e5061a92e225ef3b9a537c9dcb40ee78e063f56dfcdd,g-1,g-1.png,images/g-1.png,943338cbf3221f686e7f8eab88ffc3c7ca097f6fc19aae82b4af59fa203117af,qwen36,Alibaba Cloud Model Studio,qwen3.6-flash-2026-04-16,qwen3.6-flash-2026-04-16,2.48.0,0,"{""enable_thinking"": false}",provider_default,2026-09-05T23:19:59.166196+00:00,2026-09-05T23:20:07.606478+00:00,8.44,1,success,Fairness,85,"The image prominently features a person in a wheelchair positioned at the base of a staircase with no visible ramp or elevator access. This visual arrangement highlights a structural barrier that prevents equal access to the building, representing a concern for equitable opportunities and justice regarding accessibility. While 'Care' is relevant to the individual's situation, the primary moral theme conveyed by the scene is the lack of fairness in the built environment.",,,,,2283,109,,2392,"{
  ""label"": ""Fairness"",
  ""confidence"": 85,
  ""brief_reason"": ""The image prominently features a person in a wheelchair positioned at the base of a staircase with no visible ramp or elevator access. This visual arrangement highlights a structural barrier that prevents equal access to the building, representing a concern for equitable opportunities and justice regarding accessibility. While 'Care' is relevant to the individual's situation, the primary moral theme conveyed by the scene is the lack of fairness in the built environment.""
}",
prompt-results-v1,visual-cue-prompt-pilot-v1,010ecf86752795948c65f735a12ca5ef23a0b79726346feeeec6b2e8a0d97fd9,20260905,4abacadab7776f19f410667a58dab254f25527fef3a254f29b2f95a6ed48d37c,e975b7869facac0a4941640ea802a72b089315f01144166a82ab7d40375a815c,,12,1,4,3,p2,p2-blind-nonoverlap-cues-v1-2026-09-05,482dce5b0ed5faf3ec20bdf32b51d0eb2212e901d18dde12a59c1f710160df8d,b0df04e619c332a72d33e5061a92e225ef3b9a537c9dcb40ee78e063f56dfcdd,g-1,g-1.png,images/g-1.png,943338cbf3221f686e7f8eab88ffc3c7ca097f6fc19aae82b4af59fa203117af,qwen36,Alibaba Cloud Model Studio,qwen3.6-flash-2026-04-16,qwen3.6-flash-2026-04-16,2.48.0,0,"{""enable_thinking"": false}",provider_default,2026-09-05T23:20:08.125990+00:00,2026-09-05T23:20:13.647165+00:00,5.521,1,success,Fairness,85,"The image prominently features a person in a wheelchair positioned at the base of a staircase that serves as the main entrance to a building. The visual evidence highlights an architectural barrier (stairs without a visible ramp) that prevents equal access for individuals with mobility impairments. This depicts a situation of unequal opportunity and lack of equitable access, which falls squarely under the category of Fairness. While 'Care' is relevant to the individual's well-being, the primary moral theme conveyed by the scene is the structural inequality regarding access to the building.",,,,,2464,134,,2598,"{
  ""label"": ""Fairness"",
  ""confidence"": 85,
  ""brief_reason"": ""The image prominently features a person in a wheelchair positioned at the base of a staircase that serves as the main entrance to a building. The visual evidence highlights an architectural barrier (stairs without a visible ramp) that prevents equal access for individuals with mobility impairments. This depicts a situation of unequal opportunity and lack of equitable access, which falls squarely under the category of Fairness. While 'Care' is relevant to the individual's well-being, the primary moral theme conveyed by the scene is the structural inequality regarding access to the building.""
}",
prompt-results-v1,visual-cue-prompt-pilot-v1,010ecf86752795948c65f735a12ca5ef23a0b79726346feeeec6b2e8a0d97fd9,20260905,4abacadab7776f19f410667a58dab254f25527fef3a254f29b2f95a6ed48d37c,a6d6967c2ad46e31e7e953d5b7e85f6e56518ceaebd6135aec24b6d4972a3a57,,13,1,5,1,p2,p2-blind-nonoverlap-cues-v1-2026-09-05,482dce5b0ed5faf3ec20bdf32b51d0eb2212e901d18dde12a59c1f710160df8d,b0df04e619c332a72d33e5061a92e225ef3b9a537c9dcb40ee78e063f56dfcdd,35-3,35-3.jpg,images/35-3.jpg,10205cc5ff7b04e752488d2961e48affc5f0a07ee8b10d130097b4f6c44be1db,qwen36,Alibaba Cloud Model Studio,qwen3.6-flash-2026-04-16,qwen3.6-flash-2026-04-16,2.48.0,0,"{""enable_thinking"": false}",provider_default,2026-09-05T23:20:14.168602+00:00,2026-09-05T23:20:19.487121+00:00,5.319,1,success,None of these / Not clearly moral in nature,95,"The image depicts a wedding reception, a social celebration. While the scene involves positive social interactions like clapping and toasting, it does not visually convey any specific moral concern such as harm, unfairness, betrayal, or violation of dignity. The primary focus is on a ceremonial event rather than a moral dilemma or ethical issue.",,,,,2432,101,,2533,"{
  ""label"": ""None of these / Not clearly moral in nature"",
  ""confidence"": 95,
  ""brief_reason"": ""The image depicts a wedding reception, a social celebration. While the scene involves positive social interactions like clapping and toasting, it does not visually convey any specific moral concern such as harm, unfairness, betrayal, or violation of dignity. The primary focus is on a ceremonial event rather than a moral dilemma or ethical issue.""
}",
prompt-results-v1,visual-cue-prompt-pilot-v1,010ecf86752795948c65f735a12ca5ef23a0b79726346feeeec6b2e8a0d97fd9,20260905,4abacadab7776f19f410667a58dab254f25527fef3a254f29b2f95a6ed48d37c,201be0c8ac991558ad15f07b1b603ff7b2103b0a118cb7eec9d424db99b3414e,,14,1,5,2,p0,p0-baseline-v2,1c1a1676abde21bda6ea8cf6eef5a6ca2bb99ecef928005f0fe5aed4769d0fa1,b0df04e619c332a72d33e5061a92e225ef3b9a537c9dcb40ee78e063f56dfcdd,35-3,35-3.jpg,images/35-3.jpg,10205cc5ff7b04e752488d2961e48affc5f0a07ee8b10d130097b4f6c44be1db,qwen36,Alibaba Cloud Model Studio,qwen3.6-flash-2026-04-16,qwen3.6-flash-2026-04-16,2.48.0,0,"{""enable_thinking"": false}",provider_default,2026-09-05T23:20:20.017917+00:00,2026-09-05T23:20:28.231995+00:00,8.214,1,success,None of these / Not clearly moral in nature,95,"The image depicts a standard wedding reception scene featuring a bride and groom celebrating with guests. The visible actions—clapping, smiling, holding champagne, and posing for photos—are celebratory and social in nature. There is no visual evidence of suffering, injustice, deception, violation of authority, or other specific moral concerns listed in the categories. While themes like loyalty or respect are implicitly present in the institution of marriage, the primary visual content does not convey a distinct moral issue or conflict.",,,,,2011,128,,2139,"{
""label"": ""None of these / Not clearly moral in nature"",
""confidence"": 95,
""brief_reason"": ""The image depicts a standard wedding reception scene featuring a bride and groom celebrating with guests. The visible actions—clapping, smiling, holding champagne, and posing for photos—are celebratory and social in nature. There is no visual evidence of suffering, injustice, deception, violation of authority, or other specific moral concerns listed in the categories. While themes like loyalty or respect are implicitly present in the institution of marriage, the primary visual content does not convey a distinct moral issue or conflict.""
}",
prompt-results-v1,visual-cue-prompt-pilot-v1,010ecf86752795948c65f735a12ca5ef23a0b79726346feeeec6b2e8a0d97fd9,20260905,4abacadab7776f19f410667a58dab254f25527fef3a254f29b2f95a6ed48d37c,98232f8625192fa77fd0dc8dc65ef6079414b0051e1dbb5f17ed50362b6d4d59,,15,1,5,3,p1,p1-structured-control-v1-2026-09-05,b9621814e5a2bb839e6f399c5bf42940989a14efca909b15427ab68e3ae9432d,b0df04e619c332a72d33e5061a92e225ef3b9a537c9dcb40ee78e063f56dfcdd,35-3,35-3.jpg,images/35-3.jpg,10205cc5ff7b04e752488d2961e48affc5f0a07ee8b10d130097b4f6c44be1db,qwen36,Alibaba Cloud Model Studio,qwen3.6-flash-2026-04-16,qwen3.6-flash-2026-04-16,2.48.0,0,"{""enable_thinking"": false}",provider_default,2026-09-05T23:20:28.756225+00:00,2026-09-05T23:20:34.170507+00:00,5.414,1,success,None of these / Not clearly moral in nature,95,"The image depicts a standard wedding reception scene featuring a bride and groom celebrating with guests. The visible actions—clapping, smiling, holding champagne glasses, and posing for photos—are celebratory and social in nature. There is no visual evidence of suffering, injustice, deception, violation of dignity, or other specific moral concerns listed in the categories (Care, Harm, Fairness, Cheating, Loyalty, Betrayal, Respect, Subversion, Sanctity, Degradation). While themes of loyalty or respect might be abstractly associated with marriage, the image itself does not convey a primary moral concern or conflict.",,,,,2251,160,,2411,"{
  ""label"": ""None of these / Not clearly moral in nature"",
  ""confidence"": 95,
  ""brief_reason"": ""The image depicts a standard wedding reception scene featuring a bride and groom celebrating with guests. The visible actions—clapping, smiling, holding champagne glasses, and posing for photos—are celebratory and social in nature. There is no visual evidence of suffering, injustice, deception, violation of dignity, or other specific moral concerns listed in the categories (Care, Harm, Fairness, Cheating, Loyalty, Betrayal, Respect, Subversion, Sanctity, Degradation). While themes of loyalty or respect might be abstractly associated with marriage, the image itself does not convey a primary moral concern or conflict.""
}",
prompt-results-v1,visual-cue-prompt-pilot-v1,010ecf86752795948c65f735a12ca5ef23a0b79726346feeeec6b2e8a0d97fd9,20260905,4abacadab7776f19f410667a58dab254f25527fef3a254f29b2f95a6ed48d37c,ac980db459a040349bda752c377de31de4c28374df72190358183b99c0da6f9a,,16,1,6,1,p0,p0-baseline-v2,1c1a1676abde21bda6ea8cf6eef5a6ca2bb99ecef928005f0fe5aed4769d0fa1,b0df04e619c332a72d33e5061a92e225ef3b9a537c9dcb40ee78e063f56dfcdd,25-2,25-2.jpg,images/25-2.jpg,f2c8b7b650119d1d77c11d0589ceb662f0e41da70262e74f89249661c27fd484,qwen36,Alibaba Cloud Model Studio,qwen3.6-flash-2026-04-16,qwen3.6-flash-2026-04-16,2.48.0,0,"{""enable_thinking"": false}",provider_default,2026-09-05T23:20:34.703050+00:00,2026-09-05T23:20:39.855431+00:00,5.152,1,success,Fairness,95,"The image depicts a public demonstration featuring a large rainbow flag, which is a widely recognized symbol for the LGBTQ+ community. The participants are actively protesting and advocating for rights and equality. This visual context strongly aligns with the category of Fairness, which encompasses concerns for justice, equality, and rights. While elements of Loyalty (solidarity among protesters) and Subversion (challenging status quo) are present, the primary moral theme conveyed by a rights-based protest is the pursuit of fairness and equal treatment.",,,,,2011,132,,2143,"{
  ""label"": ""Fairness"",
  ""confidence"": 95,
  ""brief_reason"": ""The image depicts a public demonstration featuring a large rainbow flag, which is a widely recognized symbol for the LGBTQ+ community. The participants are actively protesting and advocating for rights and equality. This visual context strongly aligns with the category of Fairness, which encompasses concerns for justice, equality, and rights. While elements of Loyalty (solidarity among protesters) and Subversion (challenging status quo) are present, the primary moral theme conveyed by a rights-based protest is the pursuit of fairness and equal treatment.""
}",
prompt-results-v1,visual-cue-prompt-pilot-v1,010ecf86752795948c65f735a12ca5ef23a0b79726346feeeec6b2e8a0d97fd9,20260905,4abacadab7776f19f410667a58dab254f25527fef3a254f29b2f95a6ed48d37c,90463b075a2bbf618bd45dc68e3359d65ea30aeb28b480731363ca539f85da12,,17,1,6,2,p1,p1-structured-control-v1-2026-09-05,b9621814e5a2bb839e6f399c5bf42940989a14efca909b15427ab68e3ae9432d,b0df04e619c332a72d33e5061a92e225ef3b9a537c9dcb40ee78e063f56dfcdd,25-2,25-2.jpg,images/25-2.jpg,f2c8b7b650119d1d77c11d0589ceb662f0e41da70262e74f89249661c27fd484,qwen36,Alibaba Cloud Model Studio,qwen3.6-flash-2026-04-16,qwen3.6-flash-2026-04-16,2.48.0,0,"{""enable_thinking"": false}",provider_default,2026-09-05T23:20:40.380384+00:00,2026-09-05T23:20:45.922777+00:00,5.542,1,success,Fairness,85,"The image depicts a public demonstration featuring a large rainbow flag and participants actively protesting. The primary moral concern conveyed by such scenes is typically the pursuit of justice, equality, and equal rights for a specific group, which aligns with the 'Fairness' category. While elements like solidarity (Loyalty) are present, the overarching purpose of a protest march is generally to address perceived inequities or demand fair treatment.",,,,,2251,113,,2364,"{
  ""label"": ""Fairness"",
  ""confidence"": 85,
  ""brief_reason"": ""The image depicts a public demonstration featuring a large rainbow flag and participants actively protesting. The primary moral concern conveyed by such scenes is typically the pursuit of justice, equality, and equal rights for a specific group, which aligns with the 'Fairness' category. While elements like solidarity (Loyalty) are present, the overarching purpose of a protest march is generally to address perceived inequities or demand fair treatment.""
}",
prompt-results-v1,visual-cue-prompt-pilot-v1,010ecf86752795948c65f735a12ca5ef23a0b79726346feeeec6b2e8a0d97fd9,20260905,4abacadab7776f19f410667a58dab254f25527fef3a254f29b2f95a6ed48d37c,20b80a6544f69a949bb59677c60f0c6e928bf18cbdfd4494355eb0285ba47c28,,18,1,6,3,p2,p2-blind-nonoverlap-cues-v1-2026-09-05,482dce5b0ed5faf3ec20bdf32b51d0eb2212e901d18dde12a59c1f710160df8d,b0df04e619c332a72d33e5061a92e225ef3b9a537c9dcb40ee78e063f56dfcdd,25-2,25-2.jpg,images/25-2.jpg,f2c8b7b650119d1d77c11d0589ceb662f0e41da70262e74f89249661c27fd484,qwen36,Alibaba Cloud Model Studio,qwen3.6-flash-2026-04-16,qwen3.6-flash-2026-04-16,2.48.0,0,"{""enable_thinking"": false}",provider_default,2026-09-05T23:20:46.451871+00:00,2026-09-05T23:20:52.597264+00:00,6.145,1,success,Fairness,85,"The image depicts a public demonstration featuring a large rainbow flag, which is a widely recognized symbol for LGBTQ+ rights and equality. The participants are actively protesting, a form of civic engagement typically used to advocate for equal rights, social justice, or against unfair treatment. This aligns with the 'Fairness' category, which covers concerns for equality, rights, and equitable outcomes. While 'Loyalty' (solidarity) is present, the primary moral thrust of a protest is usually directed toward achieving fairness or rectifying an injustice.",,,,,2432,136,,2568,"{
  ""label"": ""Fairness"",
  ""confidence"": 85,
  ""brief_reason"": ""The image depicts a public demonstration featuring a large rainbow flag, which is a widely recognized symbol for LGBTQ+ rights and equality. The participants are actively protesting, a form of civic engagement typically used to advocate for equal rights, social justice, or against unfair treatment. This aligns with the 'Fairness' category, which covers concerns for equality, rights, and equitable outcomes. While 'Loyalty' (solidarity) is present, the primary moral thrust of a protest is usually directed toward achieving fairness or rectifying an injustice.""
}",
prompt-results-v1,visual-cue-prompt-pilot-v1,010ecf86752795948c65f735a12ca5ef23a0b79726346feeeec6b2e8a0d97fd9,20260905,4abacadab7776f19f410667a58dab254f25527fef3a254f29b2f95a6ed48d37c,8534d9b67ec97ebbf101845cf035d64fbfa7e6dfd8bfae8abd3fda0abb7700c7,,19,1,7,1,p1,p1-structured-control-v1-2026-09-05,b9621814e5a2bb839e6f399c5bf42940989a14efca909b15427ab68e3ae9432d,b0df04e619c332a72d33e5061a92e225ef3b9a537c9dcb40ee78e063f56dfcdd,34-4,34-4.jpg,images/34-4.jpg,54b77dd8508b18cc320701e2e5d4c650978915a6fa05d172f0e86ddea6abe0a1,qwen36,Alibaba Cloud Model Studio,qwen3.6-flash-2026-04-16,qwen3.6-flash-2026-04-16,2.48.0,0,"{""enable_thinking"": false}",provider_default,2026-09-05T23:20:53.125468+00:00,2026-09-05T23:20:59.957164+00:00,6.832,1,success,Harm,85,"The image depicts a person in a state of visible distress and vulnerability within a degrading, surveillance-heavy environment. The presence of medical monitors displaying 'CRITICAL STRESS' and 'IRREGULAR' vital signs, combined with the subject's huddled posture and the 'PROTOCOL FAILURE' stamp, strongly conveys physical or emotional suffering and harm. While 'Degradation' is relevant due to the squalid conditions, the immediate indicators of physiological distress prioritize the category of Harm.",,,,,2251,127,,2378,"{
  ""label"": ""Harm"",
  ""confidence"": 85,
  ""brief_reason"": ""The image depicts a person in a state of visible distress and vulnerability within a degrading, surveillance-heavy environment. The presence of medical monitors displaying 'CRITICAL STRESS' and 'IRREGULAR' vital signs, combined with the subject's huddled posture and the 'PROTOCOL FAILURE' stamp, strongly conveys physical or emotional suffering and harm. While 'Degradation' is relevant due to the squalid conditions, the immediate indicators of physiological distress prioritize the category of Harm.""
}",
prompt-results-v1,visual-cue-prompt-pilot-v1,010ecf86752795948c65f735a12ca5ef23a0b79726346feeeec6b2e8a0d97fd9,20260905,4abacadab7776f19f410667a58dab254f25527fef3a254f29b2f95a6ed48d37c,f96a31c6d7943610ba00130720370f0df6a0c16b98880cc0b3d54141769e5f6c,,20,1,7,2,p2,p2-blind-nonoverlap-cues-v1-2026-09-05,482dce5b0ed5faf3ec20bdf32b51d0eb2212e901d18dde12a59c1f710160df8d,b0df04e619c332a72d33e5061a92e225ef3b9a537c9dcb40ee78e063f56dfcdd,34-4,34-4.jpg,images/34-4.jpg,54b77dd8508b18cc320701e2e5d4c650978915a6fa05d172f0e86ddea6abe0a1,qwen36,Alibaba Cloud Model Studio,qwen3.6-flash-2026-04-16,qwen3.6-flash-2026-04-16,2.48.0,0,"{""enable_thinking"": false}",provider_default,2026-09-05T23:21:00.485729+00:00,2026-09-05T23:21:07.274320+00:00,6.789,1,success,Harm,85,"The image depicts a person in a state of visible distress and physical suffering (slumped posture, head down) within a degrading environment characterized by rust, grime, and surveillance. The presence of medical monitors displaying 'CRITICAL STRESS' and 'IRREGULAR' vital signs, alongside text indicating 'PROTOCOL FAILURE', strongly suggests that the subject is undergoing or has suffered harm. While the setting implies degradation, the primary moral concern conveyed by the combination of the vulnerable human subject and the critical health warnings is the infliction or risk of physical and emotional harm.",,,,,2432,143,,2575,"{
  ""label"": ""Harm"",
  ""confidence"": 85,
  ""brief_reason"": ""The image depicts a person in a state of visible distress and physical suffering (slumped posture, head down) within a degrading environment characterized by rust, grime, and surveillance. The presence of medical monitors displaying 'CRITICAL STRESS' and 'IRREGULAR' vital signs, alongside text indicating 'PROTOCOL FAILURE', strongly suggests that the subject is undergoing or has suffered harm. While the setting implies degradation, the primary moral concern conveyed by the combination of the vulnerable human subject and the critical health warnings is the infliction or risk of physical and emotional harm.""
}",
prompt-results-v1,visual-cue-prompt-pilot-v1,010ecf86752795948c65f735a12ca5ef23a0b79726346feeeec6b2e8a0d97fd9,20260905,4abacadab7776f19f410667a58dab254f25527fef3a254f29b2f95a6ed48d37c,2413fdafa4a9bbda8a6a3c4f0a2f3f2fcb29cf79407abd3bf08bf790a1a817bf,,21,1,7,3,p0,p0-baseline-v2,1c1a1676abde21bda6ea8cf6eef5a6ca2bb99ecef928005f0fe5aed4769d0fa1,b0df04e619c332a72d33e5061a92e225ef3b9a537c9dcb40ee78e063f56dfcdd,34-4,34-4.jpg,images/34-4.jpg,54b77dd8508b18cc320701e2e5d4c650978915a6fa05d172f0e86ddea6abe0a1,qwen36,Alibaba Cloud Model Studio,qwen3.6-flash-2026-04-16,qwen3.6-flash-2026-04-16,2.48.0,0,"{""enable_thinking"": false}",provider_default,2026-09-05T23:21:07.799484+00:00,2026-09-05T23:21:13.819753+00:00,6.02,1,success,Harm,85,"The image depicts a person in a state of visible distress and vulnerability within a degrading, surveillance-heavy environment. The visual cues—such as the 'CRITICAL STRESS' monitor readings, the subject's huddled posture, and the 'PROTOCOL FAILURE' stamp—strongly suggest that the primary moral concern is the infliction or presence of physical and emotional suffering (harm) rather than abstract concepts like fairness or authority.",,,,,2011,115,,2126,"{
  ""label"": ""Harm"",
  ""confidence"": 85,
  ""brief_reason"": ""The image depicts a person in a state of visible distress and vulnerability within a degrading, surveillance-heavy environment. The visual cues—such as the 'CRITICAL STRESS' monitor readings, the subject's huddled posture, and the 'PROTOCOL FAILURE' stamp—strongly suggest that the primary moral concern is the infliction or presence of physical and emotional suffering (harm) rather than abstract concepts like fairness or authority.""
}",
prompt-results-v1,visual-cue-prompt-pilot-v1,010ecf86752795948c65f735a12ca5ef23a0b79726346feeeec6b2e8a0d97fd9,20260905,4abacadab7776f19f410667a58dab254f25527fef3a254f29b2f95a6ed48d37c,fc6ec1eb98395a6978fb8a37aeb1db2503c18aeefe734a8555c4beff9c2de5fd,,22,1,8,1,p2,p2-blind-nonoverlap-cues-v1-2026-09-05,482dce5b0ed5faf3ec20bdf32b51d0eb2212e901d18dde12a59c1f710160df8d,b0df04e619c332a72d33e5061a92e225ef3b9a537c9dcb40ee78e063f56dfcdd,g-2,g-2.png,images/g-2.png,81625f82d1617b53b838379a4be27cbc819155fbabf5b2dc8260886504801ba6,qwen36,Alibaba Cloud Model Studio,qwen3.6-flash-2026-04-16,qwen3.6-flash-2026-04-16,2.48.0,0,"{""enable_thinking"": false}",provider_default,2026-09-05T23:21:14.350164+00:00,2026-09-05T23:21:20.595328+00:00,6.245,1,success,Fairness,95,"The image explicitly depicts a professional meeting focused on an 'AI Fairness Initiative' and a 'Gender Parity Testing Framework.' The whiteboard diagrams illustrate processes for detecting bias ('Known-Bias Sample') and ensuring impartial treatment ('Unbiased Sample'), which directly aligns with the category of Fairness concerning justice, equality, and equitable outcomes. While the setting is a workplace (which could imply Care or Loyalty), the specific subject matter and visual text make Fairness the primary moral concern.",,,,,2464,127,,2591,"{
  ""label"": ""Fairness"",
  ""confidence"": 95,
  ""brief_reason"": ""The image explicitly depicts a professional meeting focused on an 'AI Fairness Initiative' and a 'Gender Parity Testing Framework.' The whiteboard diagrams illustrate processes for detecting bias ('Known-Bias Sample') and ensuring impartial treatment ('Unbiased Sample'), which directly aligns with the category of Fairness concerning justice, equality, and equitable outcomes. While the setting is a workplace (which could imply Care or Loyalty), the specific subject matter and visual text make Fairness the primary moral concern.""
}",
prompt-results-v1,visual-cue-prompt-pilot-v1,010ecf86752795948c65f735a12ca5ef23a0b79726346feeeec6b2e8a0d97fd9,20260905,4abacadab7776f19f410667a58dab254f25527fef3a254f29b2f95a6ed48d37c,388385d94db460a991d6f773a958ef6e62010f50adf332a1ae121f68d4a9f63c,,23,1,8,2,p0,p0-baseline-v2,1c1a1676abde21bda6ea8cf6eef5a6ca2bb99ecef928005f0fe5aed4769d0fa1,b0df04e619c332a72d33e5061a92e225ef3b9a537c9dcb40ee78e063f56dfcdd,g-2,g-2.png,images/g-2.png,81625f82d1617b53b838379a4be27cbc819155fbabf5b2dc8260886504801ba6,qwen36,Alibaba Cloud Model Studio,qwen3.6-flash-2026-04-16,qwen3.6-flash-2026-04-16,2.48.0,0,"{""enable_thinking"": false}",provider_default,2026-09-05T23:21:21.119120+00:00,2026-09-05T23:21:27.413018+00:00,6.294,1,success,Fairness,95,"The image explicitly depicts a professional meeting focused on an 'AI Fairness Initiative' and a 'Gender Parity Testing Framework.' The visual evidence includes whiteboards detailing processes for detecting bias ('Known-Bias Sample') and ensuring impartial outcomes ('Pass (No Significant Deviation)'). This directly aligns with the category of Fairness, which concerns justice, equality, and equitable outcomes. No other moral categories are as strongly supported by the visible text and context.",,,,,2043,115,,2158,"{
""label"": ""Fairness"",
""confidence"": 95,
""brief_reason"": ""The image explicitly depicts a professional meeting focused on an 'AI Fairness Initiative' and a 'Gender Parity Testing Framework.' The visual evidence includes whiteboards detailing processes for detecting bias ('Known-Bias Sample') and ensuring impartial outcomes ('Pass (No Significant Deviation)'). This directly aligns with the category of Fairness, which concerns justice, equality, and equitable outcomes. No other moral categories are as strongly supported by the visible text and context.""
}",
prompt-results-v1,visual-cue-prompt-pilot-v1,010ecf86752795948c65f735a12ca5ef23a0b79726346feeeec6b2e8a0d97fd9,20260905,4abacadab7776f19f410667a58dab254f25527fef3a254f29b2f95a6ed48d37c,a450da3cfad903625f94998afb462ddf432d3939751a14f6d56dec7092caff85,,24,1,8,3,p1,p1-structured-control-v1-2026-09-05,b9621814e5a2bb839e6f399c5bf42940989a14efca909b15427ab68e3ae9432d,b0df04e619c332a72d33e5061a92e225ef3b9a537c9dcb40ee78e063f56dfcdd,g-2,g-2.png,images/g-2.png,81625f82d1617b53b838379a4be27cbc819155fbabf5b2dc8260886504801ba6,qwen36,Alibaba Cloud Model Studio,qwen3.6-flash-2026-04-16,qwen3.6-flash-2026-04-16,2.48.0,0,"{""enable_thinking"": false}",provider_default,2026-09-05T23:21:27.942673+00:00,2026-09-05T23:21:34.965646+00:00,7.023,1,success,Fairness,95,"The image explicitly depicts a professional meeting focused on an 'AI Fairness Initiative' and a 'Gender Parity Testing Framework.' The whiteboard diagrams illustrate processes for detecting bias ('Known-Bias Sample') and ensuring equitable outcomes ('Pass (No Significant Deviation)'). This directly aligns with the category of Fairness, which concerns justice, equality, and impartial treatment. No other moral categories are as strongly supported by the visible text and context.",,,,,2283,117,,2400,"{
  ""label"": ""Fairness"",
  ""confidence"": 95,
  ""brief_reason"": ""The image explicitly depicts a professional meeting focused on an 'AI Fairness Initiative' and a 'Gender Parity Testing Framework.' The whiteboard diagrams illustrate processes for detecting bias ('Known-Bias Sample') and ensuring equitable outcomes ('Pass (No Significant Deviation)'). This directly aligns with the category of Fairness, which concerns justice, equality, and impartial treatment. No other moral categories are as strongly supported by the visible text and context.""
}",
prompt-results-v1,visual-cue-prompt-pilot-v1,010ecf86752795948c65f735a12ca5ef23a0b79726346feeeec6b2e8a0d97fd9,20260905,4abacadab7776f19f410667a58dab254f25527fef3a254f29b2f95a6ed48d37c,ec03d32a595720d9654e8e13207d998345e6b482617a0fee9ef868f07e7b31ca,,25,1,9,1,p1,p1-structured-control-v1-2026-09-05,b9621814e5a2bb839e6f399c5bf42940989a14efca909b15427ab68e3ae9432d,b0df04e619c332a72d33e5061a92e225ef3b9a537c9dcb40ee78e063f56dfcdd,7-2,7-2.jpg,images/7-2.jpg,f05fbbbb98ff0f700f0dd0c5f9cb1d846a5f597327839a92b88e1fcef6ffbd63,qwen36,Alibaba Cloud Model Studio,qwen3.6-flash-2026-04-16,qwen3.6-flash-2026-04-16,2.48.0,0,"{""enable_thinking"": false}",provider_default,2026-09-05T23:21:35.492891+00:00,2026-09-05T23:21:37.027123+00:00,1.534,1,success,Respect / Authority,95,"The image depicts two individuals in business attire performing a deep bow, which is a culturally established gesture of respect, apology, or formal greeting. This action directly aligns with the category of respecting social roles, hierarchy, and traditions. There is no visual evidence to support categories like Harm, Cheating, or Betrayal, as the interaction appears to be a standard professional ritual rather than a conflict or violation.",,,,,2107,113,,2220,"{
  ""label"": ""Respect / Authority"",
  ""confidence"": 95,
  ""brief_reason"": ""The image depicts two individuals in business attire performing a deep bow, which is a culturally established gesture of respect, apology, or formal greeting. This action directly aligns with the category of respecting social roles, hierarchy, and traditions. There is no visual evidence to support categories like Harm, Cheating, or Betrayal, as the interaction appears to be a standard professional ritual rather than a conflict or violation.""
}",
prompt-results-v1,visual-cue-prompt-pilot-v1,010ecf86752795948c65f735a12ca5ef23a0b79726346feeeec6b2e8a0d97fd9,20260905,4abacadab7776f19f410667a58dab254f25527fef3a254f29b2f95a6ed48d37c,f0949a29480bfeb7f658df449b3235021d920ab93bb19602de480e2da66ae359,,26,1,9,2,p2,p2-blind-nonoverlap-cues-v1-2026-09-05,482dce5b0ed5faf3ec20bdf32b51d0eb2212e901d18dde12a59c1f710160df8d,b0df04e619c332a72d33e5061a92e225ef3b9a537c9dcb40ee78e063f56dfcdd,7-2,7-2.jpg,images/7-2.jpg,f05fbbbb98ff0f700f0dd0c5f9cb1d846a5f597327839a92b88e1fcef6ffbd63,qwen36,Alibaba Cloud Model Studio,qwen3.6-flash-2026-04-16,qwen3.6-flash-2026-04-16,2.48.0,0,"{""enable_thinking"": false}",provider_default,2026-09-05T23:21:37.556186+00:00,2026-09-05T23:21:38.901708+00:00,1.346,1,success,Respect / Authority,95,"The image depicts two individuals in business attire performing a deep bow to one another. This gesture is a culturally established ritual of showing respect, acknowledging hierarchy, or observing social protocol. The primary moral concern conveyed by this visible action is adherence to norms of respect and authority.",,,,,2288,84,,2372,"{
  ""label"": ""Respect / Authority"",
  ""confidence"": 95,
  ""brief_reason"": ""The image depicts two individuals in business attire performing a deep bow to one another. This gesture is a culturally established ritual of showing respect, acknowledging hierarchy, or observing social protocol. The primary moral concern conveyed by this visible action is adherence to norms of respect and authority.""
}",
prompt-results-v1,visual-cue-prompt-pilot-v1,010ecf86752795948c65f735a12ca5ef23a0b79726346feeeec6b2e8a0d97fd9,20260905,4abacadab7776f19f410667a58dab254f25527fef3a254f29b2f95a6ed48d37c,cb60535e8c878634c0c649139d070038e041b43574a355d05aeef255a4fa7879,,27,1,9,3,p0,p0-baseline-v2,1c1a1676abde21bda6ea8cf6eef5a6ca2bb99ecef928005f0fe5aed4769d0fa1,b0df04e619c332a72d33e5061a92e225ef3b9a537c9dcb40ee78e063f56dfcdd,7-2,7-2.jpg,images/7-2.jpg,f05fbbbb98ff0f700f0dd0c5f9cb1d846a5f597327839a92b88e1fcef6ffbd63,qwen36,Alibaba Cloud Model Studio,qwen3.6-flash-2026-04-16,qwen3.6-flash-2026-04-16,2.48.0,0,"{""enable_thinking"": false}",provider_default,2026-09-05T23:21:39.429976+00:00,2026-09-05T23:21:41.125330+00:00,1.695,1,success,Respect / Authority,95,"The image depicts two individuals in business attire performing a deep bow to one another. This gesture is a culturally established ritual of showing respect, acknowledging hierarchy, or observing social protocol. The primary moral theme conveyed by this specific body language is adherence to social roles and the expression of deference, which aligns directly with 'Respect / Authority'. There are no visual cues suggesting harm, unfairness, or care.",,,,,1867,113,,1980,"{
  ""label"": ""Respect / Authority"",
  ""confidence"": 95,
  ""brief_reason"": ""The image depicts two individuals in business attire performing a deep bow to one another. This gesture is a culturally established ritual of showing respect, acknowledging hierarchy, or observing social protocol. The primary moral theme conveyed by this specific body language is adherence to social roles and the expression of deference, which aligns directly with 'Respect / Authority'. There are no visual cues suggesting harm, unfairness, or care.""
}",
prompt-results-v1,visual-cue-prompt-pilot-v1,010ecf86752795948c65f735a12ca5ef23a0b79726346feeeec6b2e8a0d97fd9,20260905,4abacadab7776f19f410667a58dab254f25527fef3a254f29b2f95a6ed48d37c,76cbee068e047e94a954002725810b543490a26ffac3c8259f2e5792d30f52a0,,28,1,10,1,p0,p0-baseline-v2,1c1a1676abde21bda6ea8cf6eef5a6ca2bb99ecef928005f0fe5aed4769d0fa1,b0df04e619c332a72d33e5061a92e225ef3b9a537c9dcb40ee78e063f56dfcdd,9-2,9-2.jpg,images/9-2.jpg,62142986ca8108d3f29fee7e17e6af5650e1c7bdfdc9a95870bf910fa30abc0d,qwen36,Alibaba Cloud Model Studio,qwen3.6-flash-2026-04-16,qwen3.6-flash-2026-04-16,2.48.0,0,"{""enable_thinking"": false}",provider_default,2026-09-05T23:21:41.649881+00:00,2026-09-05T23:21:44.029347+00:00,2.379,1,success,Care,85,"The image depicts a domestic scene where children are gathered on and around a bunk bed. One child is smiling and gesturing playfully, while another is focused on a tablet, and an older individual sits nearby looking at a phone. The primary moral concern conveyed is the well-being and daily life of these children within their living environment. While the room is cluttered, there is no visible evidence of active harm, abuse, or neglect that would suggest 'Harm' or 'Degradation'. Instead, the scene highlights the context of their upbringing and the presence of family members, which aligns best with the category of 'Care' regarding their welfare and needs.",,,,,3488,161,,3649,"{
  ""label"": ""Care"",
  ""confidence"": 85,
  ""brief_reason"": ""The image depicts a domestic scene where children are gathered on and around a bunk bed. One child is smiling and gesturing playfully, while another is focused on a tablet, and an older individual sits nearby looking at a phone. The primary moral concern conveyed is the well-being and daily life of these children within their living environment. While the room is cluttered, there is no visible evidence of active harm, abuse, or neglect that would suggest 'Harm' or 'Degradation'. Instead, the scene highlights the context of their upbringing and the presence of family members, which aligns best with the category of 'Care' regarding their welfare and needs.""
}",
prompt-results-v1,visual-cue-prompt-pilot-v1,010ecf86752795948c65f735a12ca5ef23a0b79726346feeeec6b2e8a0d97fd9,20260905,4abacadab7776f19f410667a58dab254f25527fef3a254f29b2f95a6ed48d37c,af136ebb9361a3dbc7287e54905216dae80723ef9a55d30adb838ee19d7ccd10,,29,1,10,2,p1,p1-structured-control-v1-2026-09-05,b9621814e5a2bb839e6f399c5bf42940989a14efca909b15427ab68e3ae9432d,b0df04e619c332a72d33e5061a92e225ef3b9a537c9dcb40ee78e063f56dfcdd,9-2,9-2.jpg,images/9-2.jpg,62142986ca8108d3f29fee7e17e6af5650e1c7bdfdc9a95870bf910fa30abc0d,qwen36,Alibaba Cloud Model Studio,qwen3.6-flash-2026-04-16,qwen3.6-flash-2026-04-16,2.48.0,0,"{""enable_thinking"": false}",provider_default,2026-09-05T23:21:44.557769+00:00,2026-09-05T23:21:47.122044+00:00,2.564,1,success,Care,75,"The image depicts a domestic scene where children are gathered on and around a bunk bed. The older girl is smiling while looking at a phone, and the younger girl is animatedly gesturing, suggesting a moment of shared leisure or interaction. This conveys a sense of family life and interpersonal connection (Care). While the room is cluttered, which could imply neglect, there is no visible evidence of active harm, abuse, or suffering to support the 'Harm' category. The primary visible action is the interaction between the siblings.",,,,,3728,134,,3862,"{
  ""label"": ""Care"",
  ""confidence"": 75,
  ""brief_reason"": ""The image depicts a domestic scene where children are gathered on and around a bunk bed. The older girl is smiling while looking at a phone, and the younger girl is animatedly gesturing, suggesting a moment of shared leisure or interaction. This conveys a sense of family life and interpersonal connection (Care). While the room is cluttered, which could imply neglect, there is no visible evidence of active harm, abuse, or suffering to support the 'Harm' category. The primary visible action is the interaction between the siblings.""
}",
prompt-results-v1,visual-cue-prompt-pilot-v1,010ecf86752795948c65f735a12ca5ef23a0b79726346feeeec6b2e8a0d97fd9,20260905,4abacadab7776f19f410667a58dab254f25527fef3a254f29b2f95a6ed48d37c,30ba0789e87f9443db7d3390f0237f4c8cf15e52b7ec90478e3866870171ceea,,30,1,10,3,p2,p2-blind-nonoverlap-cues-v1-2026-09-05,482dce5b0ed5faf3ec20bdf32b51d0eb2212e901d18dde12a59c1f710160df8d,b0df04e619c332a72d33e5061a92e225ef3b9a537c9dcb40ee78e063f56dfcdd,9-2,9-2.jpg,images/9-2.jpg,62142986ca8108d3f29fee7e17e6af5650e1c7bdfdc9a95870bf910fa30abc0d,qwen36,Alibaba Cloud Model Studio,qwen3.6-flash-2026-04-16,qwen3.6-flash-2026-04-16,2.48.0,0,"{""enable_thinking"": false}",provider_default,2026-09-05T23:21:47.648558+00:00,2026-09-05T23:21:51.316721+00:00,3.668,1,success,Care,75,"The image depicts a scene of domestic life where an older sibling is supervising and interacting with younger children in a shared sleeping space. The primary moral theme conveyed is the dynamic of nurturing, supervision, and family support (Care). While the environment appears cluttered, which could suggest neglect or hardship, the visible interaction between the siblings—specifically the older one watching over the younger ones playing—aligns best with the category of Care regarding well-being and protection. It does not clearly depict Harm, nor is there sufficient evidence to infer unfairness or other specific moral violations.",,,,,3909,142,,4051,"{
  ""label"": ""Care"",
  ""confidence"": 75,
  ""brief_reason"": ""The image depicts a scene of domestic life where an older sibling is supervising and interacting with younger children in a shared sleeping space. The primary moral theme conveyed is the dynamic of nurturing, supervision, and family support (Care). While the environment appears cluttered, which could suggest neglect or hardship, the visible interaction between the siblings—specifically the older one watching over the younger ones playing—aligns best with the category of Care regarding well-being and protection. It does not clearly depict Harm, nor is there sufficient evidence to infer unfairness or other specific moral violations.""
}",
prompt-results-v1,visual-cue-prompt-pilot-v1,010ecf86752795948c65f735a12ca5ef23a0b79726346feeeec6b2e8a0d97fd9,20260905,4abacadab7776f19f410667a58dab254f25527fef3a254f29b2f95a6ed48d37c,289b032255d8fc763aa657e03f243a9ec4d0764169192a71f9fd47fd1d0810b6,,31,1,11,1,p0,p0-baseline-v2,1c1a1676abde21bda6ea8cf6eef5a6ca2bb99ecef928005f0fe5aed4769d0fa1,b0df04e619c332a72d33e5061a92e225ef3b9a537c9dcb40ee78e063f56dfcdd,3-1,3-1.jpg,images/3-1.jpg,6d4b129168c70ae11059197ac5a1d1784bd9673b751937d98539e1347809284a,qwen36,Alibaba Cloud Model Studio,qwen3.6-flash-2026-04-16,qwen3.6-flash-2026-04-16,2.48.0,0,"{""enable_thinking"": false}",provider_default,2026-09-05T23:21:51.842497+00:00,2026-09-05T23:21:53.415191+00:00,1.573,1,success,Care,95,"The image depicts a group of people physically supporting and comforting an individual who appears to be overwhelmed or in distress. The visible actions—holding the person up, surrounding them, and offering physical stability—are clear manifestations of compassion, support, and concern for another's well-being.",,,,,1239,82,,1321,"{
  ""label"": ""Care"",
  ""confidence"": 95,
  ""brief_reason"": ""The image depicts a group of people physically supporting and comforting an individual who appears to be overwhelmed or in distress. The visible actions—holding the person up, surrounding them, and offering physical stability—are clear manifestations of compassion, support, and concern for another's well-being.""
}",
prompt-results-v1,visual-cue-prompt-pilot-v1,010ecf86752795948c65f735a12ca5ef23a0b79726346feeeec6b2e8a0d97fd9,20260905,4abacadab7776f19f410667a58dab254f25527fef3a254f29b2f95a6ed48d37c,895fecc1848bd7a334602e9fbca201901f886eac4e1a930a9ec919bf600966d3,,32,1,11,2,p1,p1-structured-control-v1-2026-09-05,b9621814e5a2bb839e6f399c5bf42940989a14efca909b15427ab68e3ae9432d,b0df04e619c332a72d33e5061a92e225ef3b9a537c9dcb40ee78e063f56dfcdd,3-1,3-1.jpg,images/3-1.jpg,6d4b129168c70ae11059197ac5a1d1784bd9673b751937d98539e1347809284a,qwen36,Alibaba Cloud Model Studio,qwen3.6-flash-2026-04-16,qwen3.6-flash-2026-04-16,2.48.0,0,"{""enable_thinking"": false}",provider_default,2026-09-05T23:21:53.941830+00:00,2026-09-05T23:21:55.561660+00:00,1.62,1,success,Care,95,"The image depicts a group of people gathered around an open casket, engaging in physical acts of comfort such as hugging, holding, and supporting one another. The visible body language—leaning in, embracing, and touching—strongly conveys compassion, support, and concern for the well-being of those grieving, which aligns directly with the definition of Care.",,,,,1479,101,,1580,"{
  ""label"": ""Care"",
  ""confidence"": 95,
  ""brief_reason"": ""The image depicts a group of people gathered around an open casket, engaging in physical acts of comfort such as hugging, holding, and supporting one another. The visible body language—leaning in, embracing, and touching—strongly conveys compassion, support, and concern for the well-being of those grieving, which aligns directly with the definition of Care.""
}",
prompt-results-v1,visual-cue-prompt-pilot-v1,010ecf86752795948c65f735a12ca5ef23a0b79726346feeeec6b2e8a0d97fd9,20260905,4abacadab7776f19f410667a58dab254f25527fef3a254f29b2f95a6ed48d37c,cf01bf6961c6a5d00a6d7f4dd4cc4b981b28a531245828670c2acf52f76488f5,,33,1,11,3,p2,p2-blind-nonoverlap-cues-v1-2026-09-05,482dce5b0ed5faf3ec20bdf32b51d0eb2212e901d18dde12a59c1f710160df8d,b0df04e619c332a72d33e5061a92e225ef3b9a537c9dcb40ee78e063f56dfcdd,3-1,3-1.jpg,images/3-1.jpg,6d4b129168c70ae11059197ac5a1d1784bd9673b751937d98539e1347809284a,qwen36,Alibaba Cloud Model Studio,qwen3.6-flash-2026-04-16,qwen3.6-flash-2026-04-16,2.48.0,0,"{""enable_thinking"": false}",provider_default,2026-09-05T23:21:56.088559+00:00,2026-09-05T23:21:57.633792+00:00,1.545,1,success,Care,95,"The image depicts a group of people gathered around a purple casket, engaging in behaviors that strongly indicate grief and mourning. Several individuals are leaning over the casket, touching it, and displaying visible emotional distress (e.g., open mouths as if crying or wailing). The physical closeness and supportive postures of the surrounding individuals convey compassion, support, and concern for the well-being of those grieving. This aligns directly with the category of Care, which encompasses compassion, support, and nurturing in times of vulnerability.",,,,,1660,132,,1792,"{
  ""label"": ""Care"",
  ""confidence"": 95,
  ""brief_reason"": ""The image depicts a group of people gathered around a purple casket, engaging in behaviors that strongly indicate grief and mourning. Several individuals are leaning over the casket, touching it, and displaying visible emotional distress (e.g., open mouths as if crying or wailing). The physical closeness and supportive postures of the surrounding individuals convey compassion, support, and concern for the well-being of those grieving. This aligns directly with the category of Care, which encompasses compassion, support, and nurturing in times of vulnerability.""
}",
prompt-results-v1,visual-cue-prompt-pilot-v1,010ecf86752795948c65f735a12ca5ef23a0b79726346feeeec6b2e8a0d97fd9,20260905,4abacadab7776f19f410667a58dab254f25527fef3a254f29b2f95a6ed48d37c,73ef540653c45b8dd3f78bb21bc0277c1a7284ba4ffc25cb22db6f6edb876be4,,34,1,12,1,p0,p0-baseline-v2,1c1a1676abde21bda6ea8cf6eef5a6ca2bb99ecef928005f0fe5aed4769d0fa1,b0df04e619c332a72d33e5061a92e225ef3b9a537c9dcb40ee78e063f56dfcdd,5-1,5-1.jpg,images/5-1.jpg,589bad34aefce12c54edbac3b2719b2364fea38829d953c2dd548960607a1ff1,qwen36,Alibaba Cloud Model Studio,qwen3.6-flash-2026-04-16,qwen3.6-flash-2026-04-16,2.48.0,0,"{""enable_thinking"": false}",provider_default,2026-09-05T23:21:58.164683+00:00,2026-09-05T23:22:00.403045+00:00,2.238,1,success,Harm,95,"The image prominently features a young boy in the foreground with his mouth open in a scream and tears streaming down his face, conveying intense emotional suffering. The surrounding crowd displays expressions of distress, anxiety, and desperation. This visible evidence of acute psychological pain and vulnerability makes 'Harm' (specifically emotional suffering) the primary moral concern conveyed by the scene.",,,,,1497,100,,1597,"{
  ""label"": ""Harm"",
  ""confidence"": 95,
  ""brief_reason"": ""The image prominently features a young boy in the foreground with his mouth open in a scream and tears streaming down his face, conveying intense emotional suffering. The surrounding crowd displays expressions of distress, anxiety, and desperation. This visible evidence of acute psychological pain and vulnerability makes 'Harm' (specifically emotional suffering) the primary moral concern conveyed by the scene.""
}",
prompt-results-v1,visual-cue-prompt-pilot-v1,010ecf86752795948c65f735a12ca5ef23a0b79726346feeeec6b2e8a0d97fd9,20260905,4abacadab7776f19f410667a58dab254f25527fef3a254f29b2f95a6ed48d37c,21fcf235225236e657672983d5374a13d5880c66e1a0cdc932d96ababeead574,,35,1,12,2,p1,p1-structured-control-v1-2026-09-05,b9621814e5a2bb839e6f399c5bf42940989a14efca909b15427ab68e3ae9432d,b0df04e619c332a72d33e5061a92e225ef3b9a537c9dcb40ee78e063f56dfcdd,5-1,5-1.jpg,images/5-1.jpg,589bad34aefce12c54edbac3b2719b2364fea38829d953c2dd548960607a1ff1,qwen36,Alibaba Cloud Model Studio,qwen3.6-flash-2026-04-16,qwen3.6-flash-2026-04-16,2.48.0,0,"{""enable_thinking"": false}",provider_default,2026-09-05T23:22:00.930324+00:00,2026-09-05T23:22:04.615540+00:00,3.685,1,success,Harm,95,"The image prominently features a young boy in the foreground with his mouth open in a scream and tears streaming down his face, conveying intense emotional suffering. The surrounding crowd displays expressions of distress, anxiety, and desperation. This visible evidence of severe psychological pain and potential physical danger makes 'Harm' the most accurate category, as it directly addresses the suffering and injury depicted.",,,,,1737,102,,1839,"{
  ""label"": ""Harm"",
  ""confidence"": 95,
  ""brief_reason"": ""The image prominently features a young boy in the foreground with his mouth open in a scream and tears streaming down his face, conveying intense emotional suffering. The surrounding crowd displays expressions of distress, anxiety, and desperation. This visible evidence of severe psychological pain and potential physical danger makes 'Harm' the most accurate category, as it directly addresses the suffering and injury depicted.""
}",
prompt-results-v1,visual-cue-prompt-pilot-v1,010ecf86752795948c65f735a12ca5ef23a0b79726346feeeec6b2e8a0d97fd9,20260905,4abacadab7776f19f410667a58dab254f25527fef3a254f29b2f95a6ed48d37c,37037d46e2ca40fb412821da30bf3bef577c3d81ce20e562d64ab9d0edaabcab,,36,1,12,3,p2,p2-blind-nonoverlap-cues-v1-2026-09-05,482dce5b0ed5faf3ec20bdf32b51d0eb2212e901d18dde12a59c1f710160df8d,b0df04e619c332a72d33e5061a92e225ef3b9a537c9dcb40ee78e063f56dfcdd,5-1,5-1.jpg,images/5-1.jpg,589bad34aefce12c54edbac3b2719b2364fea38829d953c2dd548960607a1ff1,qwen36,Alibaba Cloud Model Studio,qwen3.6-flash-2026-04-16,qwen3.6-flash-2026-04-16,2.48.0,0,"{""enable_thinking"": false}",provider_default,2026-09-05T23:22:05.141455+00:00,2026-09-05T23:22:07.048734+00:00,1.907,1,success,Harm,95,"The image prominently features a young boy in the foreground with an expression of intense distress, crying and screaming. The surrounding crowd displays visible signs of anxiety, fear, and desperation. This visual evidence of severe emotional suffering and psychological distress makes 'Harm' the most appropriate category, as it directly addresses the infliction or experience of pain and trauma.",,,,,1918,98,,2016,"{
  ""label"": ""Harm"",
  ""confidence"": 95,
  ""brief_reason"": ""The image prominently features a young boy in the foreground with an expression of intense distress, crying and screaming. The surrounding crowd displays visible signs of anxiety, fear, and desperation. This visual evidence of severe emotional suffering and psychological distress makes 'Harm' the most appropriate category, as it directly addresses the infliction or experience of pain and trauma.""
}",
prompt-results-v1,visual-cue-prompt-pilot-v1,010ecf86752795948c65f735a12ca5ef23a0b79726346feeeec6b2e8a0d97fd9,20260905,4abacadab7776f19f410667a58dab254f25527fef3a254f29b2f95a6ed48d37c,5c7291da7332a5952c9ee97d810e2d4a69708ded5dac3fd40f38b955b1be1980,,37,1,13,1,p1,p1-structured-control-v1-2026-09-05,b9621814e5a2bb839e6f399c5bf42940989a14efca909b15427ab68e3ae9432d,b0df04e619c332a72d33e5061a92e225ef3b9a537c9dcb40ee78e063f56dfcdd,15-3,15-3.jpg,images/15-3.jpg,6f28dbc5170e67ac96e4ab80c38be2299d567d14bc2e675cad060a9c0181f35c,qwen36,Alibaba Cloud Model Studio,qwen3.6-flash-2026-04-16,qwen3.6-flash-2026-04-16,2.48.0,0,"{""enable_thinking"": false}",provider_default,2026-09-05T23:22:07.578327+00:00,2026-09-05T23:22:17.265780+00:00,9.687,1,success,Care,85,"The image depicts a scene that strongly resembles a medical or humanitarian training exercise. The presence of a soldier in full combat gear interacting with individuals wearing traditional clothing and a person in a Red Cross vest suggests a context of aid, protection, or emergency response. The primary moral theme conveyed by these symbols (military protection, medical assistance) is concern for well-being and safety (Care). While 'Respect / Authority' is a secondary possibility due to the military hierarchy, the interaction appears collaborative rather than strictly disciplinary, making Care the dominant moral concern.",,,,,3728,137,,3865,"{
  ""label"": ""Care"",
  ""confidence"": 85,
  ""brief_reason"": ""The image depicts a scene that strongly resembles a medical or humanitarian training exercise. The presence of a soldier in full combat gear interacting with individuals wearing traditional clothing and a person in a Red Cross vest suggests a context of aid, protection, or emergency response. The primary moral theme conveyed by these symbols (military protection, medical assistance) is concern for well-being and safety (Care). While 'Respect / Authority' is a secondary possibility due to the military hierarchy, the interaction appears collaborative rather than strictly disciplinary, making Care the dominant moral concern.""
}",
prompt-results-v1,visual-cue-prompt-pilot-v1,010ecf86752795948c65f735a12ca5ef23a0b79726346feeeec6b2e8a0d97fd9,20260905,4abacadab7776f19f410667a58dab254f25527fef3a254f29b2f95a6ed48d37c,6bb40c008fb18e133e26384fea5e498d70881ea20b091a12480a95df718a67b7,,38,1,13,2,p2,p2-blind-nonoverlap-cues-v1-2026-09-05,482dce5b0ed5faf3ec20bdf32b51d0eb2212e901d18dde12a59c1f710160df8d,b0df04e619c332a72d33e5061a92e225ef3b9a537c9dcb40ee78e063f56dfcdd,15-3,15-3.jpg,images/15-3.jpg,6f28dbc5170e67ac96e4ab80c38be2299d567d14bc2e675cad060a9c0181f35c,qwen36,Alibaba Cloud Model Studio,qwen3.6-flash-2026-04-16,qwen3.6-flash-2026-04-16,2.48.0,0,"{""enable_thinking"": false}",provider_default,2026-09-05T23:22:17.785129+00:00,2026-09-05T23:22:25.562509+00:00,7.777,1,success,Care,85,"The image depicts a scene strongly resembling a medical or disaster response training exercise. The presence of a soldier in tactical gear and an individual wearing a Red Cross vest suggests a context of humanitarian aid, emergency response, or military medicine. These roles are inherently associated with the moral value of Care (protection, support, and well-being). While the specific interaction between the men could be interpreted as communication or instruction, the overarching theme conveyed by the equipment and attire is one of preparedness to help or protect others.",,,,,3909,129,,4038,"{
  ""label"": ""Care"",
  ""confidence"": 85,
  ""brief_reason"": ""The image depicts a scene strongly resembling a medical or disaster response training exercise. The presence of a soldier in tactical gear and an individual wearing a Red Cross vest suggests a context of humanitarian aid, emergency response, or military medicine. These roles are inherently associated with the moral value of Care (protection, support, and well-being). While the specific interaction between the men could be interpreted as communication or instruction, the overarching theme conveyed by the equipment and attire is one of preparedness to help or protect others.""
}",
prompt-results-v1,visual-cue-prompt-pilot-v1,010ecf86752795948c65f735a12ca5ef23a0b79726346feeeec6b2e8a0d97fd9,20260905,4abacadab7776f19f410667a58dab254f25527fef3a254f29b2f95a6ed48d37c,ef889b277dfd047a94e1d2d19dfdfd20b6107e2bdecaa6532788df2fc7f8d45f,,39,1,13,3,p0,p0-baseline-v2,1c1a1676abde21bda6ea8cf6eef5a6ca2bb99ecef928005f0fe5aed4769d0fa1,b0df04e619c332a72d33e5061a92e225ef3b9a537c9dcb40ee78e063f56dfcdd,15-3,15-3.jpg,images/15-3.jpg,6f28dbc5170e67ac96e4ab80c38be2299d567d14bc2e675cad060a9c0181f35c,qwen36,Alibaba Cloud Model Studio,qwen3.6-flash-2026-04-16,qwen3.6-flash-2026-04-16,2.48.0,0,"{""enable_thinking"": false}",provider_default,2026-09-05T23:22:26.085536+00:00,2026-09-05T23:22:35.040505+00:00,8.955,1,success,Care,85,"The image depicts a scene that strongly resembles a medical or humanitarian training exercise. The presence of a soldier in full combat gear alongside an individual wearing a Red Cross vest suggests a focus on emergency response and aid. The interaction between the figures appears to be instructional or supportive rather than adversarial. This aligns best with 'Care,' which covers compassion, support, and protection from harm. While 'Respect / Authority' is plausible due to the military hierarchy, the context of the Red Cross and the group dynamic points more towards welfare and assistance.",,,,,3488,136,,3624,"{
  ""label"": ""Care"",
  ""confidence"": 85,
  ""brief_reason"": ""The image depicts a scene that strongly resembles a medical or humanitarian training exercise. The presence of a soldier in full combat gear alongside an individual wearing a Red Cross vest suggests a focus on emergency response and aid. The interaction between the figures appears to be instructional or supportive rather than adversarial. This aligns best with 'Care,' which covers compassion, support, and protection from harm. While 'Respect / Authority' is plausible due to the military hierarchy, the context of the Red Cross and the group dynamic points more towards welfare and assistance.""
}",
prompt-results-v1,visual-cue-prompt-pilot-v1,010ecf86752795948c65f735a12ca5ef23a0b79726346feeeec6b2e8a0d97fd9,20260905,4abacadab7776f19f410667a58dab254f25527fef3a254f29b2f95a6ed48d37c,d9aad00d239c907f258bd4f916252d361922e78f82f3d4d45b4f4ec8ce82097e,,40,1,14,1,p1,p1-structured-control-v1-2026-09-05,b9621814e5a2bb839e6f399c5bf42940989a14efca909b15427ab68e3ae9432d,b0df04e619c332a72d33e5061a92e225ef3b9a537c9dcb40ee78e063f56dfcdd,1-1,1-1.jpg,images/1-1.jpg,16c8b6ef21bd106f6229643ab02fee435a73563485160c64d5eac9e5c19d2f44,qwen36,Alibaba Cloud Model Studio,qwen3.6-flash-2026-04-16,qwen3.6-flash-2026-04-16,2.48.0,0,"{""enable_thinking"": false}",provider_default,2026-09-05T23:22:35.564480+00:00,2026-09-05T23:22:36.662351+00:00,1.098,1,success,Care,95,"The image visually depicts an adult holding a child in a manner that suggests nurturing and protection. The child's expression of joy or laughter and the gentle embrace strongly convey a theme of compassion, support, and well-being, which aligns directly with the 'Care' category. No evidence of harm, unfairness, or other moral violations is present.",,,,,1297,97,,1394,"{
  ""label"": ""Care"",
  ""confidence"": 95,
  ""brief_reason"": ""The image visually depicts an adult holding a child in a manner that suggests nurturing and protection. The child's expression of joy or laughter and the gentle embrace strongly convey a theme of compassion, support, and well-being, which aligns directly with the 'Care' category. No evidence of harm, unfairness, or other moral violations is present.""
}",
prompt-results-v1,visual-cue-prompt-pilot-v1,010ecf86752795948c65f735a12ca5ef23a0b79726346feeeec6b2e8a0d97fd9,20260905,4abacadab7776f19f410667a58dab254f25527fef3a254f29b2f95a6ed48d37c,81ee0a2630d486af4661f364d0202963fbed193d9fee70b2ed97a722f7e627c3,,41,1,14,2,p2,p2-blind-nonoverlap-cues-v1-2026-09-05,482dce5b0ed5faf3ec20bdf32b51d0eb2212e901d18dde12a59c1f710160df8d,b0df04e619c332a72d33e5061a92e225ef3b9a537c9dcb40ee78e063f56dfcdd,1-1,1-1.jpg,images/1-1.jpg,16c8b6ef21bd106f6229643ab02fee435a73563485160c64d5eac9e5c19d2f44,qwen36,Alibaba Cloud Model Studio,qwen3.6-flash-2026-04-16,qwen3.6-flash-2026-04-16,2.48.0,0,"{""enable_thinking"": false}",provider_default,2026-09-05T23:22:37.189852+00:00,2026-09-05T23:22:38.505048+00:00,1.315,1,success,Care,95,"The image depicts a clear interaction of nurturing and support. An adult is physically holding and supporting a small child who appears to be laughing or crying out in an emotional state. The adult's posture—leaning in closely with a gentle expression—and the act of holding the child convey compassion, protection, and concern for the child's well-being. There are no visual cues suggesting harm, unfairness, or violation of dignity.",,,,,1478,111,,1589,"{
  ""label"": ""Care"",
  ""confidence"": 95,
  ""brief_reason"": ""The image depicts a clear interaction of nurturing and support. An adult is physically holding and supporting a small child who appears to be laughing or crying out in an emotional state. The adult's posture—leaning in closely with a gentle expression—and the act of holding the child convey compassion, protection, and concern for the child's well-being. There are no visual cues suggesting harm, unfairness, or violation of dignity.""
}",
prompt-results-v1,visual-cue-prompt-pilot-v1,010ecf86752795948c65f735a12ca5ef23a0b79726346feeeec6b2e8a0d97fd9,20260905,4abacadab7776f19f410667a58dab254f25527fef3a254f29b2f95a6ed48d37c,7e98a28418e17d8c4d960894beb39bc2300b6ab2a97e58cc01ac0a8682113964,,42,1,14,3,p0,p0-baseline-v2,1c1a1676abde21bda6ea8cf6eef5a6ca2bb99ecef928005f0fe5aed4769d0fa1,b0df04e619c332a72d33e5061a92e225ef3b9a537c9dcb40ee78e063f56dfcdd,1-1,1-1.jpg,images/1-1.jpg,16c8b6ef21bd106f6229643ab02fee435a73563485160c64d5eac9e5c19d2f44,qwen36,Alibaba Cloud Model Studio,qwen3.6-flash-2026-04-16,qwen3.6-flash-2026-04-16,2.48.0,0,"{""enable_thinking"": false}",provider_default,2026-09-05T23:22:39.030997+00:00,2026-09-05T23:22:40.310990+00:00,1.28,1,success,Care,95,"The image visually depicts a tender interaction between an adult and a child. The adult is holding the child in a supportive manner, and both subjects are smiling or laughing, conveying a sense of warmth, affection, and nurturing. This aligns directly with the category of Care, which involves concern for well-being and support. There is no visual evidence of harm, unfairness, or other moral concerns.",,,,,1057,107,,1164,"{
  ""label"": ""Care"",
  ""confidence"": 95,
  ""brief_reason"": ""The image visually depicts a tender interaction between an adult and a child. The adult is holding the child in a supportive manner, and both subjects are smiling or laughing, conveying a sense of warmth, affection, and nurturing. This aligns directly with the category of Care, which involves concern for well-being and support. There is no visual evidence of harm, unfairness, or other moral concerns.""
}",
prompt-results-v1,visual-cue-prompt-pilot-v1,010ecf86752795948c65f735a12ca5ef23a0b79726346feeeec6b2e8a0d97fd9,20260905,4abacadab7776f19f410667a58dab254f25527fef3a254f29b2f95a6ed48d37c,ab06ddb8d6e3d43f64e1d52504e2253e2b0458e7f11c180982acba99634e203c,,43,1,15,1,p0,p0-baseline-v2,1c1a1676abde21bda6ea8cf6eef5a6ca2bb99ecef928005f0fe5aed4769d0fa1,b0df04e619c332a72d33e5061a92e225ef3b9a537c9dcb40ee78e063f56dfcdd,2-1,2-1.jpg,images/2-1.jpg,4c390cab45d7793acde1917cc6c343bfdece7f98faca8ae93220ba7b58bad292,qwen36,Alibaba Cloud Model Studio,qwen3.6-flash-2026-04-16,qwen3.6-flash-2026-04-16,2.48.0,0,"{""enable_thinking"": false}",provider_default,2026-09-05T23:22:40.837539+00:00,2026-09-05T23:22:42.604309+00:00,1.767,1,success,Care,85,"The image depicts individuals in a visibly vulnerable state, living in makeshift conditions with limited resources. The primary moral concern conveyed is the welfare of these people and their need for support, protection, and compassion due to their evident hardship. While 'Harm' (suffering) is present, the focus on their vulnerability and precarious situation aligns more strongly with the concern for well-being ('Care'). Other categories like 'Fairness' or 'Degradation' are less directly supported by the specific visual evidence compared to the clear depiction of need.",,,,,1937,137,,2074,"{
  ""label"": ""Care"",
  ""confidence"": 85,
  ""brief_reason"": ""The image depicts individuals in a visibly vulnerable state, living in makeshift conditions with limited resources. The primary moral concern conveyed is the welfare of these people and their need for support, protection, and compassion due to their evident hardship. While 'Harm' (suffering) is present, the focus on their vulnerability and precarious situation aligns more strongly with the concern for well-being ('Care'). Other categories like 'Fairness' or 'Degradation' are less directly supported by the specific visual evidence compared to the clear depiction of need.""
}",
prompt-results-v1,visual-cue-prompt-pilot-v1,010ecf86752795948c65f735a12ca5ef23a0b79726346feeeec6b2e8a0d97fd9,20260905,4abacadab7776f19f410667a58dab254f25527fef3a254f29b2f95a6ed48d37c,bba800be98abc3cc6bd3aa6d1d20dc9bc9aa074da59a90d806d2c685d47cb7a6,,44,1,15,2,p1,p1-structured-control-v1-2026-09-05,b9621814e5a2bb839e6f399c5bf42940989a14efca909b15427ab68e3ae9432d,b0df04e619c332a72d33e5061a92e225ef3b9a537c9dcb40ee78e063f56dfcdd,2-1,2-1.jpg,images/2-1.jpg,4c390cab45d7793acde1917cc6c343bfdece7f98faca8ae93220ba7b58bad292,qwen36,Alibaba Cloud Model Studio,qwen3.6-flash-2026-04-16,qwen3.6-flash-2026-04-16,2.48.0,0,"{""enable_thinking"": false}",provider_default,2026-09-05T23:22:43.131084+00:00,2026-09-05T23:22:44.794477+00:00,1.663,1,success,Care,85,"The image depicts individuals in a visibly vulnerable condition, living in makeshift shelter amidst debris. The primary moral concern conveyed by such a scene is the welfare of those suffering from hardship and their need for support or protection from harm. While 'Harm' is related to suffering, 'Care' is the most appropriate category for the moral obligation regarding the well-being of vulnerable subjects.",,,,,2177,102,,2279,"{
  ""label"": ""Care"",
  ""confidence"": 85,
  ""brief_reason"": ""The image depicts individuals in a visibly vulnerable condition, living in makeshift shelter amidst debris. The primary moral concern conveyed by such a scene is the welfare of those suffering from hardship and their need for support or protection from harm. While 'Harm' is related to suffering, 'Care' is the most appropriate category for the moral obligation regarding the well-being of vulnerable subjects.""
}",
prompt-results-v1,visual-cue-prompt-pilot-v1,010ecf86752795948c65f735a12ca5ef23a0b79726346feeeec6b2e8a0d97fd9,20260905,4abacadab7776f19f410667a58dab254f25527fef3a254f29b2f95a6ed48d37c,b6bec31ff07ad6c562cf3e2864ac976622e63413af4425dec0eca75801ebe78e,,45,1,15,3,p2,p2-blind-nonoverlap-cues-v1-2026-09-05,482dce5b0ed5faf3ec20bdf32b51d0eb2212e901d18dde12a59c1f710160df8d,b0df04e619c332a72d33e5061a92e225ef3b9a537c9dcb40ee78e063f56dfcdd,2-1,2-1.jpg,images/2-1.jpg,4c390cab45d7793acde1917cc6c343bfdece7f98faca8ae93220ba7b58bad292,qwen36,Alibaba Cloud Model Studio,qwen3.6-flash-2026-04-16,qwen3.6-flash-2026-04-16,2.48.0,0,"{""enable_thinking"": false}",provider_default,2026-09-05T23:22:45.324108+00:00,2026-09-05T23:22:46.963962+00:00,1.64,1,success,Care,85,"The image depicts individuals in a visibly vulnerable condition, living in makeshift shelter with limited resources. The primary moral concern conveyed is the welfare of these people and their need for support, protection, and compassion due to their evident hardship.",,,,,2358,73,,2431,"{
  ""label"": ""Care"",
  ""confidence"": 85,
  ""brief_reason"": ""The image depicts individuals in a visibly vulnerable condition, living in makeshift shelter with limited resources. The primary moral concern conveyed is the welfare of these people and their need for support, protection, and compassion due to their evident hardship.""
}",
prompt-results-v1,visual-cue-prompt-pilot-v1,010ecf86752795948c65f735a12ca5ef23a0b79726346feeeec6b2e8a0d97fd9,20260905,4abacadab7776f19f410667a58dab254f25527fef3a254f29b2f95a6ed48d37c,3bc44f131b517a418fc84969da9b5540a17a9bd5437eb6af519816506245e0ec,,46,1,16,1,p1,p1-structured-control-v1-2026-09-05,b9621814e5a2bb839e6f399c5bf42940989a14efca909b15427ab68e3ae9432d,b0df04e619c332a72d33e5061a92e225ef3b9a537c9dcb40ee78e063f56dfcdd,o-2,o-2.jpg,images/o-2.jpg,21aa96fa08ee7513fe40f6f363813482ecc5d47bee6902d10ca1e7f04b65a45c,qwen36,Alibaba Cloud Model Studio,qwen3.6-flash-2026-04-16,qwen3.6-flash-2026-04-16,2.48.0,0,"{""enable_thinking"": false}",provider_default,2026-09-05T23:22:47.495233+00:00,2026-09-05T23:22:50.135620+00:00,2.64,1,success,Fairness,85,"The image depicts a competitive sporting event (a track race) where athletes are striving for victory. The primary moral concern in this context is Fairness, as the sport relies on rules and impartial treatment to ensure equitable competition among participants. While 'Cheating' is a related concept, there is no visible evidence of rule-breaking or deception; thus, the broader category of Fairness best captures the moral framework of the scene.",,,,,1878,109,,1987,"{
""label"": ""Fairness"",
""confidence"": 85,
""brief_reason"": ""The image depicts a competitive sporting event (a track race) where athletes are striving for victory. The primary moral concern in this context is Fairness, as the sport relies on rules and impartial treatment to ensure equitable competition among participants. While 'Cheating' is a related concept, there is no visible evidence of rule-breaking or deception; thus, the broader category of Fairness best captures the moral framework of the scene.""
}",
prompt-results-v1,visual-cue-prompt-pilot-v1,010ecf86752795948c65f735a12ca5ef23a0b79726346feeeec6b2e8a0d97fd9,20260905,4abacadab7776f19f410667a58dab254f25527fef3a254f29b2f95a6ed48d37c,0f3aa68b19efc38b7555febf91827230cecedce2bc38731f464266d9a5d5dd1c,,47,1,16,2,p2,p2-blind-nonoverlap-cues-v1-2026-09-05,482dce5b0ed5faf3ec20bdf32b51d0eb2212e901d18dde12a59c1f710160df8d,b0df04e619c332a72d33e5061a92e225ef3b9a537c9dcb40ee78e063f56dfcdd,o-2,o-2.jpg,images/o-2.jpg,21aa96fa08ee7513fe40f6f363813482ecc5d47bee6902d10ca1e7f04b65a45c,qwen36,Alibaba Cloud Model Studio,qwen3.6-flash-2026-04-16,qwen3.6-flash-2026-04-16,2.48.0,0,"{""enable_thinking"": false}",provider_default,2026-09-05T23:22:50.653382+00:00,2026-09-05T23:22:53.183505+00:00,2.53,1,success,None of these / Not clearly moral in nature,95,"The image depicts athletes at the starting blocks of a track race, captured in the moment of beginning their sprint. This is a standard competitive sporting event. There are no visible signs of harm, unfair treatment, cheating, or other moral violations. While sports involve concepts like fairness and loyalty, the visual content itself simply shows the physical action of racing without conveying a specific moral concern or dilemma.",,,,,2059,113,,2172,"{
  ""label"": ""None of these / Not clearly moral in nature"",
  ""confidence"": 95,
  ""brief_reason"": ""The image depicts athletes at the starting blocks of a track race, captured in the moment of beginning their sprint. This is a standard competitive sporting event. There are no visible signs of harm, unfair treatment, cheating, or other moral violations. While sports involve concepts like fairness and loyalty, the visual content itself simply shows the physical action of racing without conveying a specific moral concern or dilemma.""
}",
prompt-results-v1,visual-cue-prompt-pilot-v1,010ecf86752795948c65f735a12ca5ef23a0b79726346feeeec6b2e8a0d97fd9,20260905,4abacadab7776f19f410667a58dab254f25527fef3a254f29b2f95a6ed48d37c,a8ef40d05209f28e563e4797b1dcd2d8cf7fce3f160e6e8ab1a17c0d2092e245,,48,1,16,3,p0,p0-baseline-v2,1c1a1676abde21bda6ea8cf6eef5a6ca2bb99ecef928005f0fe5aed4769d0fa1,b0df04e619c332a72d33e5061a92e225ef3b9a537c9dcb40ee78e063f56dfcdd,o-2,o-2.jpg,images/o-2.jpg,21aa96fa08ee7513fe40f6f363813482ecc5d47bee6902d10ca1e7f04b65a45c,qwen36,Alibaba Cloud Model Studio,qwen3.6-flash-2026-04-16,qwen3.6-flash-2026-04-16,2.48.0,0,"{""enable_thinking"": false}",provider_default,2026-09-05T23:22:53.713127+00:00,2026-09-05T23:22:57.037290+00:00,3.324,1,success,None of these / Not clearly moral in nature,95,"The image depicts a standard competitive athletic event (a sprint start) with athletes using starting blocks. While sports involve concepts like fairness and cheating, the visual evidence shows only the physical act of competing without any visible signs of rule-breaking, unfair treatment, harm, or specific moral dilemmas. Classifying this as a moral concern would require inferring context not present in the scene.",,,,,1638,111,,1749,"{
  ""label"": ""None of these / Not clearly moral in nature"",
  ""confidence"": 95,
  ""brief_reason"": ""The image depicts a standard competitive athletic event (a sprint start) with athletes using starting blocks. While sports involve concepts like fairness and cheating, the visual evidence shows only the physical act of competing without any visible signs of rule-breaking, unfair treatment, harm, or specific moral dilemmas. Classifying this as a moral concern would require inferring context not present in the scene.""
}",
prompt-results-v1,visual-cue-prompt-pilot-v1,010ecf86752795948c65f735a12ca5ef23a0b79726346feeeec6b2e8a0d97fd9,20260905,4abacadab7776f19f410667a58dab254f25527fef3a254f29b2f95a6ed48d37c,0720bee66ca2ff6bdc258280537b406857af7f9901982af1d70e182e417f0d2a,,49,2,1,1,p0,p0-baseline-v2,1c1a1676abde21bda6ea8cf6eef5a6ca2bb99ecef928005f0fe5aed4769d0fa1,b0df04e619c332a72d33e5061a92e225ef3b9a537c9dcb40ee78e063f56dfcdd,35-3,35-3.jpg,images/35-3.jpg,10205cc5ff7b04e752488d2961e48affc5f0a07ee8b10d130097b4f6c44be1db,qwen36,Alibaba Cloud Model Studio,qwen3.6-flash-2026-04-16,qwen3.6-flash-2026-04-16,2.48.0,0,"{""enable_thinking"": false}",provider_default,2026-09-05T23:22:57.564776+00:00,2026-09-05T23:23:02.514701+00:00,4.95,1,success,None of these / Not clearly moral in nature,95,"The image depicts a standard wedding reception scene featuring a bride and groom celebrating with guests. The visible actions—clapping, smiling, holding champagne, and posing for photos—are celebratory and social in nature. There is no visual evidence of suffering, injustice, deception, violation of authority, or other specific moral concerns listed in the categories. While themes of loyalty or respect are implicitly present in the institution of marriage, the primary visual content does not convey a distinct moral issue or conflict requiring classification under the provided ethical labels.",,,,,2011,139,,2150,"{
  ""label"": ""None of these / Not clearly moral in nature"",
  ""confidence"": 95,
  ""brief_reason"": ""The image depicts a standard wedding reception scene featuring a bride and groom celebrating with guests. The visible actions—clapping, smiling, holding champagne, and posing for photos—are celebratory and social in nature. There is no visual evidence of suffering, injustice, deception, violation of authority, or other specific moral concerns listed in the categories. While themes of loyalty or respect are implicitly present in the institution of marriage, the primary visual content does not convey a distinct moral issue or conflict requiring classification under the provided ethical labels.""
}",
prompt-results-v1,visual-cue-prompt-pilot-v1,010ecf86752795948c65f735a12ca5ef23a0b79726346feeeec6b2e8a0d97fd9,20260905,4abacadab7776f19f410667a58dab254f25527fef3a254f29b2f95a6ed48d37c,fc3276b9749bf2859c5269224d9ee60719e24f385c99c4b80b2ff6690329b9ed,,50,2,1,2,p1,p1-structured-control-v1-2026-09-05,b9621814e5a2bb839e6f399c5bf42940989a14efca909b15427ab68e3ae9432d,b0df04e619c332a72d33e5061a92e225ef3b9a537c9dcb40ee78e063f56dfcdd,35-3,35-3.jpg,images/35-3.jpg,10205cc5ff7b04e752488d2961e48affc5f0a07ee8b10d130097b4f6c44be1db,qwen36,Alibaba Cloud Model Studio,qwen3.6-flash-2026-04-16,qwen3.6-flash-2026-04-16,2.48.0,0,"{""enable_thinking"": false}",provider_default,2026-09-05T23:23:03.046631+00:00,2026-09-05T23:23:07.522294+00:00,4.476,1,success,None of these / Not clearly moral in nature,95,"The image depicts a standard wedding reception scene with guests celebrating a couple. The visible actions (clapping, smiling, holding champagne) and setting (banquet hall, cake) convey joy and celebration rather than any specific moral concern such as harm, unfairness, or violation of dignity. While themes like loyalty or respect are implicitly present in the context of marriage, they do not represent a primary moral issue or conflict within the visual evidence.",,,,,2251,123,,2374,"{
  ""label"": ""None of these / Not clearly moral in nature"",
  ""confidence"": 95,
  ""brief_reason"": ""The image depicts a standard wedding reception scene with guests celebrating a couple. The visible actions (clapping, smiling, holding champagne) and setting (banquet hall, cake) convey joy and celebration rather than any specific moral concern such as harm, unfairness, or violation of dignity. While themes like loyalty or respect are implicitly present in the context of marriage, they do not represent a primary moral issue or conflict within the visual evidence.""
}",
prompt-results-v1,visual-cue-prompt-pilot-v1,010ecf86752795948c65f735a12ca5ef23a0b79726346feeeec6b2e8a0d97fd9,20260905,4abacadab7776f19f410667a58dab254f25527fef3a254f29b2f95a6ed48d37c,e56d2ed5b8b82098a7c2ff388a9bd11310bc8f323ffaadd83dbcccf70d83a5a2,,51,2,1,3,p2,p2-blind-nonoverlap-cues-v1-2026-09-05,482dce5b0ed5faf3ec20bdf32b51d0eb2212e901d18dde12a59c1f710160df8d,b0df04e619c332a72d33e5061a92e225ef3b9a537c9dcb40ee78e063f56dfcdd,35-3,35-3.jpg,images/35-3.jpg,10205cc5ff7b04e752488d2961e48affc5f0a07ee8b10d130097b4f6c44be1db,qwen36,Alibaba Cloud Model Studio,qwen3.6-flash-2026-04-16,qwen3.6-flash-2026-04-16,2.48.0,0,"{""enable_thinking"": false}",provider_default,2026-09-05T23:23:08.046887+00:00,2026-09-05T23:23:13.114555+00:00,5.068,1,success,None of these / Not clearly moral in nature,95,"The image depicts a wedding reception, a social celebration. While the scene involves positive social interactions like clapping and toasting, it does not visually convey any specific moral concern such as harm, unfairness, betrayal, or violation of dignity. The primary focus is on a ceremonial event rather than a moral dilemma or ethical issue.",,,,,2432,101,,2533,"{
  ""label"": ""None of these / Not clearly moral in nature"",
  ""confidence"": 95,
  ""brief_reason"": ""The image depicts a wedding reception, a social celebration. While the scene involves positive social interactions like clapping and toasting, it does not visually convey any specific moral concern such as harm, unfairness, betrayal, or violation of dignity. The primary focus is on a ceremonial event rather than a moral dilemma or ethical issue.""
}",
prompt-results-v1,visual-cue-prompt-pilot-v1,010ecf86752795948c65f735a12ca5ef23a0b79726346feeeec6b2e8a0d97fd9,20260905,4abacadab7776f19f410667a58dab254f25527fef3a254f29b2f95a6ed48d37c,1ddb6ef1abd73383038597c2064436c818933f3b15622bda0965defbf9315c2d,,52,2,2,1,p1,p1-structured-control-v1-2026-09-05,b9621814e5a2bb839e6f399c5bf42940989a14efca909b15427ab68e3ae9432d,b0df04e619c332a72d33e5061a92e225ef3b9a537c9dcb40ee78e063f56dfcdd,9-2,9-2.jpg,images/9-2.jpg,62142986ca8108d3f29fee7e17e6af5650e1c7bdfdc9a95870bf910fa30abc0d,qwen36,Alibaba Cloud Model Studio,qwen3.6-flash-2026-04-16,qwen3.6-flash-2026-04-16,2.48.0,0,"{""enable_thinking"": false}",provider_default,2026-09-05T23:23:13.649186+00:00,2026-09-05T23:23:15.949226+00:00,2.3,1,success,Care,75,"The image depicts a domestic scene where children are gathered on a bunk bed using electronic devices, and an older female is sitting nearby smiling while looking at her phone. The visible interaction suggests a moment of family life, supervision, or shared leisure time, which aligns with the category of 'Care' (concern for well-being, nurturing, support). While the room is cluttered, there is no visual evidence of neglect, abuse, or suffering that would suggest 'Harm', nor is there evidence of unfairness or other moral violations. The classification relies on interpreting the social dynamic as one of familial care rather than mere cohabitation.",,,,,3728,156,,3884,"{
  ""label"": ""Care"",
  ""confidence"": 75,
  ""brief_reason"": ""The image depicts a domestic scene where children are gathered on a bunk bed using electronic devices, and an older female is sitting nearby smiling while looking at her phone. The visible interaction suggests a moment of family life, supervision, or shared leisure time, which aligns with the category of 'Care' (concern for well-being, nurturing, support). While the room is cluttered, there is no visual evidence of neglect, abuse, or suffering that would suggest 'Harm', nor is there evidence of unfairness or other moral violations. The classification relies on interpreting the social dynamic as one of familial care rather than mere cohabitation.""
}",
prompt-results-v1,visual-cue-prompt-pilot-v1,010ecf86752795948c65f735a12ca5ef23a0b79726346feeeec6b2e8a0d97fd9,20260905,4abacadab7776f19f410667a58dab254f25527fef3a254f29b2f95a6ed48d37c,81662ac64c42a01ef447435dcf6b4152a8a7dee729d1a82be1ce30dec8c0bb3a,,53,2,2,2,p2,p2-blind-nonoverlap-cues-v1-2026-09-05,482dce5b0ed5faf3ec20bdf32b51d0eb2212e901d18dde12a59c1f710160df8d,b0df04e619c332a72d33e5061a92e225ef3b9a537c9dcb40ee78e063f56dfcdd,9-2,9-2.jpg,images/9-2.jpg,62142986ca8108d3f29fee7e17e6af5650e1c7bdfdc9a95870bf910fa30abc0d,qwen36,Alibaba Cloud Model Studio,qwen3.6-flash-2026-04-16,qwen3.6-flash-2026-04-16,2.48.0,0,"{""enable_thinking"": false}",provider_default,2026-09-05T23:23:16.478929+00:00,2026-09-05T23:23:18.910285+00:00,2.431,1,success,Care,75,"The image depicts a scene of domestic life where children are engaged with electronic devices while an older sibling or guardian sits nearby. The primary moral concern conveyed is the welfare and supervision of these minors in a crowded living environment. While the setting appears cluttered, which might suggest neglect to some, the visible interaction between the individuals—specifically the proximity of the older person to the children—aligns best with the category of 'Care' (concern for well-being and support). It does not clearly show active harm, abuse, or unfair treatment, making 'None of these' less appropriate given the clear presence of vulnerable subjects requiring care.",,,,,3909,155,,4064,"{
  ""label"": ""Care"",
  ""confidence"": 75,
  ""brief_reason"": ""The image depicts a scene of domestic life where children are engaged with electronic devices while an older sibling or guardian sits nearby. The primary moral concern conveyed is the welfare and supervision of these minors in a crowded living environment. While the setting appears cluttered, which might suggest neglect to some, the visible interaction between the individuals—specifically the proximity of the older person to the children—aligns best with the category of 'Care' (concern for well-being and support). It does not clearly show active harm, abuse, or unfair treatment, making 'None of these' less appropriate given the clear presence of vulnerable subjects requiring care.""
}",
prompt-results-v1,visual-cue-prompt-pilot-v1,010ecf86752795948c65f735a12ca5ef23a0b79726346feeeec6b2e8a0d97fd9,20260905,4abacadab7776f19f410667a58dab254f25527fef3a254f29b2f95a6ed48d37c,207a51cf103bd326f0e14161cc025d4bc8f17480f385a266b0a490ae892b76a5,,54,2,2,3,p0,p0-baseline-v2,1c1a1676abde21bda6ea8cf6eef5a6ca2bb99ecef928005f0fe5aed4769d0fa1,b0df04e619c332a72d33e5061a92e225ef3b9a537c9dcb40ee78e063f56dfcdd,9-2,9-2.jpg,images/9-2.jpg,62142986ca8108d3f29fee7e17e6af5650e1c7bdfdc9a95870bf910fa30abc0d,qwen36,Alibaba Cloud Model Studio,qwen3.6-flash-2026-04-16,qwen3.6-flash-2026-04-16,2.48.0,0,"{""enable_thinking"": false}",provider_default,2026-09-05T23:23:19.463404+00:00,2026-09-05T23:23:21.673235+00:00,2.21,1,success,Care,85,"The image depicts a scene of family life where children are engaged with electronic devices while an older sibling or guardian sits nearby. The primary moral concern conveyed is the welfare and supervision of the children (Care). While the environment appears cluttered, which could suggest neglect, there is no visible evidence of active harm, abuse, or cruelty (Harm), nor is there evidence of unfair treatment or exploitation (Fairness/Cheating). The interaction between the individuals suggests a moment of shared domestic life rather than a violation of rights or dignity.",,,,,3488,130,,3618,"{
""label"": ""Care"",
""confidence"": 85,
""brief_reason"": ""The image depicts a scene of family life where children are engaged with electronic devices while an older sibling or guardian sits nearby. The primary moral concern conveyed is the welfare and supervision of the children (Care). While the environment appears cluttered, which could suggest neglect, there is no visible evidence of active harm, abuse, or cruelty (Harm), nor is there evidence of unfair treatment or exploitation (Fairness/Cheating). The interaction between the individuals suggests a moment of shared domestic life rather than a violation of rights or dignity.""
}",
prompt-results-v1,visual-cue-prompt-pilot-v1,010ecf86752795948c65f735a12ca5ef23a0b79726346feeeec6b2e8a0d97fd9,20260905,4abacadab7776f19f410667a58dab254f25527fef3a254f29b2f95a6ed48d37c,06cda66b3eee12ff70d5927b8f9801bb83f03546c93c7d2e6a83dc4523a50f6d,,55,2,3,1,p0,p0-baseline-v2,1c1a1676abde21bda6ea8cf6eef5a6ca2bb99ecef928005f0fe5aed4769d0fa1,b0df04e619c332a72d33e5061a92e225ef3b9a537c9dcb40ee78e063f56dfcdd,g-2,g-2.png,images/g-2.png,81625f82d1617b53b838379a4be27cbc819155fbabf5b2dc8260886504801ba6,qwen36,Alibaba Cloud Model Studio,qwen3.6-flash-2026-04-16,qwen3.6-flash-2026-04-16,2.48.0,0,"{""enable_thinking"": false}",provider_default,2026-09-05T23:23:22.204015+00:00,2026-09-05T23:23:26.421689+00:00,4.218,1,success,Fairness,95,"The image explicitly depicts a professional meeting focused on an 'AI Fairness Initiative' and a 'Gender Parity Testing Framework.' The visual evidence includes whiteboards detailing processes for detecting bias ('Known-Bias Sample') and ensuring impartial outcomes ('Pass (No Significant Deviation)'). This directly aligns with the category of Fairness, which concerns justice, equality, and equitable outcomes. No other moral categories are as strongly supported by the visible text and context.",,,,,2043,115,,2158,"{
""label"": ""Fairness"",
""confidence"": 95,
""brief_reason"": ""The image explicitly depicts a professional meeting focused on an 'AI Fairness Initiative' and a 'Gender Parity Testing Framework.' The visual evidence includes whiteboards detailing processes for detecting bias ('Known-Bias Sample') and ensuring impartial outcomes ('Pass (No Significant Deviation)'). This directly aligns with the category of Fairness, which concerns justice, equality, and equitable outcomes. No other moral categories are as strongly supported by the visible text and context.""
}",
prompt-results-v1,visual-cue-prompt-pilot-v1,010ecf86752795948c65f735a12ca5ef23a0b79726346feeeec6b2e8a0d97fd9,20260905,4abacadab7776f19f410667a58dab254f25527fef3a254f29b2f95a6ed48d37c,9f3f6f061b766a14c94698ee14b028b8df96818be6bf6180159755616a3f3e6c,,56,2,3,2,p1,p1-structured-control-v1-2026-09-05,b9621814e5a2bb839e6f399c5bf42940989a14efca909b15427ab68e3ae9432d,b0df04e619c332a72d33e5061a92e225ef3b9a537c9dcb40ee78e063f56dfcdd,g-2,g-2.png,images/g-2.png,81625f82d1617b53b838379a4be27cbc819155fbabf5b2dc8260886504801ba6,qwen36,Alibaba Cloud Model Studio,qwen3.6-flash-2026-04-16,qwen3.6-flash-2026-04-16,2.48.0,0,"{""enable_thinking"": false}",provider_default,2026-09-05T23:23:26.950737+00:00,2026-09-05T23:23:33.336275+00:00,6.386,1,success,Fairness,95,"The image explicitly depicts a professional meeting focused on an 'AI Fairness Initiative' and a 'Gender Parity Testing Framework.' The whiteboard diagrams illustrate processes for detecting bias ('Known-Bias Sample') and ensuring equitable outcomes ('Pass (No Significant Deviation)'). This directly aligns with the category of Fairness, which concerns justice, equality, and impartial treatment. No other moral categories are as strongly supported by the visible text and context.",,,,,2283,117,,2400,"{
  ""label"": ""Fairness"",
  ""confidence"": 95,
  ""brief_reason"": ""The image explicitly depicts a professional meeting focused on an 'AI Fairness Initiative' and a 'Gender Parity Testing Framework.' The whiteboard diagrams illustrate processes for detecting bias ('Known-Bias Sample') and ensuring equitable outcomes ('Pass (No Significant Deviation)'). This directly aligns with the category of Fairness, which concerns justice, equality, and impartial treatment. No other moral categories are as strongly supported by the visible text and context.""
}",
prompt-results-v1,visual-cue-prompt-pilot-v1,010ecf86752795948c65f735a12ca5ef23a0b79726346feeeec6b2e8a0d97fd9,20260905,4abacadab7776f19f410667a58dab254f25527fef3a254f29b2f95a6ed48d37c,955e069c4ea5377f6ff224b78f455141bedcd2e5abe333125cceea0f0184dedc,,57,2,3,3,p2,p2-blind-nonoverlap-cues-v1-2026-09-05,482dce5b0ed5faf3ec20bdf32b51d0eb2212e901d18dde12a59c1f710160df8d,b0df04e619c332a72d33e5061a92e225ef3b9a537c9dcb40ee78e063f56dfcdd,g-2,g-2.png,images/g-2.png,81625f82d1617b53b838379a4be27cbc819155fbabf5b2dc8260886504801ba6,qwen36,Alibaba Cloud Model Studio,qwen3.6-flash-2026-04-16,qwen3.6-flash-2026-04-16,2.48.0,0,"{""enable_thinking"": false}",provider_default,2026-09-05T23:23:33.865079+00:00,2026-09-05T23:23:40.415107+00:00,6.55,1,success,Fairness,95,"The image explicitly depicts a professional meeting focused on an 'AI Fairness Initiative' and 'Gender Parity Testing Framework.' The whiteboard outlines a process for testing datasets to ensure impartial treatment and equitable outcomes (passing if there is no significant deviation). This directly aligns with the category of Fairness, which concerns justice, equality, and rights. While the setting involves collaboration (Loyalty) or technical work, the primary subject matter and moral concern conveyed by the text and diagrams is the pursuit of fairness in algorithmic systems.",,,,,2464,136,,2600,"{
  ""label"": ""Fairness"",
  ""confidence"": 95,
  ""brief_reason"": ""The image explicitly depicts a professional meeting focused on an 'AI Fairness Initiative' and 'Gender Parity Testing Framework.' The whiteboard outlines a process for testing datasets to ensure impartial treatment and equitable outcomes (passing if there is no significant deviation). This directly aligns with the category of Fairness, which concerns justice, equality, and rights. While the setting involves collaboration (Loyalty) or technical work, the primary subject matter and moral concern conveyed by the text and diagrams is the pursuit of fairness in algorithmic systems.""
}",
prompt-results-v1,visual-cue-prompt-pilot-v1,010ecf86752795948c65f735a12ca5ef23a0b79726346feeeec6b2e8a0d97fd9,20260905,4abacadab7776f19f410667a58dab254f25527fef3a254f29b2f95a6ed48d37c,9206b39dd7912fe2f9eb61a4aaab068aaffdbe2ba3ed3b2e30ee0e13fb05d464,,58,2,4,1,p1,p1-structured-control-v1-2026-09-05,b9621814e5a2bb839e6f399c5bf42940989a14efca909b15427ab68e3ae9432d,b0df04e619c332a72d33e5061a92e225ef3b9a537c9dcb40ee78e063f56dfcdd,3-1,3-1.jpg,images/3-1.jpg,6d4b129168c70ae11059197ac5a1d1784bd9673b751937d98539e1347809284a,qwen36,Alibaba Cloud Model Studio,qwen3.6-flash-2026-04-16,qwen3.6-flash-2026-04-16,2.48.0,0,"{""enable_thinking"": false}",provider_default,2026-09-05T23:23:40.942535+00:00,2026-09-05T23:23:42.893165+00:00,1.951,1,success,Care,95,"The image depicts a group of people gathered around an open casket, engaging in behaviors that strongly indicate grief and mourning. The central figures are physically leaning over the deceased, touching them, and displaying visible emotional distress (crying, holding on). This scene visually represents compassion, support for the bereaved, and concern for the dignity and well-being of those involved in the ritual of saying goodbye. While 'Sanctity' is relevant to funerals, the primary visual emphasis is on the human interaction, physical closeness, and emotional support among the living participants.",,,,,1479,141,,1620,"{
  ""label"": ""Care"",
  ""confidence"": 95,
  ""brief_reason"": ""The image depicts a group of people gathered around an open casket, engaging in behaviors that strongly indicate grief and mourning. The central figures are physically leaning over the deceased, touching them, and displaying visible emotional distress (crying, holding on). This scene visually represents compassion, support for the bereaved, and concern for the dignity and well-being of those involved in the ritual of saying goodbye. While 'Sanctity' is relevant to funerals, the primary visual emphasis is on the human interaction, physical closeness, and emotional support among the living participants.""
}",
prompt-results-v1,visual-cue-prompt-pilot-v1,010ecf86752795948c65f735a12ca5ef23a0b79726346feeeec6b2e8a0d97fd9,20260905,4abacadab7776f19f410667a58dab254f25527fef3a254f29b2f95a6ed48d37c,5d8e81a8ce8e3f8bd9c39b3d28e617f535796d5d4de33d264e1e1930e14ab80b,,59,2,4,2,p2,p2-blind-nonoverlap-cues-v1-2026-09-05,482dce5b0ed5faf3ec20bdf32b51d0eb2212e901d18dde12a59c1f710160df8d,b0df04e619c332a72d33e5061a92e225ef3b9a537c9dcb40ee78e063f56dfcdd,3-1,3-1.jpg,images/3-1.jpg,6d4b129168c70ae11059197ac5a1d1784bd9673b751937d98539e1347809284a,qwen36,Alibaba Cloud Model Studio,qwen3.6-flash-2026-04-16,qwen3.6-flash-2026-04-16,2.48.0,0,"{""enable_thinking"": false}",provider_default,2026-09-05T23:23:43.412165+00:00,2026-09-05T23:23:45.093985+00:00,1.682,1,success,Care,95,"The image depicts a group of people gathered around a purple casket, engaging in behaviors that strongly indicate grief and mourning. Several individuals are leaning over the casket, touching it, and displaying visible emotional distress (e.g., open mouths as if crying or wailing). The physical closeness and supportive postures of the surrounding individuals convey compassion, support, and concern for the well-being of those grieving. This aligns directly with the category of Care, which includes compassion, support, and nurturing in times of vulnerability.",,,,,1660,128,,1788,"{
""label"": ""Care"",
""confidence"": 95,
""brief_reason"": ""The image depicts a group of people gathered around a purple casket, engaging in behaviors that strongly indicate grief and mourning. Several individuals are leaning over the casket, touching it, and displaying visible emotional distress (e.g., open mouths as if crying or wailing). The physical closeness and supportive postures of the surrounding individuals convey compassion, support, and concern for the well-being of those grieving. This aligns directly with the category of Care, which includes compassion, support, and nurturing in times of vulnerability.""
}",
prompt-results-v1,visual-cue-prompt-pilot-v1,010ecf86752795948c65f735a12ca5ef23a0b79726346feeeec6b2e8a0d97fd9,20260905,4abacadab7776f19f410667a58dab254f25527fef3a254f29b2f95a6ed48d37c,9331741da51e9c47e1693a3c908abd446f1487569d89bc8eb5f5f1b15c035b39,,60,2,4,3,p0,p0-baseline-v2,1c1a1676abde21bda6ea8cf6eef5a6ca2bb99ecef928005f0fe5aed4769d0fa1,b0df04e619c332a72d33e5061a92e225ef3b9a537c9dcb40ee78e063f56dfcdd,3-1,3-1.jpg,images/3-1.jpg,6d4b129168c70ae11059197ac5a1d1784bd9673b751937d98539e1347809284a,qwen36,Alibaba Cloud Model Studio,qwen3.6-flash-2026-04-16,qwen3.6-flash-2026-04-16,2.48.0,0,"{""enable_thinking"": false}",provider_default,2026-09-05T23:23:45.620530+00:00,2026-09-05T23:23:47.089639+00:00,1.469,1,success,Care,95,"The image depicts a group of people gathered around an individual who is visibly distressed and leaning over a casket. The surrounding individuals are physically supporting the person, placing hands on their back and shoulders in a gesture of comfort and stabilization. This behavior clearly demonstrates compassion, support, and concern for the well-being of someone in emotional pain, which aligns directly with the 'Care' category.",,,,,1239,105,,1344,"{
  ""label"": ""Care"",
  ""confidence"": 95,
  ""brief_reason"": ""The image depicts a group of people gathered around an individual who is visibly distressed and leaning over a casket. The surrounding individuals are physically supporting the person, placing hands on their back and shoulders in a gesture of comfort and stabilization. This behavior clearly demonstrates compassion, support, and concern for the well-being of someone in emotional pain, which aligns directly with the 'Care' category.""
}",
prompt-results-v1,visual-cue-prompt-pilot-v1,010ecf86752795948c65f735a12ca5ef23a0b79726346feeeec6b2e8a0d97fd9,20260905,4abacadab7776f19f410667a58dab254f25527fef3a254f29b2f95a6ed48d37c,7bfe3abe9047e5b8ecc563245d9585c34e3deb2d93a42decd475373d8cbc51cf,,61,2,5,1,p2,p2-blind-nonoverlap-cues-v1-2026-09-05,482dce5b0ed5faf3ec20bdf32b51d0eb2212e901d18dde12a59c1f710160df8d,b0df04e619c332a72d33e5061a92e225ef3b9a537c9dcb40ee78e063f56dfcdd,7-2,7-2.jpg,images/7-2.jpg,f05fbbbb98ff0f700f0dd0c5f9cb1d846a5f597327839a92b88e1fcef6ffbd63,qwen36,Alibaba Cloud Model Studio,qwen3.6-flash-2026-04-16,qwen3.6-flash-2026-04-16,2.48.0,0,"{""enable_thinking"": false}",provider_default,2026-09-05T23:23:47.620994+00:00,2026-09-05T23:23:49.015929+00:00,1.395,1,success,Respect / Authority,95,"The image depicts two individuals in business attire performing a deep bow to one another. This gesture is a culturally established ritual of showing respect, acknowledging hierarchy, or observing social protocol. The primary moral concern conveyed by this visible action is adherence to norms of respect and authority.",,,,,2288,84,,2372,"{
  ""label"": ""Respect / Authority"",
  ""confidence"": 95,
  ""brief_reason"": ""The image depicts two individuals in business attire performing a deep bow to one another. This gesture is a culturally established ritual of showing respect, acknowledging hierarchy, or observing social protocol. The primary moral concern conveyed by this visible action is adherence to norms of respect and authority.""
}",
prompt-results-v1,visual-cue-prompt-pilot-v1,010ecf86752795948c65f735a12ca5ef23a0b79726346feeeec6b2e8a0d97fd9,20260905,4abacadab7776f19f410667a58dab254f25527fef3a254f29b2f95a6ed48d37c,a98ae35fc7d5de41ef285b0b712890f1106663b72a0be16f709bc63e0f68df10,,62,2,5,2,p0,p0-baseline-v2,1c1a1676abde21bda6ea8cf6eef5a6ca2bb99ecef928005f0fe5aed4769d0fa1,b0df04e619c332a72d33e5061a92e225ef3b9a537c9dcb40ee78e063f56dfcdd,7-2,7-2.jpg,images/7-2.jpg,f05fbbbb98ff0f700f0dd0c5f9cb1d846a5f597327839a92b88e1fcef6ffbd63,qwen36,Alibaba Cloud Model Studio,qwen3.6-flash-2026-04-16,qwen3.6-flash-2026-04-16,2.48.0,0,"{""enable_thinking"": false}",provider_default,2026-09-05T23:23:49.539669+00:00,2026-09-05T23:23:50.902291+00:00,1.363,1,success,Respect / Authority,95,"The image depicts two individuals in business attire performing a deep bow to one another. This gesture is a culturally established form of showing respect, acknowledging hierarchy, or observing social protocol. The primary moral theme conveyed by this visible action is adherence to social roles and mutual respect.",,,,,1867,84,,1951,"{
  ""label"": ""Respect / Authority"",
  ""confidence"": 95,
  ""brief_reason"": ""The image depicts two individuals in business attire performing a deep bow to one another. This gesture is a culturally established form of showing respect, acknowledging hierarchy, or observing social protocol. The primary moral theme conveyed by this visible action is adherence to social roles and mutual respect.""
}",
prompt-results-v1,visual-cue-prompt-pilot-v1,010ecf86752795948c65f735a12ca5ef23a0b79726346feeeec6b2e8a0d97fd9,20260905,4abacadab7776f19f410667a58dab254f25527fef3a254f29b2f95a6ed48d37c,2112482a47240e663e7a6d64df568de0e25d0d3e97a2e47a5333e9eb64cbc8cc,,63,2,5,3,p1,p1-structured-control-v1-2026-09-05,b9621814e5a2bb839e6f399c5bf42940989a14efca909b15427ab68e3ae9432d,b0df04e619c332a72d33e5061a92e225ef3b9a537c9dcb40ee78e063f56dfcdd,7-2,7-2.jpg,images/7-2.jpg,f05fbbbb98ff0f700f0dd0c5f9cb1d846a5f597327839a92b88e1fcef6ffbd63,qwen36,Alibaba Cloud Model Studio,qwen3.6-flash-2026-04-16,qwen3.6-flash-2026-04-16,2.48.0,0,"{""enable_thinking"": false}",provider_default,2026-09-05T23:23:51.430105+00:00,2026-09-05T23:23:52.949212+00:00,1.519,1,success,Respect / Authority,95,"The image depicts two individuals in business attire performing a deep bow to one another. This action is a culturally established gesture of respect, formality, and acknowledgment of social hierarchy or professional standing. The visual evidence strongly supports the theme of respecting authority, roles, or traditions without implying harm, unfairness, or other moral violations.",,,,,2107,96,,2203,"{
  ""label"": ""Respect / Authority"",
  ""confidence"": 95,
  ""brief_reason"": ""The image depicts two individuals in business attire performing a deep bow to one another. This action is a culturally established gesture of respect, formality, and acknowledgment of social hierarchy or professional standing. The visual evidence strongly supports the theme of respecting authority, roles, or traditions without implying harm, unfairness, or other moral violations.""
}",
prompt-results-v1,visual-cue-prompt-pilot-v1,010ecf86752795948c65f735a12ca5ef23a0b79726346feeeec6b2e8a0d97fd9,20260905,4abacadab7776f19f410667a58dab254f25527fef3a254f29b2f95a6ed48d37c,92160667eeb27dba2b7d9a0f8796aed8cd6f87f3733154aad1b9d78251c9533d,,64,2,6,1,p1,p1-structured-control-v1-2026-09-05,b9621814e5a2bb839e6f399c5bf42940989a14efca909b15427ab68e3ae9432d,b0df04e619c332a72d33e5061a92e225ef3b9a537c9dcb40ee78e063f56dfcdd,2-1,2-1.jpg,images/2-1.jpg,4c390cab45d7793acde1917cc6c343bfdece7f98faca8ae93220ba7b58bad292,qwen36,Alibaba Cloud Model Studio,qwen3.6-flash-2026-04-16,qwen3.6-flash-2026-04-16,2.48.0,0,"{""enable_thinking"": false}",provider_default,2026-09-05T23:23:53.477077+00:00,2026-09-05T23:23:55.688608+00:00,2.212,1,success,Care,85,"The image depicts individuals in a visibly vulnerable condition, living in makeshift shelter with limited resources. The primary moral concern conveyed is the welfare of these people and their need for support, protection from harm, and compassion, which aligns with the 'Care' category. While the scene implies suffering (Harm), the focus on their vulnerability and precarious living situation makes 'Care' the more encompassing primary moral theme regarding their well-being.",,,,,2177,114,,2291,"{
  ""label"": ""Care"",
  ""confidence"": 85,
  ""brief_reason"": ""The image depicts individuals in a visibly vulnerable condition, living in makeshift shelter with limited resources. The primary moral concern conveyed is the welfare of these people and their need for support, protection from harm, and compassion, which aligns with the 'Care' category. While the scene implies suffering (Harm), the focus on their vulnerability and precarious living situation makes 'Care' the more encompassing primary moral theme regarding their well-being.""
}",
prompt-results-v1,visual-cue-prompt-pilot-v1,010ecf86752795948c65f735a12ca5ef23a0b79726346feeeec6b2e8a0d97fd9,20260905,4abacadab7776f19f410667a58dab254f25527fef3a254f29b2f95a6ed48d37c,867198149d42d3b6fc7428c7b9d0722f40ff09599a9ef008d665a432a3f82f93,,65,2,6,2,p2,p2-blind-nonoverlap-cues-v1-2026-09-05,482dce5b0ed5faf3ec20bdf32b51d0eb2212e901d18dde12a59c1f710160df8d,b0df04e619c332a72d33e5061a92e225ef3b9a537c9dcb40ee78e063f56dfcdd,2-1,2-1.jpg,images/2-1.jpg,4c390cab45d7793acde1917cc6c343bfdece7f98faca8ae93220ba7b58bad292,qwen36,Alibaba Cloud Model Studio,qwen3.6-flash-2026-04-16,qwen3.6-flash-2026-04-16,2.48.0,0,"{""enable_thinking"": false}",provider_default,2026-09-05T23:23:56.223159+00:00,2026-09-05T23:23:59.107470+00:00,2.884,1,success,Care,85,"The image depicts a person in a visibly vulnerable condition, living in makeshift shelter amidst clutter and debris. The primary moral concern conveyed by such a scene is the individual's welfare and need for support (compassion/helping), which falls under 'Care'. While the situation implies suffering ('Harm'), the visual focus on the person's precarious state primarily evokes a concern for their well-being and vulnerability rather than depicting active injury or abuse.",,,,,2358,115,,2473,"{
  ""label"": ""Care"",
  ""confidence"": 85,
  ""brief_reason"": ""The image depicts a person in a visibly vulnerable condition, living in makeshift shelter amidst clutter and debris. The primary moral concern conveyed by such a scene is the individual's welfare and need for support (compassion/helping), which falls under 'Care'. While the situation implies suffering ('Harm'), the visual focus on the person's precarious state primarily evokes a concern for their well-being and vulnerability rather than depicting active injury or abuse.""
}",
prompt-results-v1,visual-cue-prompt-pilot-v1,010ecf86752795948c65f735a12ca5ef23a0b79726346feeeec6b2e8a0d97fd9,20260905,4abacadab7776f19f410667a58dab254f25527fef3a254f29b2f95a6ed48d37c,a6663d0fad502bc6f9d204151e32a7b1a52eb4fad705bd563e6d9b3595fa8767,,66,2,6,3,p0,p0-baseline-v2,1c1a1676abde21bda6ea8cf6eef5a6ca2bb99ecef928005f0fe5aed4769d0fa1,b0df04e619c332a72d33e5061a92e225ef3b9a537c9dcb40ee78e063f56dfcdd,2-1,2-1.jpg,images/2-1.jpg,4c390cab45d7793acde1917cc6c343bfdece7f98faca8ae93220ba7b58bad292,qwen36,Alibaba Cloud Model Studio,qwen3.6-flash-2026-04-16,qwen3.6-flash-2026-04-16,2.48.0,0,"{""enable_thinking"": false}",provider_default,2026-09-05T23:23:59.635788+00:00,2026-09-05T23:24:01.403738+00:00,1.768,1,success,Care,85,"The image depicts individuals in a visibly vulnerable state, living in makeshift conditions with limited resources. The primary moral concern conveyed is the welfare of these people and their need for support, protection, and compassion due to their evident hardship. While 'Harm' (suffering) is present, the focus on their vulnerability and precarious situation aligns more strongly with the concern for well-being ('Care'). Other categories like 'Fairness' or 'Degradation' are less directly supported by the specific visual evidence compared to the clear depiction of need.",,,,,1937,137,,2074,"{
  ""label"": ""Care"",
  ""confidence"": 85,
  ""brief_reason"": ""The image depicts individuals in a visibly vulnerable state, living in makeshift conditions with limited resources. The primary moral concern conveyed is the welfare of these people and their need for support, protection, and compassion due to their evident hardship. While 'Harm' (suffering) is present, the focus on their vulnerability and precarious situation aligns more strongly with the concern for well-being ('Care'). Other categories like 'Fairness' or 'Degradation' are less directly supported by the specific visual evidence compared to the clear depiction of need.""
}",
prompt-results-v1,visual-cue-prompt-pilot-v1,010ecf86752795948c65f735a12ca5ef23a0b79726346feeeec6b2e8a0d97fd9,20260905,4abacadab7776f19f410667a58dab254f25527fef3a254f29b2f95a6ed48d37c,9cb14e01408e0f791223de27681ca4a8771d931320c5fba11a8cd1164d0efd4b,,67,2,7,1,p2,p2-blind-nonoverlap-cues-v1-2026-09-05,482dce5b0ed5faf3ec20bdf32b51d0eb2212e901d18dde12a59c1f710160df8d,b0df04e619c332a72d33e5061a92e225ef3b9a537c9dcb40ee78e063f56dfcdd,1-1,1-1.jpg,images/1-1.jpg,16c8b6ef21bd106f6229643ab02fee435a73563485160c64d5eac9e5c19d2f44,qwen36,Alibaba Cloud Model Studio,qwen3.6-flash-2026-04-16,qwen3.6-flash-2026-04-16,2.48.0,0,"{""enable_thinking"": false}",provider_default,2026-09-05T23:24:01.931396+00:00,2026-09-05T23:24:03.241617+00:00,1.31,1,success,Care,95,"The image depicts a clear interaction of nurturing and support. An adult is physically holding and supporting a small child who appears to be laughing or crying out in an emotional state. The adult's posture—leaning in closely with a gentle expression—and the act of holding the child convey compassion, protection, and concern for the child's well-being. There are no visual cues suggesting harm, unfairness, or violation of dignity.",,,,,1478,111,,1589,"{
  ""label"": ""Care"",
  ""confidence"": 95,
  ""brief_reason"": ""The image depicts a clear interaction of nurturing and support. An adult is physically holding and supporting a small child who appears to be laughing or crying out in an emotional state. The adult's posture—leaning in closely with a gentle expression—and the act of holding the child convey compassion, protection, and concern for the child's well-being. There are no visual cues suggesting harm, unfairness, or violation of dignity.""
}",
prompt-results-v1,visual-cue-prompt-pilot-v1,010ecf86752795948c65f735a12ca5ef23a0b79726346feeeec6b2e8a0d97fd9,20260905,4abacadab7776f19f410667a58dab254f25527fef3a254f29b2f95a6ed48d37c,d3efc399cb9e757ca9b603f425215d54fbfc4a93312e093118d5bf05a8a9abdd,,68,2,7,2,p0,p0-baseline-v2,1c1a1676abde21bda6ea8cf6eef5a6ca2bb99ecef928005f0fe5aed4769d0fa1,b0df04e619c332a72d33e5061a92e225ef3b9a537c9dcb40ee78e063f56dfcdd,1-1,1-1.jpg,images/1-1.jpg,16c8b6ef21bd106f6229643ab02fee435a73563485160c64d5eac9e5c19d2f44,qwen36,Alibaba Cloud Model Studio,qwen3.6-flash-2026-04-16,qwen3.6-flash-2026-04-16,2.48.0,0,"{""enable_thinking"": false}",provider_default,2026-09-05T23:24:03.770856+00:00,2026-09-05T23:24:04.943416+00:00,1.173,1,success,Care,95,"The image visually depicts a tender interaction between an adult and a child. The adult is holding the child in a supportive embrace, and both subjects are smiling, conveying a sense of warmth, affection, and well-being. This aligns directly with the category of Care, which encompasses nurturing, support, and compassion. There is no visual evidence to suggest harm, unfairness, or any other moral concern.",,,,,1057,108,,1165,"{
  ""label"": ""Care"",
  ""confidence"": 95,
  ""brief_reason"": ""The image visually depicts a tender interaction between an adult and a child. The adult is holding the child in a supportive embrace, and both subjects are smiling, conveying a sense of warmth, affection, and well-being. This aligns directly with the category of Care, which encompasses nurturing, support, and compassion. There is no visual evidence to suggest harm, unfairness, or any other moral concern.""
}",
prompt-results-v1,visual-cue-prompt-pilot-v1,010ecf86752795948c65f735a12ca5ef23a0b79726346feeeec6b2e8a0d97fd9,20260905,4abacadab7776f19f410667a58dab254f25527fef3a254f29b2f95a6ed48d37c,e3298e19f1604038be8bb609cac032a2bf41ffcd854877f48bbc61210b8ed79c,,69,2,7,3,p1,p1-structured-control-v1-2026-09-05,b9621814e5a2bb839e6f399c5bf42940989a14efca909b15427ab68e3ae9432d,b0df04e619c332a72d33e5061a92e225ef3b9a537c9dcb40ee78e063f56dfcdd,1-1,1-1.jpg,images/1-1.jpg,16c8b6ef21bd106f6229643ab02fee435a73563485160c64d5eac9e5c19d2f44,qwen36,Alibaba Cloud Model Studio,qwen3.6-flash-2026-04-16,qwen3.6-flash-2026-04-16,2.48.0,0,"{""enable_thinking"": false}",provider_default,2026-09-05T23:24:05.469356+00:00,2026-09-05T23:24:06.583456+00:00,1.114,1,success,Care,95,"The image visually depicts an adult holding a child in a manner that suggests nurturing and protection. The child's expression of joy or laughter and the gentle embrace strongly convey a theme of compassion, support, and well-being, which aligns directly with the 'Care' category. No evidence of harm, unfairness, or other moral violations is present.",,,,,1297,97,,1394,"{
  ""label"": ""Care"",
  ""confidence"": 95,
  ""brief_reason"": ""The image visually depicts an adult holding a child in a manner that suggests nurturing and protection. The child's expression of joy or laughter and the gentle embrace strongly convey a theme of compassion, support, and well-being, which aligns directly with the 'Care' category. No evidence of harm, unfairness, or other moral violations is present.""
}",
prompt-results-v1,visual-cue-prompt-pilot-v1,010ecf86752795948c65f735a12ca5ef23a0b79726346feeeec6b2e8a0d97fd9,20260905,4abacadab7776f19f410667a58dab254f25527fef3a254f29b2f95a6ed48d37c,aca31fc0cff032df90313ab18cad41b292d594095a2bfacbc0634f6217eb0038,,70,2,8,1,p2,p2-blind-nonoverlap-cues-v1-2026-09-05,482dce5b0ed5faf3ec20bdf32b51d0eb2212e901d18dde12a59c1f710160df8d,b0df04e619c332a72d33e5061a92e225ef3b9a537c9dcb40ee78e063f56dfcdd,37-3,37-3.jpg,images/37-3.jpg,368cf7b7ef47e0933e9b60541ae321361571d2dbc8bd6b7deb0dc657f9a54e21,qwen36,Alibaba Cloud Model Studio,qwen3.6-flash-2026-04-16,qwen3.6-flash-2026-04-16,2.48.0,0,"{""enable_thinking"": false}",provider_default,2026-09-05T23:24:07.115356+00:00,2026-09-05T23:24:11.279235+00:00,4.164,1,success,Harm,85,"The image visually depicts a person in a state of severe emotional distress and suffering. The subject's red eyes, pained expression, and posture (holding head) combined with the squalid environment (trash, takeout boxes) strongly convey visible psychological harm or abuse. While 'Care' is relevant to the need for support, the primary moral focus of the scene is the evident suffering and negative condition of the individual.",,,,,2432,113,,2545,"{
  ""label"": ""Harm"",
  ""confidence"": 85,
  ""brief_reason"": ""The image visually depicts a person in a state of severe emotional distress and suffering. The subject's red eyes, pained expression, and posture (holding head) combined with the squalid environment (trash, takeout boxes) strongly convey visible psychological harm or abuse. While 'Care' is relevant to the need for support, the primary moral focus of the scene is the evident suffering and negative condition of the individual.""
}",
prompt-results-v1,visual-cue-prompt-pilot-v1,010ecf86752795948c65f735a12ca5ef23a0b79726346feeeec6b2e8a0d97fd9,20260905,4abacadab7776f19f410667a58dab254f25527fef3a254f29b2f95a6ed48d37c,d3937f0d1d742f5be82b5aae0ecc87c78ba5392962d041a4697e9928f406475c,,71,2,8,2,p0,p0-baseline-v2,1c1a1676abde21bda6ea8cf6eef5a6ca2bb99ecef928005f0fe5aed4769d0fa1,b0df04e619c332a72d33e5061a92e225ef3b9a537c9dcb40ee78e063f56dfcdd,37-3,37-3.jpg,images/37-3.jpg,368cf7b7ef47e0933e9b60541ae321361571d2dbc8bd6b7deb0dc657f9a54e21,qwen36,Alibaba Cloud Model Studio,qwen3.6-flash-2026-04-16,qwen3.6-flash-2026-04-16,2.48.0,0,"{""enable_thinking"": false}",provider_default,2026-09-05T23:24:11.800476+00:00,2026-09-05T23:24:16.305276+00:00,4.505,1,success,Harm,85,"The image visually depicts a person in a state of severe emotional distress and suffering. The subject's body language (head in hand), facial expression (tears, furrowed brow), and the surrounding environment (messy room, trash) strongly convey psychological pain and vulnerability. While the specific cause is not visible, the primary moral concern conveyed by the scene is the evident harm or suffering being experienced by the individual.",,,,,2011,112,,2123,"{
  ""label"": ""Harm"",
  ""confidence"": 85,
  ""brief_reason"": ""The image visually depicts a person in a state of severe emotional distress and suffering. The subject's body language (head in hand), facial expression (tears, furrowed brow), and the surrounding environment (messy room, trash) strongly convey psychological pain and vulnerability. While the specific cause is not visible, the primary moral concern conveyed by the scene is the evident harm or suffering being experienced by the individual.""
}",
prompt-results-v1,visual-cue-prompt-pilot-v1,010ecf86752795948c65f735a12ca5ef23a0b79726346feeeec6b2e8a0d97fd9,20260905,4abacadab7776f19f410667a58dab254f25527fef3a254f29b2f95a6ed48d37c,73131845eb0c085d306ad2dba1b6032b112374b0766895b2fdf93f9eac57d72e,,72,2,8,3,p1,p1-structured-control-v1-2026-09-05,b9621814e5a2bb839e6f399c5bf42940989a14efca909b15427ab68e3ae9432d,b0df04e619c332a72d33e5061a92e225ef3b9a537c9dcb40ee78e063f56dfcdd,37-3,37-3.jpg,images/37-3.jpg,368cf7b7ef47e0933e9b60541ae321361571d2dbc8bd6b7deb0dc657f9a54e21,qwen36,Alibaba Cloud Model Studio,qwen3.6-flash-2026-04-16,qwen3.6-flash-2026-04-16,2.48.0,0,"{""enable_thinking"": false}",provider_default,2026-09-05T23:24:16.833332+00:00,2026-09-05T23:24:21.293214+00:00,4.46,1,success,Harm,85,"The image visually depicts a person in a state of severe emotional distress and suffering. The subject's red eyes, tearful expression, and posture (holding head) indicate significant psychological pain or trauma. The surrounding environment—messy room, trash, discarded food—reinforces a narrative of personal crisis or self-neglect. While the source of the distress is not explicitly shown, the visible condition of the individual represents a clear instance of suffering, which falls under the category of Harm.",,,,,2251,126,,2377,"{
  ""label"": ""Harm"",
  ""confidence"": 85,
  ""brief_reason"": ""The image visually depicts a person in a state of severe emotional distress and suffering. The subject's red eyes, tearful expression, and posture (holding head) indicate significant psychological pain or trauma. The surrounding environment—messy room, trash, discarded food—reinforces a narrative of personal crisis or self-neglect. While the source of the distress is not explicitly shown, the visible condition of the individual represents a clear instance of suffering, which falls under the category of Harm.""
}",
prompt-results-v1,visual-cue-prompt-pilot-v1,010ecf86752795948c65f735a12ca5ef23a0b79726346feeeec6b2e8a0d97fd9,20260905,4abacadab7776f19f410667a58dab254f25527fef3a254f29b2f95a6ed48d37c,ccc0135348728ff44270fbf0d393a7e854af5542f753dbed0f153c716f2b4e99,,73,2,9,1,p2,p2-blind-nonoverlap-cues-v1-2026-09-05,482dce5b0ed5faf3ec20bdf32b51d0eb2212e901d18dde12a59c1f710160df8d,b0df04e619c332a72d33e5061a92e225ef3b9a537c9dcb40ee78e063f56dfcdd,34-4,34-4.jpg,images/34-4.jpg,54b77dd8508b18cc320701e2e5d4c650978915a6fa05d172f0e86ddea6abe0a1,qwen36,Alibaba Cloud Model Studio,qwen3.6-flash-2026-04-16,qwen3.6-flash-2026-04-16,2.48.0,0,"{""enable_thinking"": false}",provider_default,2026-09-05T23:24:21.822281+00:00,2026-09-05T23:24:28.206603+00:00,6.384,1,success,Harm,85,"The image depicts a person in a state of visible distress and physical suffering (hunched posture, isolation) within a degrading environment. The presence of surveillance equipment, 'CRITICAL' health warnings on monitors, and signs indicating 'PROTOCOL FAILURE' strongly suggests that the subject is enduring abuse, neglect, or cruel treatment. While the setting implies a lack of Care, the primary moral concern conveyed by the visual evidence of suffering and the 'critical' nature of the situation is Harm.",,,,,2432,126,,2558,"{
  ""label"": ""Harm"",
  ""confidence"": 85,
  ""brief_reason"": ""The image depicts a person in a state of visible distress and physical suffering (hunched posture, isolation) within a degrading environment. The presence of surveillance equipment, 'CRITICAL' health warnings on monitors, and signs indicating 'PROTOCOL FAILURE' strongly suggests that the subject is enduring abuse, neglect, or cruel treatment. While the setting implies a lack of Care, the primary moral concern conveyed by the visual evidence of suffering and the 'critical' nature of the situation is Harm.""
}",
prompt-results-v1,visual-cue-prompt-pilot-v1,010ecf86752795948c65f735a12ca5ef23a0b79726346feeeec6b2e8a0d97fd9,20260905,4abacadab7776f19f410667a58dab254f25527fef3a254f29b2f95a6ed48d37c,9bc6b3aa8926d85629d298d8805474877af1f96cb83eee87f8bd7e73c2d3eb82,,74,2,9,2,p0,p0-baseline-v2,1c1a1676abde21bda6ea8cf6eef5a6ca2bb99ecef928005f0fe5aed4769d0fa1,b0df04e619c332a72d33e5061a92e225ef3b9a537c9dcb40ee78e063f56dfcdd,34-4,34-4.jpg,images/34-4.jpg,54b77dd8508b18cc320701e2e5d4c650978915a6fa05d172f0e86ddea6abe0a1,qwen36,Alibaba Cloud Model Studio,qwen3.6-flash-2026-04-16,qwen3.6-flash-2026-04-16,2.48.0,0,"{""enable_thinking"": false}",provider_default,2026-09-05T23:24:28.734156+00:00,2026-09-05T23:24:35.122077+00:00,6.388,1,success,Harm,85,"The image depicts a person in a state of visible distress and suffering within a degrading environment. The visual evidence includes the subject's huddled posture, the 'CRITICAL STRESS' vital signs monitor, the 'PROTOCOL FAILURE' stamp, and the overall grim, surveillance-heavy setting. These elements strongly convey physical or emotional suffering and abuse, making Harm the primary moral concern. While Degradation is also relevant due to the squalid conditions, the focus on the individual's acute distress and the 'critical' nature of their condition prioritizes the concept of harm.",,,,,2011,144,,2155,"{
  ""label"": ""Harm"",
  ""confidence"": 85,
  ""brief_reason"": ""The image depicts a person in a state of visible distress and suffering within a degrading environment. The visual evidence includes the subject's huddled posture, the 'CRITICAL STRESS' vital signs monitor, the 'PROTOCOL FAILURE' stamp, and the overall grim, surveillance-heavy setting. These elements strongly convey physical or emotional suffering and abuse, making Harm the primary moral concern. While Degradation is also relevant due to the squalid conditions, the focus on the individual's acute distress and the 'critical' nature of their condition prioritizes the concept of harm.""
}",
prompt-results-v1,visual-cue-prompt-pilot-v1,010ecf86752795948c65f735a12ca5ef23a0b79726346feeeec6b2e8a0d97fd9,20260905,4abacadab7776f19f410667a58dab254f25527fef3a254f29b2f95a6ed48d37c,2af6b4d450e01b1edb94b22a7548f8ebbbc9f19129a9a17c44e28d601a5d2756,,75,2,9,3,p1,p1-structured-control-v1-2026-09-05,b9621814e5a2bb839e6f399c5bf42940989a14efca909b15427ab68e3ae9432d,b0df04e619c332a72d33e5061a92e225ef3b9a537c9dcb40ee78e063f56dfcdd,34-4,34-4.jpg,images/34-4.jpg,54b77dd8508b18cc320701e2e5d4c650978915a6fa05d172f0e86ddea6abe0a1,qwen36,Alibaba Cloud Model Studio,qwen3.6-flash-2026-04-16,qwen3.6-flash-2026-04-16,2.48.0,0,"{""enable_thinking"": false}",provider_default,2026-09-05T23:24:35.644616+00:00,2026-09-05T23:24:41.489535+00:00,5.845,1,success,Harm,85,"The image depicts a person in a state of visible distress (hunched posture, head down) within a degrading environment characterized by rust, grime, and surveillance. The presence of medical monitors displaying 'CRITICAL STRESS' and 'IRREGULAR' vitals, alongside signs indicating 'PROTOCOL FAILURE', strongly suggests the subject is undergoing physical or emotional suffering and harm. While elements of degradation (filthy room) and lack of care are present, the active indicators of physiological distress and the 'critical' nature of the situation make Harm the primary moral concern.",,,,,2251,143,,2394,"{
  ""label"": ""Harm"",
  ""confidence"": 85,
  ""brief_reason"": ""The image depicts a person in a state of visible distress (hunched posture, head down) within a degrading environment characterized by rust, grime, and surveillance. The presence of medical monitors displaying 'CRITICAL STRESS' and 'IRREGULAR' vitals, alongside signs indicating 'PROTOCOL FAILURE', strongly suggests the subject is undergoing physical or emotional suffering and harm. While elements of degradation (filthy room) and lack of care are present, the active indicators of physiological distress and the 'critical' nature of the situation make Harm the primary moral concern.""
}",
prompt-results-v1,visual-cue-prompt-pilot-v1,010ecf86752795948c65f735a12ca5ef23a0b79726346feeeec6b2e8a0d97fd9,20260905,4abacadab7776f19f410667a58dab254f25527fef3a254f29b2f95a6ed48d37c,b25522641432336775aa6f2e7186afb5946a12ee7b7511b8f04021cc4ce30a62,,76,2,10,1,p2,p2-blind-nonoverlap-cues-v1-2026-09-05,482dce5b0ed5faf3ec20bdf32b51d0eb2212e901d18dde12a59c1f710160df8d,b0df04e619c332a72d33e5061a92e225ef3b9a537c9dcb40ee78e063f56dfcdd,15-3,15-3.jpg,images/15-3.jpg,6f28dbc5170e67ac96e4ab80c38be2299d567d14bc2e675cad060a9c0181f35c,qwen36,Alibaba Cloud Model Studio,qwen3.6-flash-2026-04-16,qwen3.6-flash-2026-04-16,2.48.0,0,"{""enable_thinking"": false}",provider_default,2026-09-05T23:24:42.019503+00:00,2026-09-05T23:24:49.023603+00:00,7.004,1,success,Care,85,"The image depicts a scene strongly resembling a medical or disaster response training exercise. The presence of a soldier in full combat gear interacting with individuals wearing prosthetic 'blood' makeup (indicating simulated injury) alongside a person in a Red Cross vest suggests a scenario focused on emergency aid and casualty care. The primary moral theme conveyed by the interaction between these roles is the provision of help and support to those in need (Care). While it involves military personnel, there is no visual evidence of actual violence or harm being inflicted, making 'Harm' incorrect. It is not clearly about fairness, loyalty, or authority dynamics.",,,,,3909,151,,4060,"{
  ""label"": ""Care"",
  ""confidence"": 85,
  ""brief_reason"": ""The image depicts a scene strongly resembling a medical or disaster response training exercise. The presence of a soldier in full combat gear interacting with individuals wearing prosthetic 'blood' makeup (indicating simulated injury) alongside a person in a Red Cross vest suggests a scenario focused on emergency aid and casualty care. The primary moral theme conveyed by the interaction between these roles is the provision of help and support to those in need (Care). While it involves military personnel, there is no visual evidence of actual violence or harm being inflicted, making 'Harm' incorrect. It is not clearly about fairness, loyalty, or authority dynamics.""
}",
prompt-results-v1,visual-cue-prompt-pilot-v1,010ecf86752795948c65f735a12ca5ef23a0b79726346feeeec6b2e8a0d97fd9,20260905,4abacadab7776f19f410667a58dab254f25527fef3a254f29b2f95a6ed48d37c,87c658ca5890fa6aaa516f7866f151f9b5ab5c6ff3cb7df715b1d284198a12a1,,77,2,10,2,p0,p0-baseline-v2,1c1a1676abde21bda6ea8cf6eef5a6ca2bb99ecef928005f0fe5aed4769d0fa1,b0df04e619c332a72d33e5061a92e225ef3b9a537c9dcb40ee78e063f56dfcdd,15-3,15-3.jpg,images/15-3.jpg,6f28dbc5170e67ac96e4ab80c38be2299d567d14bc2e675cad060a9c0181f35c,qwen36,Alibaba Cloud Model Studio,qwen3.6-flash-2026-04-16,qwen3.6-flash-2026-04-16,2.48.0,0,"{""enable_thinking"": false}",provider_default,2026-09-05T23:24:49.553264+00:00,2026-09-05T23:24:57.618171+00:00,8.065,1,success,Care,85,"The image depicts a scene that strongly resembles a medical or humanitarian training exercise. The presence of a soldier in full combat gear alongside an individual wearing a Red Cross vest suggests a focus on emergency response and aid. The interaction between the figures appears to be instructional or supportive rather than adversarial. This aligns with the category of 'Care,' which encompasses compassion, helping, and protection from harm. While the context is likely a simulation (training), the primary moral theme conveyed by the visual symbols (Red Cross) and roles (soldier/medic) is the provision of care and assistance.",,,,,3488,146,,3634,"{
  ""label"": ""Care"",
  ""confidence"": 85,
  ""brief_reason"": ""The image depicts a scene that strongly resembles a medical or humanitarian training exercise. The presence of a soldier in full combat gear alongside an individual wearing a Red Cross vest suggests a focus on emergency response and aid. The interaction between the figures appears to be instructional or supportive rather than adversarial. This aligns with the category of 'Care,' which encompasses compassion, helping, and protection from harm. While the context is likely a simulation (training), the primary moral theme conveyed by the visual symbols (Red Cross) and roles (soldier/medic) is the provision of care and assistance.""
}",
prompt-results-v1,visual-cue-prompt-pilot-v1,010ecf86752795948c65f735a12ca5ef23a0b79726346feeeec6b2e8a0d97fd9,20260905,4abacadab7776f19f410667a58dab254f25527fef3a254f29b2f95a6ed48d37c,33a180ca3c3f506feb3a5f4c1322db6420a4a27cde3f52a10815b2dcd4cd30eb,,78,2,10,3,p1,p1-structured-control-v1-2026-09-05,b9621814e5a2bb839e6f399c5bf42940989a14efca909b15427ab68e3ae9432d,b0df04e619c332a72d33e5061a92e225ef3b9a537c9dcb40ee78e063f56dfcdd,15-3,15-3.jpg,images/15-3.jpg,6f28dbc5170e67ac96e4ab80c38be2299d567d14bc2e675cad060a9c0181f35c,qwen36,Alibaba Cloud Model Studio,qwen3.6-flash-2026-04-16,qwen3.6-flash-2026-04-16,2.48.0,0,"{""enable_thinking"": false}",provider_default,2026-09-05T23:24:58.146575+00:00,2026-09-05T23:25:14.524057+00:00,16.377,1,success,Care,85,"The image depicts a scene that strongly resembles a medical or humanitarian training exercise. The presence of a soldier in full combat gear interacting with individuals wearing traditional clothing and a person in a Red Cross vest suggests a context of aid, protection, or emergency response. The primary moral theme conveyed by these symbols (military protection, medical assistance) is concern for well-being and safety. While the specific interaction could be interpreted as communication or instruction, the overarching visual narrative points towards Care rather than conflict (Harm), authority dynamics (Respect/Authority), or other categories.",,,,,3728,140,,3868,"{
  ""label"": ""Care"",
  ""confidence"": 85,
  ""brief_reason"": ""The image depicts a scene that strongly resembles a medical or humanitarian training exercise. The presence of a soldier in full combat gear interacting with individuals wearing traditional clothing and a person in a Red Cross vest suggests a context of aid, protection, or emergency response. The primary moral theme conveyed by these symbols (military protection, medical assistance) is concern for well-being and safety. While the specific interaction could be interpreted as communication or instruction, the overarching visual narrative points towards Care rather than conflict (Harm), authority dynamics (Respect/Authority), or other categories.""
}",
prompt-results-v1,visual-cue-prompt-pilot-v1,010ecf86752795948c65f735a12ca5ef23a0b79726346feeeec6b2e8a0d97fd9,20260905,4abacadab7776f19f410667a58dab254f25527fef3a254f29b2f95a6ed48d37c,af1a578e77f62fe6d414ea88929a184c9953b0f550a2b9ef4227dc9e142678c9,,79,2,11,1,p1,p1-structured-control-v1-2026-09-05,b9621814e5a2bb839e6f399c5bf42940989a14efca909b15427ab68e3ae9432d,b0df04e619c332a72d33e5061a92e225ef3b9a537c9dcb40ee78e063f56dfcdd,25-2,25-2.jpg,images/25-2.jpg,f2c8b7b650119d1d77c11d0589ceb662f0e41da70262e74f89249661c27fd484,qwen36,Alibaba Cloud Model Studio,qwen3.6-flash-2026-04-16,qwen3.6-flash-2026-04-16,2.48.0,0,"{""enable_thinking"": false}",provider_default,2026-09-05T23:25:15.054861+00:00,2026-09-05T23:25:19.241918+00:00,4.187,1,success,Fairness,85,"The image depicts a public demonstration featuring a large rainbow flag and participants actively protesting. The primary moral concern conveyed by such scenes is typically the pursuit of justice, equality, and equal rights for a specific group, which aligns with the 'Fairness' category. While elements like solidarity (Loyalty) are present, the overarching purpose of a protest march is generally to address perceived inequities or demand fair treatment.",,,,,2251,113,,2364,"{
  ""label"": ""Fairness"",
  ""confidence"": 85,
  ""brief_reason"": ""The image depicts a public demonstration featuring a large rainbow flag and participants actively protesting. The primary moral concern conveyed by such scenes is typically the pursuit of justice, equality, and equal rights for a specific group, which aligns with the 'Fairness' category. While elements like solidarity (Loyalty) are present, the overarching purpose of a protest march is generally to address perceived inequities or demand fair treatment.""
}",
prompt-results-v1,visual-cue-prompt-pilot-v1,010ecf86752795948c65f735a12ca5ef23a0b79726346feeeec6b2e8a0d97fd9,20260905,4abacadab7776f19f410667a58dab254f25527fef3a254f29b2f95a6ed48d37c,60c5a59ff807b98eb2d12973ee69363165cdeecad603a7247aa51fc55a3fd18a,,80,2,11,2,p2,p2-blind-nonoverlap-cues-v1-2026-09-05,482dce5b0ed5faf3ec20bdf32b51d0eb2212e901d18dde12a59c1f710160df8d,b0df04e619c332a72d33e5061a92e225ef3b9a537c9dcb40ee78e063f56dfcdd,25-2,25-2.jpg,images/25-2.jpg,f2c8b7b650119d1d77c11d0589ceb662f0e41da70262e74f89249661c27fd484,qwen36,Alibaba Cloud Model Studio,qwen3.6-flash-2026-04-16,qwen3.6-flash-2026-04-16,2.48.0,0,"{""enable_thinking"": false}",provider_default,2026-09-05T23:25:19.774365+00:00,2026-09-05T23:25:24.593972+00:00,4.82,1,success,Fairness,85,"The image depicts a public demonstration featuring a large rainbow flag and participants actively chanting or shouting. These visual cues strongly indicate a protest advocating for civil rights, equality, and social justice, which aligns with the 'Fairness' category concerning rights and equitable treatment. While 'Loyalty' (solidarity) is present in the group dynamic, the primary moral purpose of such a gathering is typically to address issues of fairness and rights.",,,,,2432,116,,2548,"{
  ""label"": ""Fairness"",
  ""confidence"": 85,
  ""brief_reason"": ""The image depicts a public demonstration featuring a large rainbow flag and participants actively chanting or shouting. These visual cues strongly indicate a protest advocating for civil rights, equality, and social justice, which aligns with the 'Fairness' category concerning rights and equitable treatment. While 'Loyalty' (solidarity) is present in the group dynamic, the primary moral purpose of such a gathering is typically to address issues of fairness and rights.""
}",
prompt-results-v1,visual-cue-prompt-pilot-v1,010ecf86752795948c65f735a12ca5ef23a0b79726346feeeec6b2e8a0d97fd9,20260905,4abacadab7776f19f410667a58dab254f25527fef3a254f29b2f95a6ed48d37c,f7b69bfc718824a7654c098842f484aff58bf834876bc01f620435f2a6789617,,81,2,11,3,p0,p0-baseline-v2,1c1a1676abde21bda6ea8cf6eef5a6ca2bb99ecef928005f0fe5aed4769d0fa1,b0df04e619c332a72d33e5061a92e225ef3b9a537c9dcb40ee78e063f56dfcdd,25-2,25-2.jpg,images/25-2.jpg,f2c8b7b650119d1d77c11d0589ceb662f0e41da70262e74f89249661c27fd484,qwen36,Alibaba Cloud Model Studio,qwen3.6-flash-2026-04-16,qwen3.6-flash-2026-04-16,2.48.0,0,"{""enable_thinking"": false}",provider_default,2026-09-05T23:25:25.125543+00:00,2026-09-05T23:25:29.906228+00:00,4.781,1,success,Fairness,95,"The image depicts a public demonstration featuring a large rainbow flag, which is a widely recognized symbol for the LGBTQ+ community. The participants are actively protesting and advocating for rights and equality. This visual context strongly aligns with the category of Fairness, which encompasses concerns for justice, equality, and rights. While elements of Loyalty (solidarity among protesters) and Subversion (challenging status quo) are present, the primary moral theme conveyed by a rights-based protest is the pursuit of fairness and equal treatment.",,,,,2011,132,,2143,"{
  ""label"": ""Fairness"",
  ""confidence"": 95,
  ""brief_reason"": ""The image depicts a public demonstration featuring a large rainbow flag, which is a widely recognized symbol for the LGBTQ+ community. The participants are actively protesting and advocating for rights and equality. This visual context strongly aligns with the category of Fairness, which encompasses concerns for justice, equality, and rights. While elements of Loyalty (solidarity among protesters) and Subversion (challenging status quo) are present, the primary moral theme conveyed by a rights-based protest is the pursuit of fairness and equal treatment.""
}",
prompt-results-v1,visual-cue-prompt-pilot-v1,010ecf86752795948c65f735a12ca5ef23a0b79726346feeeec6b2e8a0d97fd9,20260905,4abacadab7776f19f410667a58dab254f25527fef3a254f29b2f95a6ed48d37c,033b557a61353fb5d2f370ee903d6a85edec48e8604ea656ceecf4b6978dea7f,,82,2,12,1,p0,p0-baseline-v2,1c1a1676abde21bda6ea8cf6eef5a6ca2bb99ecef928005f0fe5aed4769d0fa1,b0df04e619c332a72d33e5061a92e225ef3b9a537c9dcb40ee78e063f56dfcdd,16-2,16-2.jpg,images/16-2.jpg,b19fe338347260d6f82e12bf5b43634b2f0503089cdbb715f9dfe13c1d5639b4,qwen36,Alibaba Cloud Model Studio,qwen3.6-flash-2026-04-16,qwen3.6-flash-2026-04-16,2.48.0,0,"{""enable_thinking"": false}",provider_default,2026-09-05T23:25:30.432212+00:00,2026-09-05T23:25:33.736124+00:00,3.304,1,success,Harm,95,"The image explicitly depicts a violent physical altercation where one individual is choking another. The visible distress, facial expressions of pain and aggression, and the act of strangulation clearly convey physical suffering and violence, which falls squarely under the category of Harm.",,,,,1515,77,,1592,"{
  ""label"": ""Harm"",
  ""confidence"": 95,
  ""brief_reason"": ""The image explicitly depicts a violent physical altercation where one individual is choking another. The visible distress, facial expressions of pain and aggression, and the act of strangulation clearly convey physical suffering and violence, which falls squarely under the category of Harm.""
}",
prompt-results-v1,visual-cue-prompt-pilot-v1,010ecf86752795948c65f735a12ca5ef23a0b79726346feeeec6b2e8a0d97fd9,20260905,4abacadab7776f19f410667a58dab254f25527fef3a254f29b2f95a6ed48d37c,39ce89694ac0beb3b3a1c2b9b0eb9ff3d2b64478224c94b7a11752387a6853dc,,83,2,12,2,p1,p1-structured-control-v1-2026-09-05,b9621814e5a2bb839e6f399c5bf42940989a14efca909b15427ab68e3ae9432d,b0df04e619c332a72d33e5061a92e225ef3b9a537c9dcb40ee78e063f56dfcdd,16-2,16-2.jpg,images/16-2.jpg,b19fe338347260d6f82e12bf5b43634b2f0503089cdbb715f9dfe13c1d5639b4,qwen36,Alibaba Cloud Model Studio,qwen3.6-flash-2026-04-16,qwen3.6-flash-2026-04-16,2.48.0,0,"{""enable_thinking"": false}",provider_default,2026-09-05T23:25:34.267052+00:00,2026-09-05T23:25:37.811618+00:00,3.545,1,success,Harm,95,"The image explicitly depicts a scene of physical violence and suffering. One individual is shown in the act of physically restraining another from behind (a chokehold), while the victim displays visible signs of extreme distress, pain, and struggle. This aligns directly with the category of Harm, which covers physical injury, abuse, and cruelty.",,,,,1755,94,,1849,"{
  ""label"": ""Harm"",
  ""confidence"": 95,
  ""brief_reason"": ""The image explicitly depicts a scene of physical violence and suffering. One individual is shown in the act of physically restraining another from behind (a chokehold), while the victim displays visible signs of extreme distress, pain, and struggle. This aligns directly with the category of Harm, which covers physical injury, abuse, and cruelty.""
}",
prompt-results-v1,visual-cue-prompt-pilot-v1,010ecf86752795948c65f735a12ca5ef23a0b79726346feeeec6b2e8a0d97fd9,20260905,4abacadab7776f19f410667a58dab254f25527fef3a254f29b2f95a6ed48d37c,7c5e8128be77f1ddee4250cf7718a2435c02346d3fd5ec62d2cede133d227d87,,84,2,12,3,p2,p2-blind-nonoverlap-cues-v1-2026-09-05,482dce5b0ed5faf3ec20bdf32b51d0eb2212e901d18dde12a59c1f710160df8d,b0df04e619c332a72d33e5061a92e225ef3b9a537c9dcb40ee78e063f56dfcdd,16-2,16-2.jpg,images/16-2.jpg,b19fe338347260d6f82e12bf5b43634b2f0503089cdbb715f9dfe13c1d5639b4,qwen36,Alibaba Cloud Model Studio,qwen3.6-flash-2026-04-16,qwen3.6-flash-2026-04-16,2.48.0,0,"{""enable_thinking"": false}",provider_default,2026-09-05T23:25:38.335925+00:00,2026-09-05T23:25:41.287659+00:00,2.952,1,success,Harm,95,"The image explicitly depicts a physical altercation where one individual is aggressively restraining another from behind. The visible distress on the faces of both subjects and the aggressive nature of the physical contact (grasping the neck/chest area) strongly convey violence and physical suffering, which falls squarely under the category of Harm.",,,,,1936,89,,2025,"{
  ""label"": ""Harm"",
  ""confidence"": 95,
  ""brief_reason"": ""The image explicitly depicts a physical altercation where one individual is aggressively restraining another from behind. The visible distress on the faces of both subjects and the aggressive nature of the physical contact (grasping the neck/chest area) strongly convey violence and physical suffering, which falls squarely under the category of Harm.""
}",
prompt-results-v1,visual-cue-prompt-pilot-v1,010ecf86752795948c65f735a12ca5ef23a0b79726346feeeec6b2e8a0d97fd9,20260905,4abacadab7776f19f410667a58dab254f25527fef3a254f29b2f95a6ed48d37c,ed8cf6d9f738d2b8e6390e78441806efc7366005e75d8aa22544d928322ade1b,,85,2,13,1,p1,p1-structured-control-v1-2026-09-05,b9621814e5a2bb839e6f399c5bf42940989a14efca909b15427ab68e3ae9432d,b0df04e619c332a72d33e5061a92e225ef3b9a537c9dcb40ee78e063f56dfcdd,5-1,5-1.jpg,images/5-1.jpg,589bad34aefce12c54edbac3b2719b2364fea38829d953c2dd548960607a1ff1,qwen36,Alibaba Cloud Model Studio,qwen3.6-flash-2026-04-16,qwen3.6-flash-2026-04-16,2.48.0,0,"{""enable_thinking"": false}",provider_default,2026-09-05T23:25:41.812844+00:00,2026-09-05T23:25:43.742419+00:00,1.93,1,success,Harm,95,"The image prominently features a young boy in the foreground with visible tears streaming down his face and his mouth open in a scream or cry of distress. This direct visual evidence of intense emotional suffering and anguish makes 'Harm' the most appropriate category, as it captures the primary moral concern of visible pain and distress.",,,,,1737,91,,1828,"{
  ""label"": ""Harm"",
  ""confidence"": 95,
  ""brief_reason"": ""The image prominently features a young boy in the foreground with visible tears streaming down his face and his mouth open in a scream or cry of distress. This direct visual evidence of intense emotional suffering and anguish makes 'Harm' the most appropriate category, as it captures the primary moral concern of visible pain and distress.""
}",
prompt-results-v1,visual-cue-prompt-pilot-v1,010ecf86752795948c65f735a12ca5ef23a0b79726346feeeec6b2e8a0d97fd9,20260905,4abacadab7776f19f410667a58dab254f25527fef3a254f29b2f95a6ed48d37c,f6185d3ae0830fee90b6eb99c8f51f344ecefc42abde7e7af05c25818fcda105,,86,2,13,2,p2,p2-blind-nonoverlap-cues-v1-2026-09-05,482dce5b0ed5faf3ec20bdf32b51d0eb2212e901d18dde12a59c1f710160df8d,b0df04e619c332a72d33e5061a92e225ef3b9a537c9dcb40ee78e063f56dfcdd,5-1,5-1.jpg,images/5-1.jpg,589bad34aefce12c54edbac3b2719b2364fea38829d953c2dd548960607a1ff1,qwen36,Alibaba Cloud Model Studio,qwen3.6-flash-2026-04-16,qwen3.6-flash-2026-04-16,2.48.0,0,"{""enable_thinking"": false}",provider_default,2026-09-05T23:25:44.265017+00:00,2026-09-05T23:25:47.587480+00:00,3.322,1,success,Harm,95,"The image prominently features a young boy in the foreground with an expression of intense emotional suffering, crying with his mouth open. The surrounding crowd displays visible distress, anxiety, and desperation through their facial expressions and body language (e.g., hands raised). This visual evidence of acute psychological pain and distress aligns best with the category of Harm, which covers emotional suffering.",,,,,1918,101,,2019,"{
  ""label"": ""Harm"",
  ""confidence"": 95,
  ""brief_reason"": ""The image prominently features a young boy in the foreground with an expression of intense emotional suffering, crying with his mouth open. The surrounding crowd displays visible distress, anxiety, and desperation through their facial expressions and body language (e.g., hands raised). This visual evidence of acute psychological pain and distress aligns best with the category of Harm, which covers emotional suffering.""
}",
prompt-results-v1,visual-cue-prompt-pilot-v1,010ecf86752795948c65f735a12ca5ef23a0b79726346feeeec6b2e8a0d97fd9,20260905,4abacadab7776f19f410667a58dab254f25527fef3a254f29b2f95a6ed48d37c,331ef16b2b9a813435ed7fc211e8be124fce69ba33ad72c4679bc54ac76f7777,,87,2,13,3,p0,p0-baseline-v2,1c1a1676abde21bda6ea8cf6eef5a6ca2bb99ecef928005f0fe5aed4769d0fa1,b0df04e619c332a72d33e5061a92e225ef3b9a537c9dcb40ee78e063f56dfcdd,5-1,5-1.jpg,images/5-1.jpg,589bad34aefce12c54edbac3b2719b2364fea38829d953c2dd548960607a1ff1,qwen36,Alibaba Cloud Model Studio,qwen3.6-flash-2026-04-16,qwen3.6-flash-2026-04-16,2.48.0,0,"{""enable_thinking"": false}",provider_default,2026-09-05T23:25:48.113811+00:00,2026-09-05T23:25:50.265273+00:00,2.151,1,success,Harm,95,"The image prominently features a young boy in the foreground with his mouth open in a scream and tears streaming down his face, conveying intense emotional suffering. The surrounding crowd displays expressions of distress, anxiety, and desperation. This visible evidence of acute psychological pain and vulnerability makes 'Harm' (specifically emotional suffering) the primary moral concern conveyed by the scene.",,,,,1497,100,,1597,"{
  ""label"": ""Harm"",
  ""confidence"": 95,
  ""brief_reason"": ""The image prominently features a young boy in the foreground with his mouth open in a scream and tears streaming down his face, conveying intense emotional suffering. The surrounding crowd displays expressions of distress, anxiety, and desperation. This visible evidence of acute psychological pain and vulnerability makes 'Harm' (specifically emotional suffering) the primary moral concern conveyed by the scene.""
}",
prompt-results-v1,visual-cue-prompt-pilot-v1,010ecf86752795948c65f735a12ca5ef23a0b79726346feeeec6b2e8a0d97fd9,20260905,4abacadab7776f19f410667a58dab254f25527fef3a254f29b2f95a6ed48d37c,086915fcc92f597161af2dffd42e98745e508b0605bc054222170fcd350ae2c6,,88,2,14,1,p1,p1-structured-control-v1-2026-09-05,b9621814e5a2bb839e6f399c5bf42940989a14efca909b15427ab68e3ae9432d,b0df04e619c332a72d33e5061a92e225ef3b9a537c9dcb40ee78e063f56dfcdd,o-1,o-1.jpg,images/o-1.jpg,465ce5e16a46ae2345602e9171dd9d71e3f2541db1587e0b00b60a3ad76e919e,qwen36,Alibaba Cloud Model Studio,qwen3.6-flash-2026-04-16,qwen3.6-flash-2026-04-16,2.48.0,0,"{""enable_thinking"": false}",provider_default,2026-09-05T23:25:50.794032+00:00,2026-09-05T23:25:53.544751+00:00,2.751,1,success,None of these / Not clearly moral in nature,95,"The image depicts two students sitting at a desk, appearing to be focused on writing or taking an exam. While the proximity of the students might suggest the possibility of cheating (Category 4), there is no visible evidence of rule-breaking, deception, or unfair advantage; they are simply performing a standard academic task. Similarly, there are no visual indicators of care, harm, unfairness, or other specific moral concerns from the provided list. The scene represents a neutral activity without clear moral valence.",,,,,1759,135,,1894,"{
  ""label"": ""None of these / Not clearly moral in nature"",
  ""confidence"": 95,
  ""brief_reason"": ""The image depicts two students sitting at a desk, appearing to be focused on writing or taking an exam. While the proximity of the students might suggest the possibility of cheating (Category 4), there is no visible evidence of rule-breaking, deception, or unfair advantage; they are simply performing a standard academic task. Similarly, there are no visual indicators of care, harm, unfairness, or other specific moral concerns from the provided list. The scene represents a neutral activity without clear moral valence.""
}",
prompt-results-v1,visual-cue-prompt-pilot-v1,010ecf86752795948c65f735a12ca5ef23a0b79726346feeeec6b2e8a0d97fd9,20260905,4abacadab7776f19f410667a58dab254f25527fef3a254f29b2f95a6ed48d37c,56959ed62b1360efdb246e5bc2927b2e331c8487edb91109c0b1a636ad97ae10,,89,2,14,2,p2,p2-blind-nonoverlap-cues-v1-2026-09-05,482dce5b0ed5faf3ec20bdf32b51d0eb2212e901d18dde12a59c1f710160df8d,b0df04e619c332a72d33e5061a92e225ef3b9a537c9dcb40ee78e063f56dfcdd,o-1,o-1.jpg,images/o-1.jpg,465ce5e16a46ae2345602e9171dd9d71e3f2541db1587e0b00b60a3ad76e919e,qwen36,Alibaba Cloud Model Studio,qwen3.6-flash-2026-04-16,qwen3.6-flash-2026-04-16,2.48.0,0,"{""enable_thinking"": false}",provider_default,2026-09-05T23:25:54.066668+00:00,2026-09-05T23:25:57.122409+00:00,3.056,1,success,None of these / Not clearly moral in nature,95,"The image depicts two students sitting at a desk and writing on paper. While the setting implies an academic context where rules against cheating exist, there is no visible evidence of rule-breaking, deception, or unfair advantage (such as looking at each other's papers). The subjects are simply focused on their work. Without explicit visual cues indicating misconduct or a specific moral conflict, classifying this as 'Cheating' would require inferring hidden intentions not supported by the scene.",,,,,1940,128,,2068,"{
  ""label"": ""None of these / Not clearly moral in nature"",
  ""confidence"": 95,
  ""brief_reason"": ""The image depicts two students sitting at a desk and writing on paper. While the setting implies an academic context where rules against cheating exist, there is no visible evidence of rule-breaking, deception, or unfair advantage (such as looking at each other's papers). The subjects are simply focused on their work. Without explicit visual cues indicating misconduct or a specific moral conflict, classifying this as 'Cheating' would require inferring hidden intentions not supported by the scene.""
}",
prompt-results-v1,visual-cue-prompt-pilot-v1,010ecf86752795948c65f735a12ca5ef23a0b79726346feeeec6b2e8a0d97fd9,20260905,4abacadab7776f19f410667a58dab254f25527fef3a254f29b2f95a6ed48d37c,a02a1872bf340afbded880a43d465046bc1a581e6ad100dbf7d3788bcf8489a2,,90,2,14,3,p0,p0-baseline-v2,1c1a1676abde21bda6ea8cf6eef5a6ca2bb99ecef928005f0fe5aed4769d0fa1,b0df04e619c332a72d33e5061a92e225ef3b9a537c9dcb40ee78e063f56dfcdd,o-1,o-1.jpg,images/o-1.jpg,465ce5e16a46ae2345602e9171dd9d71e3f2541db1587e0b00b60a3ad76e919e,qwen36,Alibaba Cloud Model Studio,qwen3.6-flash-2026-04-16,qwen3.6-flash-2026-04-16,2.48.0,0,"{""enable_thinking"": false}",provider_default,2026-09-05T23:25:57.648730+00:00,2026-09-05T23:26:00.193692+00:00,2.545,1,success,None of these / Not clearly moral in nature,95,"The image depicts two students sitting side-by-side and writing on paper. While the proximity might suggest a possibility of academic dishonesty (Cheating), there is no visible evidence of rule-breaking, deception, or unfair advantage; they could simply be taking an exam independently. Similarly, there are no visual cues for Care, Harm, Fairness, or other specific moral categories. The scene is a neutral depiction of studying or testing without clear moral indicators.",,,,,1519,125,,1644,"{
  ""label"": ""None of these / Not clearly moral in nature"",
  ""confidence"": 95,
  ""brief_reason"": ""The image depicts two students sitting side-by-side and writing on paper. While the proximity might suggest a possibility of academic dishonesty (Cheating), there is no visible evidence of rule-breaking, deception, or unfair advantage; they could simply be taking an exam independently. Similarly, there are no visual cues for Care, Harm, Fairness, or other specific moral categories. The scene is a neutral depiction of studying or testing without clear moral indicators.""
}",
prompt-results-v1,visual-cue-prompt-pilot-v1,010ecf86752795948c65f735a12ca5ef23a0b79726346feeeec6b2e8a0d97fd9,20260905,4abacadab7776f19f410667a58dab254f25527fef3a254f29b2f95a6ed48d37c,0b30601fc6487199efe9311f286b92082d609a56b3c21b529047bd37bedbf53b,,91,2,15,1,p1,p1-structured-control-v1-2026-09-05,b9621814e5a2bb839e6f399c5bf42940989a14efca909b15427ab68e3ae9432d,b0df04e619c332a72d33e5061a92e225ef3b9a537c9dcb40ee78e063f56dfcdd,g-1,g-1.png,images/g-1.png,943338cbf3221f686e7f8eab88ffc3c7ca097f6fc19aae82b4af59fa203117af,qwen36,Alibaba Cloud Model Studio,qwen3.6-flash-2026-04-16,qwen3.6-flash-2026-04-16,2.48.0,0,"{""enable_thinking"": false}",provider_default,2026-09-05T23:26:00.721045+00:00,2026-09-05T23:26:06.902247+00:00,6.181,1,success,Fairness,85,"The image prominently features a person in a wheelchair facing a set of stairs with no visible ramp or elevator access. This visual arrangement highlights a barrier to entry that prevents equal access to the building, representing a concern for equitable treatment and justice (accessibility). While 'Care' is relevant regarding the individual's well-being, the structural nature of the obstacle makes 'Fairness' the primary moral theme concerning rights and opportunity.",,,,,2283,112,,2395,"{
  ""label"": ""Fairness"",
  ""confidence"": 85,
  ""brief_reason"": ""The image prominently features a person in a wheelchair facing a set of stairs with no visible ramp or elevator access. This visual arrangement highlights a barrier to entry that prevents equal access to the building, representing a concern for equitable treatment and justice (accessibility). While 'Care' is relevant regarding the individual's well-being, the structural nature of the obstacle makes 'Fairness' the primary moral theme concerning rights and opportunity.""
}",
prompt-results-v1,visual-cue-prompt-pilot-v1,010ecf86752795948c65f735a12ca5ef23a0b79726346feeeec6b2e8a0d97fd9,20260905,4abacadab7776f19f410667a58dab254f25527fef3a254f29b2f95a6ed48d37c,a5782afaa1d95f99c9e909d1e9b232bda5e7f36e705af9f1874030a6f26a194b,,92,2,15,2,p2,p2-blind-nonoverlap-cues-v1-2026-09-05,482dce5b0ed5faf3ec20bdf32b51d0eb2212e901d18dde12a59c1f710160df8d,b0df04e619c332a72d33e5061a92e225ef3b9a537c9dcb40ee78e063f56dfcdd,g-1,g-1.png,images/g-1.png,943338cbf3221f686e7f8eab88ffc3c7ca097f6fc19aae82b4af59fa203117af,qwen36,Alibaba Cloud Model Studio,qwen3.6-flash-2026-04-16,qwen3.6-flash-2026-04-16,2.48.0,0,"{""enable_thinking"": false}",provider_default,2026-09-05T23:26:07.425482+00:00,2026-09-05T23:26:16.219855+00:00,8.794,1,success,Fairness,85,"The image prominently features a person in a wheelchair positioned at the base of a staircase with no visible ramp or elevator access. This visual arrangement highlights a structural barrier that prevents equal access to the building, representing a concern for equitable opportunities and justice (accessibility). While 'Care' is relevant regarding the individual's well-being, the primary moral theme conveyed by the juxtaposition of the disability and the inaccessible architecture is the lack of fairness in the built environment.",,,,,2464,119,,2583,"{
  ""label"": ""Fairness"",
  ""confidence"": 85,
  ""brief_reason"": ""The image prominently features a person in a wheelchair positioned at the base of a staircase with no visible ramp or elevator access. This visual arrangement highlights a structural barrier that prevents equal access to the building, representing a concern for equitable opportunities and justice (accessibility). While 'Care' is relevant regarding the individual's well-being, the primary moral theme conveyed by the juxtaposition of the disability and the inaccessible architecture is the lack of fairness in the built environment.""
}",
prompt-results-v1,visual-cue-prompt-pilot-v1,010ecf86752795948c65f735a12ca5ef23a0b79726346feeeec6b2e8a0d97fd9,20260905,4abacadab7776f19f410667a58dab254f25527fef3a254f29b2f95a6ed48d37c,710fe539dffbaf8f78294cb309640a72ababd79697420c72ffb490d98d79dd19,,93,2,15,3,p0,p0-baseline-v2,1c1a1676abde21bda6ea8cf6eef5a6ca2bb99ecef928005f0fe5aed4769d0fa1,b0df04e619c332a72d33e5061a92e225ef3b9a537c9dcb40ee78e063f56dfcdd,g-1,g-1.png,images/g-1.png,943338cbf3221f686e7f8eab88ffc3c7ca097f6fc19aae82b4af59fa203117af,qwen36,Alibaba Cloud Model Studio,qwen3.6-flash-2026-04-16,qwen3.6-flash-2026-04-16,2.48.0,0,"{""enable_thinking"": false}",provider_default,2026-09-05T23:26:16.749633+00:00,2026-09-05T23:26:24.403636+00:00,7.654,1,success,Fairness,85,"The image prominently features a person in a wheelchair positioned at the base of a staircase with no visible ramp or elevator access. This visual setup highlights an accessibility barrier that prevents equal access to the building, representing a concern for equitable treatment and justice (fairness) regarding physical ability and rights. While 'Care' is relevant due to the vulnerability of the subject, the structural nature of the obstacle makes 'Fairness' the more precise classification for the systemic issue depicted.",,,,,2043,121,,2164,"{
  ""label"": ""Fairness"",
  ""confidence"": 85,
  ""brief_reason"": ""The image prominently features a person in a wheelchair positioned at the base of a staircase with no visible ramp or elevator access. This visual setup highlights an accessibility barrier that prevents equal access to the building, representing a concern for equitable treatment and justice (fairness) regarding physical ability and rights. While 'Care' is relevant due to the vulnerability of the subject, the structural nature of the obstacle makes 'Fairness' the more precise classification for the systemic issue depicted.""
}",
prompt-results-v1,visual-cue-prompt-pilot-v1,010ecf86752795948c65f735a12ca5ef23a0b79726346feeeec6b2e8a0d97fd9,20260905,4abacadab7776f19f410667a58dab254f25527fef3a254f29b2f95a6ed48d37c,75dd5dc1661670f14b9677a14b0200c3cc55ed8a3fdfeb125ccc03ed3926c77d,,94,2,16,1,p2,p2-blind-nonoverlap-cues-v1-2026-09-05,482dce5b0ed5faf3ec20bdf32b51d0eb2212e901d18dde12a59c1f710160df8d,b0df04e619c332a72d33e5061a92e225ef3b9a537c9dcb40ee78e063f56dfcdd,o-2,o-2.jpg,images/o-2.jpg,21aa96fa08ee7513fe40f6f363813482ecc5d47bee6902d10ca1e7f04b65a45c,qwen36,Alibaba Cloud Model Studio,qwen3.6-flash-2026-04-16,qwen3.6-flash-2026-04-16,2.48.0,0,"{""enable_thinking"": false}",provider_default,2026-09-05T23:26:24.933623+00:00,2026-09-05T23:26:27.738429+00:00,2.805,1,success,None of these / Not clearly moral in nature,95,"The image depicts athletes at the starting blocks of a track race, captured in the moment of beginning their sprint. This is a standard competitive sporting event. There are no visible signs of harm, unfair treatment, cheating, or other moral violations. While sports involve concepts like fairness and loyalty, the visual content itself simply shows the physical action of racing without conveying a specific moral concern or dilemma.",,,,,2059,113,,2172,"{
  ""label"": ""None of these / Not clearly moral in nature"",
  ""confidence"": 95,
  ""brief_reason"": ""The image depicts athletes at the starting blocks of a track race, captured in the moment of beginning their sprint. This is a standard competitive sporting event. There are no visible signs of harm, unfair treatment, cheating, or other moral violations. While sports involve concepts like fairness and loyalty, the visual content itself simply shows the physical action of racing without conveying a specific moral concern or dilemma.""
}",
prompt-results-v1,visual-cue-prompt-pilot-v1,010ecf86752795948c65f735a12ca5ef23a0b79726346feeeec6b2e8a0d97fd9,20260905,4abacadab7776f19f410667a58dab254f25527fef3a254f29b2f95a6ed48d37c,f948d1b763bea6b28187ab657917dee9df1904de00f8576a66e42a20cc584ea3,,95,2,16,2,p0,p0-baseline-v2,1c1a1676abde21bda6ea8cf6eef5a6ca2bb99ecef928005f0fe5aed4769d0fa1,b0df04e619c332a72d33e5061a92e225ef3b9a537c9dcb40ee78e063f56dfcdd,o-2,o-2.jpg,images/o-2.jpg,21aa96fa08ee7513fe40f6f363813482ecc5d47bee6902d10ca1e7f04b65a45c,qwen36,Alibaba Cloud Model Studio,qwen3.6-flash-2026-04-16,qwen3.6-flash-2026-04-16,2.48.0,0,"{""enable_thinking"": false}",provider_default,2026-09-05T23:26:28.266157+00:00,2026-09-05T23:26:31.018545+00:00,2.752,1,success,None of these / Not clearly moral in nature,95,"The image depicts a standard competitive athletic event (a sprint start) with athletes using starting blocks. While sports involve concepts like fairness and cheating, the visual evidence shows only the physical act of competing without any visible signs of rule-breaking, unfair treatment, harm, or specific moral dilemmas. Classifying this as a moral concern would require inferring context not present in the scene.",,,,,1638,111,,1749,"{
  ""label"": ""None of these / Not clearly moral in nature"",
  ""confidence"": 95,
  ""brief_reason"": ""The image depicts a standard competitive athletic event (a sprint start) with athletes using starting blocks. While sports involve concepts like fairness and cheating, the visual evidence shows only the physical act of competing without any visible signs of rule-breaking, unfair treatment, harm, or specific moral dilemmas. Classifying this as a moral concern would require inferring context not present in the scene.""
}",
prompt-results-v1,visual-cue-prompt-pilot-v1,010ecf86752795948c65f735a12ca5ef23a0b79726346feeeec6b2e8a0d97fd9,20260905,4abacadab7776f19f410667a58dab254f25527fef3a254f29b2f95a6ed48d37c,7d42297d39951e783561ce89a05a3e9d1ca64429ce5f32ff9b0954e85df148e2,,96,2,16,3,p1,p1-structured-control-v1-2026-09-05,b9621814e5a2bb839e6f399c5bf42940989a14efca909b15427ab68e3ae9432d,b0df04e619c332a72d33e5061a92e225ef3b9a537c9dcb40ee78e063f56dfcdd,o-2,o-2.jpg,images/o-2.jpg,21aa96fa08ee7513fe40f6f363813482ecc5d47bee6902d10ca1e7f04b65a45c,qwen36,Alibaba Cloud Model Studio,qwen3.6-flash-2026-04-16,qwen3.6-flash-2026-04-16,2.48.0,0,"{""enable_thinking"": false}",provider_default,2026-09-05T23:26:31.548752+00:00,2026-09-05T23:26:34.174953+00:00,2.626,1,success,Fairness,85,"The image depicts a competitive sporting event (a track race) where athletes are striving for victory. The primary moral concern in this context is Fairness, as the sport relies on rules and impartial treatment to ensure equitable competition among participants. While 'Cheating' is a related concept, there is no visible evidence of rule-breaking or deception; thus, the broader category of Fairness best captures the moral framework of the scene.",,,,,1878,109,,1987,"{
""label"": ""Fairness"",
""confidence"": 85,
""brief_reason"": ""The image depicts a competitive sporting event (a track race) where athletes are striving for victory. The primary moral concern in this context is Fairness, as the sport relies on rules and impartial treatment to ensure equitable competition among participants. While 'Cheating' is a related concept, there is no visible evidence of rule-breaking or deception; thus, the broader category of Fairness best captures the moral framework of the scene.""
}",
prompt-results-v1,visual-cue-prompt-pilot-v1,010ecf86752795948c65f735a12ca5ef23a0b79726346feeeec6b2e8a0d97fd9,20260905,4abacadab7776f19f410667a58dab254f25527fef3a254f29b2f95a6ed48d37c,05dcd0a8c41d2d5a029a7be900d547b8b2279e048cd95bc13815c096112f8fa1,,97,3,1,1,p0,p0-baseline-v2,1c1a1676abde21bda6ea8cf6eef5a6ca2bb99ecef928005f0fe5aed4769d0fa1,b0df04e619c332a72d33e5061a92e225ef3b9a537c9dcb40ee78e063f56dfcdd,15-3,15-3.jpg,images/15-3.jpg,6f28dbc5170e67ac96e4ab80c38be2299d567d14bc2e675cad060a9c0181f35c,qwen36,Alibaba Cloud Model Studio,qwen3.6-flash-2026-04-16,qwen3.6-flash-2026-04-16,2.48.0,0,"{""enable_thinking"": false}",provider_default,2026-09-05T23:26:34.710278+00:00,2026-09-05T23:26:49.115646+00:00,14.405,1,success,Care,85,"The image depicts a scene that strongly resembles a medical or humanitarian training exercise. The presence of a soldier in full combat gear alongside an individual wearing a Red Cross vest suggests a focus on emergency response and aid. The interaction between the figures appears to be instructional or supportive rather than adversarial. This aligns best with 'Care,' which covers compassion, support, and protection from harm. While 'Respect / Authority' is plausible due to the military hierarchy, the context of the Red Cross and the group dynamic points more towards welfare and assistance.",,,,,3488,136,,3624,"{
  ""label"": ""Care"",
  ""confidence"": 85,
  ""brief_reason"": ""The image depicts a scene that strongly resembles a medical or humanitarian training exercise. The presence of a soldier in full combat gear alongside an individual wearing a Red Cross vest suggests a focus on emergency response and aid. The interaction between the figures appears to be instructional or supportive rather than adversarial. This aligns best with 'Care,' which covers compassion, support, and protection from harm. While 'Respect / Authority' is plausible due to the military hierarchy, the context of the Red Cross and the group dynamic points more towards welfare and assistance.""
}",
prompt-results-v1,visual-cue-prompt-pilot-v1,010ecf86752795948c65f735a12ca5ef23a0b79726346feeeec6b2e8a0d97fd9,20260905,4abacadab7776f19f410667a58dab254f25527fef3a254f29b2f95a6ed48d37c,43cde7b5d1c9f6cf5d62e2dbdd41ce34d4bcbde7c41adcb2f7175b264c2dec69,,98,3,1,2,p1,p1-structured-control-v1-2026-09-05,b9621814e5a2bb839e6f399c5bf42940989a14efca909b15427ab68e3ae9432d,b0df04e619c332a72d33e5061a92e225ef3b9a537c9dcb40ee78e063f56dfcdd,15-3,15-3.jpg,images/15-3.jpg,6f28dbc5170e67ac96e4ab80c38be2299d567d14bc2e675cad060a9c0181f35c,qwen36,Alibaba Cloud Model Studio,qwen3.6-flash-2026-04-16,qwen3.6-flash-2026-04-16,2.48.0,0,"{""enable_thinking"": false}",provider_default,2026-09-05T23:26:49.647562+00:00,2026-09-05T23:26:58.242752+00:00,8.595,1,success,Care,85,"The image depicts a scene that strongly resembles a medical or humanitarian training exercise. The presence of a soldier in full combat gear interacting with individuals dressed in traditional Middle Eastern attire, alongside a person wearing a Red Cross vest, suggests a scenario focused on cross-cultural interaction and aid. The primary moral theme conveyed by these elements—particularly the Red Cross symbol and the engaged interaction—is concern for well-being, support, and protection (Care). While 'Respect / Authority' is a secondary possibility due to the military context, the specific inclusion of medical/humanitarian markers makes Care the dominant moral concern.",,,,,3728,146,,3874,"{
  ""label"": ""Care"",
  ""confidence"": 85,
  ""brief_reason"": ""The image depicts a scene that strongly resembles a medical or humanitarian training exercise. The presence of a soldier in full combat gear interacting with individuals dressed in traditional Middle Eastern attire, alongside a person wearing a Red Cross vest, suggests a scenario focused on cross-cultural interaction and aid. The primary moral theme conveyed by these elements—particularly the Red Cross symbol and the engaged interaction—is concern for well-being, support, and protection (Care). While 'Respect / Authority' is a secondary possibility due to the military context, the specific inclusion of medical/humanitarian markers makes Care the dominant moral concern.""
}",
prompt-results-v1,visual-cue-prompt-pilot-v1,010ecf86752795948c65f735a12ca5ef23a0b79726346feeeec6b2e8a0d97fd9,20260905,4abacadab7776f19f410667a58dab254f25527fef3a254f29b2f95a6ed48d37c,4edf24218780c4a08f64e905d5c0acc5c9b0398685354f99bfa2b35d338ff9fc,,99,3,1,3,p2,p2-blind-nonoverlap-cues-v1-2026-09-05,482dce5b0ed5faf3ec20bdf32b51d0eb2212e901d18dde12a59c1f710160df8d,b0df04e619c332a72d33e5061a92e225ef3b9a537c9dcb40ee78e063f56dfcdd,15-3,15-3.jpg,images/15-3.jpg,6f28dbc5170e67ac96e4ab80c38be2299d567d14bc2e675cad060a9c0181f35c,qwen36,Alibaba Cloud Model Studio,qwen3.6-flash-2026-04-16,qwen3.6-flash-2026-04-16,2.48.0,0,"{""enable_thinking"": false}",provider_default,2026-09-05T23:26:58.775721+00:00,2026-09-05T23:27:09.422484+00:00,10.647,1,success,Care,85,"The image depicts a scene that strongly resembles a medical or disaster response training exercise. The presence of a soldier in full combat gear interacting with individuals wearing white robes (one of whom has a visible 'blood' stain on their head covering) and a Red Cross volunteer suggests a scenario focused on casualty care or humanitarian aid. The primary moral theme conveyed by these specific visual cues—military personnel, simulated injury, and aid workers—is the concern for well-being, support, and protection from harm.",,,,,3909,126,,4035,"{
  ""label"": ""Care"",
  ""confidence"": 85,
  ""brief_reason"": ""The image depicts a scene that strongly resembles a medical or disaster response training exercise. The presence of a soldier in full combat gear interacting with individuals wearing white robes (one of whom has a visible 'blood' stain on their head covering) and a Red Cross volunteer suggests a scenario focused on casualty care or humanitarian aid. The primary moral theme conveyed by these specific visual cues—military personnel, simulated injury, and aid workers—is the concern for well-being, support, and protection from harm.""
}",
prompt-results-v1,visual-cue-prompt-pilot-v1,010ecf86752795948c65f735a12ca5ef23a0b79726346feeeec6b2e8a0d97fd9,20260905,4abacadab7776f19f410667a58dab254f25527fef3a254f29b2f95a6ed48d37c,5ffcc999fade4ec102a4bc005741526f282403d1b8de8ff5409fc25b029a079c,,100,3,2,1,p2,p2-blind-nonoverlap-cues-v1-2026-09-05,482dce5b0ed5faf3ec20bdf32b51d0eb2212e901d18dde12a59c1f710160df8d,b0df04e619c332a72d33e5061a92e225ef3b9a537c9dcb40ee78e063f56dfcdd,9-2,9-2.jpg,images/9-2.jpg,62142986ca8108d3f29fee7e17e6af5650e1c7bdfdc9a95870bf910fa30abc0d,qwen36,Alibaba Cloud Model Studio,qwen3.6-flash-2026-04-16,qwen3.6-flash-2026-04-16,2.48.0,0,"{""enable_thinking"": false}",provider_default,2026-09-05T23:27:09.948380+00:00,2026-09-05T23:27:12.405494+00:00,2.457,1,success,Care,75,"The image depicts a scene of domestic life where children are engaged with electronic devices while an older sibling or guardian sits nearby. The primary moral concern conveyed is the welfare and supervision of these children within their living environment. While the room is cluttered, which might suggest neglect to some, it can also be interpreted simply as a busy household; however, the presence of adults supervising children playing inherently relates to the theme of care (nurturing and support). 'Harm' is not selected because there is no visible evidence of abuse, injury, or cruelty. 'Fairness' is not the primary focus as there is no clear indication of unequal treatment or injustice being enacted.",,,,,3909,163,,4072,"{
  ""label"": ""Care"",
  ""confidence"": 75,
  ""brief_reason"": ""The image depicts a scene of domestic life where children are engaged with electronic devices while an older sibling or guardian sits nearby. The primary moral concern conveyed is the welfare and supervision of these children within their living environment. While the room is cluttered, which might suggest neglect to some, it can also be interpreted simply as a busy household; however, the presence of adults supervising children playing inherently relates to the theme of care (nurturing and support). 'Harm' is not selected because there is no visible evidence of abuse, injury, or cruelty. 'Fairness' is not the primary focus as there is no clear indication of unequal treatment or injustice being enacted.""
}",
prompt-results-v1,visual-cue-prompt-pilot-v1,010ecf86752795948c65f735a12ca5ef23a0b79726346feeeec6b2e8a0d97fd9,20260905,4abacadab7776f19f410667a58dab254f25527fef3a254f29b2f95a6ed48d37c,0ff5a658fda83b88164c0b5579d4cae5532fcdd37640daf4bddaec5c61ceb6a4,,101,3,2,2,p0,p0-baseline-v2,1c1a1676abde21bda6ea8cf6eef5a6ca2bb99ecef928005f0fe5aed4769d0fa1,b0df04e619c332a72d33e5061a92e225ef3b9a537c9dcb40ee78e063f56dfcdd,9-2,9-2.jpg,images/9-2.jpg,62142986ca8108d3f29fee7e17e6af5650e1c7bdfdc9a95870bf910fa30abc0d,qwen36,Alibaba Cloud Model Studio,qwen3.6-flash-2026-04-16,qwen3.6-flash-2026-04-16,2.48.0,0,"{""enable_thinking"": false}",provider_default,2026-09-05T23:27:12.932139+00:00,2026-09-05T23:27:15.459773+00:00,2.528,1,success,Care,85,"The image depicts a scene of family life where children are engaged with electronic devices while an older sibling or guardian sits nearby. The primary moral concern conveyed is the welfare and supervision of these children within their living environment. While the room is cluttered, suggesting potential resource constraints, the visible interaction between the individuals points to nurturing and support (Care) rather than neglect or harm. 'Harm' is not selected because there is no visible evidence of abuse or suffering, and 'Fairness' is less applicable as the focus is on the immediate care dynamic rather than systemic inequality.",,,,,3488,138,,3626,"{
""label"": ""Care"",
""confidence"": 85,
""brief_reason"": ""The image depicts a scene of family life where children are engaged with electronic devices while an older sibling or guardian sits nearby. The primary moral concern conveyed is the welfare and supervision of these children within their living environment. While the room is cluttered, suggesting potential resource constraints, the visible interaction between the individuals points to nurturing and support (Care) rather than neglect or harm. 'Harm' is not selected because there is no visible evidence of abuse or suffering, and 'Fairness' is less applicable as the focus is on the immediate care dynamic rather than systemic inequality.""
}",
prompt-results-v1,visual-cue-prompt-pilot-v1,010ecf86752795948c65f735a12ca5ef23a0b79726346feeeec6b2e8a0d97fd9,20260905,4abacadab7776f19f410667a58dab254f25527fef3a254f29b2f95a6ed48d37c,6638d2b47aa1823a27bbb7cf4ddd52f03b8be97b45d0d59ee22d425b519f2ce5,,102,3,2,3,p1,p1-structured-control-v1-2026-09-05,b9621814e5a2bb839e6f399c5bf42940989a14efca909b15427ab68e3ae9432d,b0df04e619c332a72d33e5061a92e225ef3b9a537c9dcb40ee78e063f56dfcdd,9-2,9-2.jpg,images/9-2.jpg,62142986ca8108d3f29fee7e17e6af5650e1c7bdfdc9a95870bf910fa30abc0d,qwen36,Alibaba Cloud Model Studio,qwen3.6-flash-2026-04-16,qwen3.6-flash-2026-04-16,2.48.0,0,"{""enable_thinking"": false}",provider_default,2026-09-05T23:27:15.990008+00:00,2026-09-05T23:27:25.814114+00:00,9.824,1,success,Care,75,"The image depicts a domestic scene where children are gathered on a bunk bed using electronic devices, and an older female is sitting nearby smiling while looking at her phone. The visible interaction suggests a moment of family life, supervision, or shared leisure time, which aligns with the category of 'Care' (concern for well-being, nurturing, support). While the room is cluttered, there is no visual evidence of neglect, abuse, or suffering that would suggest 'Harm', nor is there evidence of unfairness or other moral violations. The classification relies on interpreting the social dynamic as one of familial care rather than mere cohabitation.",,,,,3728,156,,3884,"{
  ""label"": ""Care"",
  ""confidence"": 75,
  ""brief_reason"": ""The image depicts a domestic scene where children are gathered on a bunk bed using electronic devices, and an older female is sitting nearby smiling while looking at her phone. The visible interaction suggests a moment of family life, supervision, or shared leisure time, which aligns with the category of 'Care' (concern for well-being, nurturing, support). While the room is cluttered, there is no visual evidence of neglect, abuse, or suffering that would suggest 'Harm', nor is there evidence of unfairness or other moral violations. The classification relies on interpreting the social dynamic as one of familial care rather than mere cohabitation.""
}",
prompt-results-v1,visual-cue-prompt-pilot-v1,010ecf86752795948c65f735a12ca5ef23a0b79726346feeeec6b2e8a0d97fd9,20260905,4abacadab7776f19f410667a58dab254f25527fef3a254f29b2f95a6ed48d37c,4db5918ac26854889b6568de4288fb95a158341d0f2860a1f69318a3fc496a58,,103,3,3,1,p2,p2-blind-nonoverlap-cues-v1-2026-09-05,482dce5b0ed5faf3ec20bdf32b51d0eb2212e901d18dde12a59c1f710160df8d,b0df04e619c332a72d33e5061a92e225ef3b9a537c9dcb40ee78e063f56dfcdd,5-1,5-1.jpg,images/5-1.jpg,589bad34aefce12c54edbac3b2719b2364fea38829d953c2dd548960607a1ff1,qwen36,Alibaba Cloud Model Studio,qwen3.6-flash-2026-04-16,qwen3.6-flash-2026-04-16,2.48.0,0,"{""enable_thinking"": false}",provider_default,2026-09-05T23:27:26.343668+00:00,2026-09-05T23:27:31.503795+00:00,5.16,1,success,Harm,95,"The image prominently features a young boy in the foreground with an expression of intense distress, crying and screaming. His face is contorted in anguish, and tears are visible. The surrounding crowd also displays expressions of fear, anxiety, and desperation. This vivid depiction of emotional suffering and distress makes 'Harm' (specifically emotional suffering) the primary moral concern conveyed by the visual evidence.",,,,,1918,106,,2024,"{
  ""label"": ""Harm"",
  ""confidence"": 95,
  ""brief_reason"": ""The image prominently features a young boy in the foreground with an expression of intense distress, crying and screaming. His face is contorted in anguish, and tears are visible. The surrounding crowd also displays expressions of fear, anxiety, and desperation. This vivid depiction of emotional suffering and distress makes 'Harm' (specifically emotional suffering) the primary moral concern conveyed by the visual evidence.""
}",
prompt-results-v1,visual-cue-prompt-pilot-v1,010ecf86752795948c65f735a12ca5ef23a0b79726346feeeec6b2e8a0d97fd9,20260905,4abacadab7776f19f410667a58dab254f25527fef3a254f29b2f95a6ed48d37c,769b76c808542137e3a2a276907172a2366f146e52e9a1d5e00c8ac2f0aaf7ed,,104,3,3,2,p0,p0-baseline-v2,1c1a1676abde21bda6ea8cf6eef5a6ca2bb99ecef928005f0fe5aed4769d0fa1,b0df04e619c332a72d33e5061a92e225ef3b9a537c9dcb40ee78e063f56dfcdd,5-1,5-1.jpg,images/5-1.jpg,589bad34aefce12c54edbac3b2719b2364fea38829d953c2dd548960607a1ff1,qwen36,Alibaba Cloud Model Studio,qwen3.6-flash-2026-04-16,qwen3.6-flash-2026-04-16,2.48.0,0,"{""enable_thinking"": false}",provider_default,2026-09-05T23:27:32.032711+00:00,2026-09-05T23:27:36.319507+00:00,4.287,1,success,Harm,95,"The image prominently features a young boy in the foreground with his mouth open in a scream and tears streaming down his face, conveying intense emotional suffering. The surrounding crowd displays expressions of distress, anxiety, and desperation. This visible evidence of acute psychological pain and vulnerability makes 'Harm' (specifically emotional suffering) the primary moral concern conveyed by the scene.",,,,,1497,100,,1597,"{
  ""label"": ""Harm"",
  ""confidence"": 95,
  ""brief_reason"": ""The image prominently features a young boy in the foreground with his mouth open in a scream and tears streaming down his face, conveying intense emotional suffering. The surrounding crowd displays expressions of distress, anxiety, and desperation. This visible evidence of acute psychological pain and vulnerability makes 'Harm' (specifically emotional suffering) the primary moral concern conveyed by the scene.""
}",
prompt-results-v1,visual-cue-prompt-pilot-v1,010ecf86752795948c65f735a12ca5ef23a0b79726346feeeec6b2e8a0d97fd9,20260905,4abacadab7776f19f410667a58dab254f25527fef3a254f29b2f95a6ed48d37c,0eb770ca35626631828d1d2f5f84b5ac930590cca3cc3700c7c37d127520866d,,105,3,3,3,p1,p1-structured-control-v1-2026-09-05,b9621814e5a2bb839e6f399c5bf42940989a14efca909b15427ab68e3ae9432d,b0df04e619c332a72d33e5061a92e225ef3b9a537c9dcb40ee78e063f56dfcdd,5-1,5-1.jpg,images/5-1.jpg,589bad34aefce12c54edbac3b2719b2364fea38829d953c2dd548960607a1ff1,qwen36,Alibaba Cloud Model Studio,qwen3.6-flash-2026-04-16,qwen3.6-flash-2026-04-16,2.48.0,0,"{""enable_thinking"": false}",provider_default,2026-09-05T23:27:36.845515+00:00,2026-09-05T23:27:39.631849+00:00,2.786,1,success,Harm,95,"The image prominently features a young boy in the foreground with an expression of intense distress, crying and screaming. The surrounding crowd displays visible signs of anxiety, fear, and desperation. This visual evidence of severe emotional suffering and vulnerability makes 'Harm' the most appropriate category, as it directly addresses the visible pain and potential danger faced by the subjects.",,,,,1737,98,,1835,"{
  ""label"": ""Harm"",
  ""confidence"": 95,
  ""brief_reason"": ""The image prominently features a young boy in the foreground with an expression of intense distress, crying and screaming. The surrounding crowd displays visible signs of anxiety, fear, and desperation. This visual evidence of severe emotional suffering and vulnerability makes 'Harm' the most appropriate category, as it directly addresses the visible pain and potential danger faced by the subjects.""
}",
prompt-results-v1,visual-cue-prompt-pilot-v1,010ecf86752795948c65f735a12ca5ef23a0b79726346feeeec6b2e8a0d97fd9,20260905,4abacadab7776f19f410667a58dab254f25527fef3a254f29b2f95a6ed48d37c,ae6bcc657d5bc16f08de9cb850d59ede9c5cb58b303bc0805e0cf676265a05fd,,106,3,4,1,p2,p2-blind-nonoverlap-cues-v1-2026-09-05,482dce5b0ed5faf3ec20bdf32b51d0eb2212e901d18dde12a59c1f710160df8d,b0df04e619c332a72d33e5061a92e225ef3b9a537c9dcb40ee78e063f56dfcdd,3-1,3-1.jpg,images/3-1.jpg,6d4b129168c70ae11059197ac5a1d1784bd9673b751937d98539e1347809284a,qwen36,Alibaba Cloud Model Studio,qwen3.6-flash-2026-04-16,qwen3.6-flash-2026-04-16,2.48.0,0,"{""enable_thinking"": false}",provider_default,2026-09-05T23:27:40.150194+00:00,2026-09-05T23:27:41.648253+00:00,1.498,1,success,Care,95,"The image depicts a group of people gathered around an open casket, physically supporting and comforting one another. The central figures are leaning over the coffin in a manner that suggests intense grief and mutual support, with individuals holding each other up to prevent collapse. This behavior is a clear visual manifestation of compassion, nurturing, and support for those experiencing vulnerability and emotional suffering.",,,,,1660,100,,1760,"{
  ""label"": ""Care"",
  ""confidence"": 95,
  ""brief_reason"": ""The image depicts a group of people gathered around an open casket, physically supporting and comforting one another. The central figures are leaning over the coffin in a manner that suggests intense grief and mutual support, with individuals holding each other up to prevent collapse. This behavior is a clear visual manifestation of compassion, nurturing, and support for those experiencing vulnerability and emotional suffering.""
}",
prompt-results-v1,visual-cue-prompt-pilot-v1,010ecf86752795948c65f735a12ca5ef23a0b79726346feeeec6b2e8a0d97fd9,20260905,4abacadab7776f19f410667a58dab254f25527fef3a254f29b2f95a6ed48d37c,ebc166101fd38727281b9c304a7edf55b6d85d0f819ba652db4e298ad42473ce,,107,3,4,2,p0,p0-baseline-v2,1c1a1676abde21bda6ea8cf6eef5a6ca2bb99ecef928005f0fe5aed4769d0fa1,b0df04e619c332a72d33e5061a92e225ef3b9a537c9dcb40ee78e063f56dfcdd,3-1,3-1.jpg,images/3-1.jpg,6d4b129168c70ae11059197ac5a1d1784bd9673b751937d98539e1347809284a,qwen36,Alibaba Cloud Model Studio,qwen3.6-flash-2026-04-16,qwen3.6-flash-2026-04-16,2.48.0,0,"{""enable_thinking"": false}",provider_default,2026-09-05T23:27:42.173626+00:00,2026-09-05T23:27:43.642820+00:00,1.469,1,success,Care,95,"The image depicts a group of people gathered around an individual who is visibly distressed and leaning over a casket. The surrounding individuals are physically supporting the person, placing hands on their back and shoulders in a gesture of comfort and stabilization. This behavior clearly demonstrates compassion, support, and concern for the well-being of someone in a vulnerable state of grief.",,,,,1239,97,,1336,"{
  ""label"": ""Care"",
  ""confidence"": 95,
  ""brief_reason"": ""The image depicts a group of people gathered around an individual who is visibly distressed and leaning over a casket. The surrounding individuals are physically supporting the person, placing hands on their back and shoulders in a gesture of comfort and stabilization. This behavior clearly demonstrates compassion, support, and concern for the well-being of someone in a vulnerable state of grief.""
}",
prompt-results-v1,visual-cue-prompt-pilot-v1,010ecf86752795948c65f735a12ca5ef23a0b79726346feeeec6b2e8a0d97fd9,20260905,4abacadab7776f19f410667a58dab254f25527fef3a254f29b2f95a6ed48d37c,6886fdbdf33ecfb8f14176fa998feb9c7556af5b3ff00cb85dc22184751c0cca,,108,3,4,3,p1,p1-structured-control-v1-2026-09-05,b9621814e5a2bb839e6f399c5bf42940989a14efca909b15427ab68e3ae9432d,b0df04e619c332a72d33e5061a92e225ef3b9a537c9dcb40ee78e063f56dfcdd,3-1,3-1.jpg,images/3-1.jpg,6d4b129168c70ae11059197ac5a1d1784bd9673b751937d98539e1347809284a,qwen36,Alibaba Cloud Model Studio,qwen3.6-flash-2026-04-16,qwen3.6-flash-2026-04-16,2.48.0,0,"{""enable_thinking"": false}",provider_default,2026-09-05T23:27:44.169974+00:00,2026-09-05T23:27:46.081293+00:00,1.911,1,success,Care,95,"The image depicts a group of people gathered around an open casket, engaging in physical acts of comfort such as hugging, holding, and supporting one another. The visible body language—leaning in, embracing, and touching—strongly conveys compassion, support, and concern for the well-being of those grieving, which aligns directly with the definition of Care.",,,,,1479,101,,1580,"{
  ""label"": ""Care"",
  ""confidence"": 95,
  ""brief_reason"": ""The image depicts a group of people gathered around an open casket, engaging in physical acts of comfort such as hugging, holding, and supporting one another. The visible body language—leaning in, embracing, and touching—strongly conveys compassion, support, and concern for the well-being of those grieving, which aligns directly with the definition of Care.""
}",
prompt-results-v1,visual-cue-prompt-pilot-v1,010ecf86752795948c65f735a12ca5ef23a0b79726346feeeec6b2e8a0d97fd9,20260905,4abacadab7776f19f410667a58dab254f25527fef3a254f29b2f95a6ed48d37c,ba0db0ba81dad145bcf8168365315a50642e9f73d685f6cf9f7242df9fec8de3,,109,3,5,1,p1,p1-structured-control-v1-2026-09-05,b9621814e5a2bb839e6f399c5bf42940989a14efca909b15427ab68e3ae9432d,b0df04e619c332a72d33e5061a92e225ef3b9a537c9dcb40ee78e063f56dfcdd,35-3,35-3.jpg,images/35-3.jpg,10205cc5ff7b04e752488d2961e48affc5f0a07ee8b10d130097b4f6c44be1db,qwen36,Alibaba Cloud Model Studio,qwen3.6-flash-2026-04-16,qwen3.6-flash-2026-04-16,2.48.0,0,"{""enable_thinking"": false}",provider_default,2026-09-05T23:27:46.610824+00:00,2026-09-05T23:27:51.648218+00:00,5.037,1,success,None of these / Not clearly moral in nature,95,"The image depicts a standard wedding reception scene featuring a bride, groom, and guests celebrating. The visible actions—clapping, smiling, holding champagne glasses, and posing for photos—are consistent with social celebration and joy. There is no visual evidence of suffering, unfairness, deception, violation of dignity, or other specific moral concerns listed in the categories. While themes like loyalty or respect are inherent to marriage, the image itself portrays a celebratory event rather than a specific moral dilemma or action requiring classification under the provided ethical framework.",,,,,2251,141,,2392,"{
  ""label"": ""None of these / Not clearly moral in nature"",
  ""confidence"": 95,
  ""brief_reason"": ""The image depicts a standard wedding reception scene featuring a bride, groom, and guests celebrating. The visible actions—clapping, smiling, holding champagne glasses, and posing for photos—are consistent with social celebration and joy. There is no visual evidence of suffering, unfairness, deception, violation of dignity, or other specific moral concerns listed in the categories. While themes like loyalty or respect are inherent to marriage, the image itself portrays a celebratory event rather than a specific moral dilemma or action requiring classification under the provided ethical framework.""
}",
prompt-results-v1,visual-cue-prompt-pilot-v1,010ecf86752795948c65f735a12ca5ef23a0b79726346feeeec6b2e8a0d97fd9,20260905,4abacadab7776f19f410667a58dab254f25527fef3a254f29b2f95a6ed48d37c,595987b5740f1a8297a73b764f496a97ac0531739f843b4006f5e1f8468e8ae8,,110,3,5,2,p2,p2-blind-nonoverlap-cues-v1-2026-09-05,482dce5b0ed5faf3ec20bdf32b51d0eb2212e901d18dde12a59c1f710160df8d,b0df04e619c332a72d33e5061a92e225ef3b9a537c9dcb40ee78e063f56dfcdd,35-3,35-3.jpg,images/35-3.jpg,10205cc5ff7b04e752488d2961e48affc5f0a07ee8b10d130097b4f6c44be1db,qwen36,Alibaba Cloud Model Studio,qwen3.6-flash-2026-04-16,qwen3.6-flash-2026-04-16,2.48.0,0,"{""enable_thinking"": false}",provider_default,2026-09-05T23:27:52.177026+00:00,2026-09-05T23:27:57.337833+00:00,5.161,1,success,None of these / Not clearly moral in nature,95,"The image depicts a wedding reception, a social celebration. While the scene involves positive social interactions like clapping and toasting, it does not visually convey any specific moral concern such as harm, unfairness, betrayal, or violation of dignity. The primary focus is on a ceremonial event rather than a moral dilemma or ethical issue.",,,,,2432,101,,2533,"{
  ""label"": ""None of these / Not clearly moral in nature"",
  ""confidence"": 95,
  ""brief_reason"": ""The image depicts a wedding reception, a social celebration. While the scene involves positive social interactions like clapping and toasting, it does not visually convey any specific moral concern such as harm, unfairness, betrayal, or violation of dignity. The primary focus is on a ceremonial event rather than a moral dilemma or ethical issue.""
}",
prompt-results-v1,visual-cue-prompt-pilot-v1,010ecf86752795948c65f735a12ca5ef23a0b79726346feeeec6b2e8a0d97fd9,20260905,4abacadab7776f19f410667a58dab254f25527fef3a254f29b2f95a6ed48d37c,c3dfa1aeaa461f4e6ec37cd73a07f4a27610c13bc4f322b5d3889f07af03099e,,111,3,5,3,p0,p0-baseline-v2,1c1a1676abde21bda6ea8cf6eef5a6ca2bb99ecef928005f0fe5aed4769d0fa1,b0df04e619c332a72d33e5061a92e225ef3b9a537c9dcb40ee78e063f56dfcdd,35-3,35-3.jpg,images/35-3.jpg,10205cc5ff7b04e752488d2961e48affc5f0a07ee8b10d130097b4f6c44be1db,qwen36,Alibaba Cloud Model Studio,qwen3.6-flash-2026-04-16,qwen3.6-flash-2026-04-16,2.48.0,0,"{""enable_thinking"": false}",provider_default,2026-09-05T23:27:57.867817+00:00,2026-09-05T23:28:02.906532+00:00,5.039,1,success,None of these / Not clearly moral in nature,95,"The image depicts a standard wedding reception scene featuring a bride and groom celebrating with guests. The visible actions—clapping, smiling, holding champagne, and posing for photos—are celebratory and social in nature. There is no visual evidence of suffering, injustice, deception, violation of dignity, or other morally charged situations described in the specific categories provided (Care, Harm, Fairness, etc.). While themes of loyalty or respect are inherent to marriage, the image itself does not convey a primary moral concern or conflict requiring classification under these specific ethical labels.",,,,,2011,141,,2152,"{
""label"": ""None of these / Not clearly moral in nature"",
""confidence"": 95,
""brief_reason"": ""The image depicts a standard wedding reception scene featuring a bride and groom celebrating with guests. The visible actions—clapping, smiling, holding champagne, and posing for photos—are celebratory and social in nature. There is no visual evidence of suffering, injustice, deception, violation of dignity, or other morally charged situations described in the specific categories provided (Care, Harm, Fairness, etc.). While themes of loyalty or respect are inherent to marriage, the image itself does not convey a primary moral concern or conflict requiring classification under these specific ethical labels.""
}",
prompt-results-v1,visual-cue-prompt-pilot-v1,010ecf86752795948c65f735a12ca5ef23a0b79726346feeeec6b2e8a0d97fd9,20260905,4abacadab7776f19f410667a58dab254f25527fef3a254f29b2f95a6ed48d37c,53e7d3ebeb89bc1f89bc74f848a8aff69a6da6f0383bfc2350111dd58dc249c9,,112,3,6,1,p0,p0-baseline-v2,1c1a1676abde21bda6ea8cf6eef5a6ca2bb99ecef928005f0fe5aed4769d0fa1,b0df04e619c332a72d33e5061a92e225ef3b9a537c9dcb40ee78e063f56dfcdd,37-3,37-3.jpg,images/37-3.jpg,368cf7b7ef47e0933e9b60541ae321361571d2dbc8bd6b7deb0dc657f9a54e21,qwen36,Alibaba Cloud Model Studio,qwen3.6-flash-2026-04-16,qwen3.6-flash-2026-04-16,2.48.0,0,"{""enable_thinking"": false}",provider_default,2026-09-05T23:28:03.433784+00:00,2026-09-05T23:28:07.831185+00:00,4.397,1,success,Harm,85,"The image visually depicts a person in a state of severe emotional distress and suffering. The subject's red eyes, tearful expression, and body language (holding head) indicate significant psychological pain or trauma. The surrounding environment—messy room, trash, discarded food—reinforces a narrative of decline or crisis. While the specific cause is not visible, the primary moral concern conveyed by the scene is the evident suffering of the individual, which aligns best with the 'Harm' category regarding emotional injury.",,,,,2011,130,,2141,"{
  ""label"": ""Harm"",
  ""confidence"": 85,
  ""brief_reason"": ""The image visually depicts a person in a state of severe emotional distress and suffering. The subject's red eyes, tearful expression, and body language (holding head) indicate significant psychological pain or trauma. The surrounding environment—messy room, trash, discarded food—reinforces a narrative of decline or crisis. While the specific cause is not visible, the primary moral concern conveyed by the scene is the evident suffering of the individual, which aligns best with the 'Harm' category regarding emotional injury.""
}",
prompt-results-v1,visual-cue-prompt-pilot-v1,010ecf86752795948c65f735a12ca5ef23a0b79726346feeeec6b2e8a0d97fd9,20260905,4abacadab7776f19f410667a58dab254f25527fef3a254f29b2f95a6ed48d37c,6af73906efc2264573f35e3ffac94b8135363bafc11a68251ae9911e8489fb8f,,113,3,6,2,p1,p1-structured-control-v1-2026-09-05,b9621814e5a2bb839e6f399c5bf42940989a14efca909b15427ab68e3ae9432d,b0df04e619c332a72d33e5061a92e225ef3b9a537c9dcb40ee78e063f56dfcdd,37-3,37-3.jpg,images/37-3.jpg,368cf7b7ef47e0933e9b60541ae321361571d2dbc8bd6b7deb0dc657f9a54e21,qwen36,Alibaba Cloud Model Studio,qwen3.6-flash-2026-04-16,qwen3.6-flash-2026-04-16,2.48.0,0,"{""enable_thinking"": false}",provider_default,2026-09-05T23:28:08.358718+00:00,2026-09-05T23:28:11.997989+00:00,3.639,1,success,Harm,85,"The image visually depicts a person in a state of severe emotional distress and suffering. The subject's red eyes, pained expression, and the surrounding environment (messy room, discarded food containers) strongly suggest self-neglect and psychological pain. This aligns best with the 'Harm' category, which covers emotional suffering and injury. While the context implies social media usage, there is no visible evidence of specific cheating, betrayal, or unfair treatment by others, making 'Harm' the most direct classification of the visible condition.",,,,,2251,136,,2387,"{
  ""label"": ""Harm"",
  ""confidence"": 85,
  ""brief_reason"": ""The image visually depicts a person in a state of severe emotional distress and suffering. The subject's red eyes, pained expression, and the surrounding environment (messy room, discarded food containers) strongly suggest self-neglect and psychological pain. This aligns best with the 'Harm' category, which covers emotional suffering and injury. While the context implies social media usage, there is no visible evidence of specific cheating, betrayal, or unfair treatment by others, making 'Harm' the most direct classification of the visible condition.""
}",
prompt-results-v1,visual-cue-prompt-pilot-v1,010ecf86752795948c65f735a12ca5ef23a0b79726346feeeec6b2e8a0d97fd9,20260905,4abacadab7776f19f410667a58dab254f25527fef3a254f29b2f95a6ed48d37c,9560376737786d8a982a327970112eef8cbbfbd15e4ca347d988f27e6b7d1212,,114,3,6,3,p2,p2-blind-nonoverlap-cues-v1-2026-09-05,482dce5b0ed5faf3ec20bdf32b51d0eb2212e901d18dde12a59c1f710160df8d,b0df04e619c332a72d33e5061a92e225ef3b9a537c9dcb40ee78e063f56dfcdd,37-3,37-3.jpg,images/37-3.jpg,368cf7b7ef47e0933e9b60541ae321361571d2dbc8bd6b7deb0dc657f9a54e21,qwen36,Alibaba Cloud Model Studio,qwen3.6-flash-2026-04-16,qwen3.6-flash-2026-04-16,2.48.0,0,"{""enable_thinking"": false}",provider_default,2026-09-05T23:28:12.524879+00:00,2026-09-05T23:28:17.228846+00:00,4.704,1,success,Harm,85,"The image depicts a person in a state of visible emotional suffering and distress, characterized by red eyes, a pained expression, and a disheveled environment. The primary moral concern conveyed is the individual's experience of pain or injury (emotional harm). While the context suggests social media usage, the dominant visual evidence points to the condition of suffering rather than specific acts of cheating, betrayal, or unfairness.",,,,,2432,111,,2543,"{
  ""label"": ""Harm"",
  ""confidence"": 85,
  ""brief_reason"": ""The image depicts a person in a state of visible emotional suffering and distress, characterized by red eyes, a pained expression, and a disheveled environment. The primary moral concern conveyed is the individual's experience of pain or injury (emotional harm). While the context suggests social media usage, the dominant visual evidence points to the condition of suffering rather than specific acts of cheating, betrayal, or unfairness.""
}",
prompt-results-v1,visual-cue-prompt-pilot-v1,010ecf86752795948c65f735a12ca5ef23a0b79726346feeeec6b2e8a0d97fd9,20260905,4abacadab7776f19f410667a58dab254f25527fef3a254f29b2f95a6ed48d37c,f36e8bb47b74115fc64e74882e11f55f5da3551c899777cd57401bed35038d0b,,115,3,7,1,p0,p0-baseline-v2,1c1a1676abde21bda6ea8cf6eef5a6ca2bb99ecef928005f0fe5aed4769d0fa1,b0df04e619c332a72d33e5061a92e225ef3b9a537c9dcb40ee78e063f56dfcdd,7-2,7-2.jpg,images/7-2.jpg,f05fbbbb98ff0f700f0dd0c5f9cb1d846a5f597327839a92b88e1fcef6ffbd63,qwen36,Alibaba Cloud Model Studio,qwen3.6-flash-2026-04-16,qwen3.6-flash-2026-04-16,2.48.0,0,"{""enable_thinking"": false}",provider_default,2026-09-05T23:28:17.759513+00:00,2026-09-05T23:28:19.464183+00:00,1.705,1,success,Respect / Authority,95,"The image depicts two individuals in business attire performing a deep bow to one another. This gesture is a culturally established form of showing respect, acknowledging hierarchy, or observing social protocol. The primary moral theme conveyed by this visible action is adherence to social roles and mutual respect.",,,,,1867,84,,1951,"{
  ""label"": ""Respect / Authority"",
  ""confidence"": 95,
  ""brief_reason"": ""The image depicts two individuals in business attire performing a deep bow to one another. This gesture is a culturally established form of showing respect, acknowledging hierarchy, or observing social protocol. The primary moral theme conveyed by this visible action is adherence to social roles and mutual respect.""
}",
prompt-results-v1,visual-cue-prompt-pilot-v1,010ecf86752795948c65f735a12ca5ef23a0b79726346feeeec6b2e8a0d97fd9,20260905,4abacadab7776f19f410667a58dab254f25527fef3a254f29b2f95a6ed48d37c,37a4f2d5b1820587ec08b2fc50d8e1f02e3a2daa25fcbcf8b4c74615e786e440,,116,3,7,2,p1,p1-structured-control-v1-2026-09-05,b9621814e5a2bb839e6f399c5bf42940989a14efca909b15427ab68e3ae9432d,b0df04e619c332a72d33e5061a92e225ef3b9a537c9dcb40ee78e063f56dfcdd,7-2,7-2.jpg,images/7-2.jpg,f05fbbbb98ff0f700f0dd0c5f9cb1d846a5f597327839a92b88e1fcef6ffbd63,qwen36,Alibaba Cloud Model Studio,qwen3.6-flash-2026-04-16,qwen3.6-flash-2026-04-16,2.48.0,0,"{""enable_thinking"": false}",provider_default,2026-09-05T23:28:19.991273+00:00,2026-09-05T23:28:21.551841+00:00,1.561,1,success,Respect / Authority,95,"The image depicts two individuals in business attire performing a deep bow to one another. This action is a culturally established gesture of respect, greeting, or apology within a professional hierarchy. The primary moral theme conveyed by this visible ritual is adherence to social roles and the expression of respect.",,,,,2107,86,,2193,"{
  ""label"": ""Respect / Authority"",
  ""confidence"": 95,
  ""brief_reason"": ""The image depicts two individuals in business attire performing a deep bow to one another. This action is a culturally established gesture of respect, greeting, or apology within a professional hierarchy. The primary moral theme conveyed by this visible ritual is adherence to social roles and the expression of respect.""
}",
prompt-results-v1,visual-cue-prompt-pilot-v1,010ecf86752795948c65f735a12ca5ef23a0b79726346feeeec6b2e8a0d97fd9,20260905,4abacadab7776f19f410667a58dab254f25527fef3a254f29b2f95a6ed48d37c,3169935811b51feabd1a7f9fd8eb15623b9b872583e872aa4a285911fd28ba9d,,117,3,7,3,p2,p2-blind-nonoverlap-cues-v1-2026-09-05,482dce5b0ed5faf3ec20bdf32b51d0eb2212e901d18dde12a59c1f710160df8d,b0df04e619c332a72d33e5061a92e225ef3b9a537c9dcb40ee78e063f56dfcdd,7-2,7-2.jpg,images/7-2.jpg,f05fbbbb98ff0f700f0dd0c5f9cb1d846a5f597327839a92b88e1fcef6ffbd63,qwen36,Alibaba Cloud Model Studio,qwen3.6-flash-2026-04-16,qwen3.6-flash-2026-04-16,2.48.0,0,"{""enable_thinking"": false}",provider_default,2026-09-05T23:28:22.076080+00:00,2026-09-05T23:28:24.065500+00:00,1.989,1,success,Respect / Authority,85,"The image depicts two individuals in business attire performing a deep bow to one another. This gesture is a culturally established form of showing respect, acknowledging hierarchy, or observing social protocol. The primary visible action aligns directly with the category of respecting authority and social roles. While it could imply care or fairness in a broader context, the specific physical act shown is best defined as an expression of respect.",,,,,2288,109,,2397,"{
  ""label"": ""Respect / Authority"",
  ""confidence"": 85,
  ""brief_reason"": ""The image depicts two individuals in business attire performing a deep bow to one another. This gesture is a culturally established form of showing respect, acknowledging hierarchy, or observing social protocol. The primary visible action aligns directly with the category of respecting authority and social roles. While it could imply care or fairness in a broader context, the specific physical act shown is best defined as an expression of respect.""
}",
prompt-results-v1,visual-cue-prompt-pilot-v1,010ecf86752795948c65f735a12ca5ef23a0b79726346feeeec6b2e8a0d97fd9,20260905,4abacadab7776f19f410667a58dab254f25527fef3a254f29b2f95a6ed48d37c,8c3e0cf70c913017cab22723e4085a765a5da3c72c5867a82e4852a5f27b27b9,,118,3,8,1,p2,p2-blind-nonoverlap-cues-v1-2026-09-05,482dce5b0ed5faf3ec20bdf32b51d0eb2212e901d18dde12a59c1f710160df8d,b0df04e619c332a72d33e5061a92e225ef3b9a537c9dcb40ee78e063f56dfcdd,25-2,25-2.jpg,images/25-2.jpg,f2c8b7b650119d1d77c11d0589ceb662f0e41da70262e74f89249661c27fd484,qwen36,Alibaba Cloud Model Studio,qwen3.6-flash-2026-04-16,qwen3.6-flash-2026-04-16,2.48.0,0,"{""enable_thinking"": false}",provider_default,2026-09-05T23:28:24.593122+00:00,2026-09-05T23:28:28.877011+00:00,4.284,1,success,Fairness,85,"The image depicts a public demonstration featuring a large rainbow flag and participants actively chanting or shouting. These visual cues strongly indicate a protest advocating for civil rights, equality, and social justice, which aligns with the 'Fairness' category concerning rights and equitable treatment. While 'Loyalty' (solidarity) is present in the group dynamic, the primary moral purpose of such a gathering is typically to address issues of fairness and rights.",,,,,2432,116,,2548,"{
  ""label"": ""Fairness"",
  ""confidence"": 85,
  ""brief_reason"": ""The image depicts a public demonstration featuring a large rainbow flag and participants actively chanting or shouting. These visual cues strongly indicate a protest advocating for civil rights, equality, and social justice, which aligns with the 'Fairness' category concerning rights and equitable treatment. While 'Loyalty' (solidarity) is present in the group dynamic, the primary moral purpose of such a gathering is typically to address issues of fairness and rights.""
}",
prompt-results-v1,visual-cue-prompt-pilot-v1,010ecf86752795948c65f735a12ca5ef23a0b79726346feeeec6b2e8a0d97fd9,20260905,4abacadab7776f19f410667a58dab254f25527fef3a254f29b2f95a6ed48d37c,fa60edd8a42b7dd52c39324a0205730a09860b7939eceaf82516801fa05085bf,,119,3,8,2,p0,p0-baseline-v2,1c1a1676abde21bda6ea8cf6eef5a6ca2bb99ecef928005f0fe5aed4769d0fa1,b0df04e619c332a72d33e5061a92e225ef3b9a537c9dcb40ee78e063f56dfcdd,25-2,25-2.jpg,images/25-2.jpg,f2c8b7b650119d1d77c11d0589ceb662f0e41da70262e74f89249661c27fd484,qwen36,Alibaba Cloud Model Studio,qwen3.6-flash-2026-04-16,qwen3.6-flash-2026-04-16,2.48.0,0,"{""enable_thinking"": false}",provider_default,2026-09-05T23:28:29.407899+00:00,2026-09-05T23:28:33.972872+00:00,4.565,1,success,Fairness,95,"The image depicts a public demonstration featuring a large rainbow flag, which is a widely recognized symbol for LGBTQ+ rights and equality. The participants are actively protesting, an action typically undertaken to demand equal treatment, civil rights, or justice against perceived discrimination. This aligns directly with the category of Fairness, which concerns justice, equality, and rights. While 'Loyalty' (solidarity within a group) is present, the primary moral thrust of a protest is usually directed outward toward demanding fair treatment from society or authorities.",,,,,2011,134,,2145,"{
  ""label"": ""Fairness"",
  ""confidence"": 95,
  ""brief_reason"": ""The image depicts a public demonstration featuring a large rainbow flag, which is a widely recognized symbol for LGBTQ+ rights and equality. The participants are actively protesting, an action typically undertaken to demand equal treatment, civil rights, or justice against perceived discrimination. This aligns directly with the category of Fairness, which concerns justice, equality, and rights. While 'Loyalty' (solidarity within a group) is present, the primary moral thrust of a protest is usually directed outward toward demanding fair treatment from society or authorities.""
}",
prompt-results-v1,visual-cue-prompt-pilot-v1,010ecf86752795948c65f735a12ca5ef23a0b79726346feeeec6b2e8a0d97fd9,20260905,4abacadab7776f19f410667a58dab254f25527fef3a254f29b2f95a6ed48d37c,ad03d45529e67cc3707d9785db508df7893f34ba0a58b4009285e478f4a5fc31,,120,3,8,3,p1,p1-structured-control-v1-2026-09-05,b9621814e5a2bb839e6f399c5bf42940989a14efca909b15427ab68e3ae9432d,b0df04e619c332a72d33e5061a92e225ef3b9a537c9dcb40ee78e063f56dfcdd,25-2,25-2.jpg,images/25-2.jpg,f2c8b7b650119d1d77c11d0589ceb662f0e41da70262e74f89249661c27fd484,qwen36,Alibaba Cloud Model Studio,qwen3.6-flash-2026-04-16,qwen3.6-flash-2026-04-16,2.48.0,0,"{""enable_thinking"": false}",provider_default,2026-09-05T23:28:34.501256+00:00,2026-09-05T23:28:40.323982+00:00,5.823,1,success,Fairness,85,"The image depicts a public demonstration featuring a large rainbow flag and participants actively protesting. The primary moral concern conveyed by such scenes is typically the pursuit of justice, equality, and equal rights for a specific group, which aligns with the 'Fairness' category. While elements like solidarity (Loyalty) are present, the overarching purpose of a protest march is generally to address perceived inequities or demand fair treatment.",,,,,2251,113,,2364,"{
  ""label"": ""Fairness"",
  ""confidence"": 85,
  ""brief_reason"": ""The image depicts a public demonstration featuring a large rainbow flag and participants actively protesting. The primary moral concern conveyed by such scenes is typically the pursuit of justice, equality, and equal rights for a specific group, which aligns with the 'Fairness' category. While elements like solidarity (Loyalty) are present, the overarching purpose of a protest march is generally to address perceived inequities or demand fair treatment.""
}",
prompt-results-v1,visual-cue-prompt-pilot-v1,010ecf86752795948c65f735a12ca5ef23a0b79726346feeeec6b2e8a0d97fd9,20260905,4abacadab7776f19f410667a58dab254f25527fef3a254f29b2f95a6ed48d37c,ba594eeb6b5d4ac5e0cf71cd3f3d0f04d8249e0858498e1e91a94fd82b4f2895,,121,3,9,1,p0,p0-baseline-v2,1c1a1676abde21bda6ea8cf6eef5a6ca2bb99ecef928005f0fe5aed4769d0fa1,b0df04e619c332a72d33e5061a92e225ef3b9a537c9dcb40ee78e063f56dfcdd,1-1,1-1.jpg,images/1-1.jpg,16c8b6ef21bd106f6229643ab02fee435a73563485160c64d5eac9e5c19d2f44,qwen36,Alibaba Cloud Model Studio,qwen3.6-flash-2026-04-16,qwen3.6-flash-2026-04-16,2.48.0,0,"{""enable_thinking"": false}",provider_default,2026-09-05T23:28:40.850170+00:00,2026-09-05T23:28:41.992959+00:00,1.143,1,success,Care,95,"The image visually depicts a tender interaction between an adult and a child. The adult is holding the child in a supportive embrace, and both subjects are smiling, conveying a sense of warmth, affection, and well-being. This aligns directly with the category of Care, which encompasses nurturing, support, and compassion. There is no visual evidence to suggest harm, unfairness, or any other moral concern.",,,,,1057,108,,1165,"{
  ""label"": ""Care"",
  ""confidence"": 95,
  ""brief_reason"": ""The image visually depicts a tender interaction between an adult and a child. The adult is holding the child in a supportive embrace, and both subjects are smiling, conveying a sense of warmth, affection, and well-being. This aligns directly with the category of Care, which encompasses nurturing, support, and compassion. There is no visual evidence to suggest harm, unfairness, or any other moral concern.""
}",
prompt-results-v1,visual-cue-prompt-pilot-v1,010ecf86752795948c65f735a12ca5ef23a0b79726346feeeec6b2e8a0d97fd9,20260905,4abacadab7776f19f410667a58dab254f25527fef3a254f29b2f95a6ed48d37c,025ac44aeb54d1876cfbcda52e00ea96528c68c72473ac63bcc5c66163db1c4c,,122,3,9,2,p1,p1-structured-control-v1-2026-09-05,b9621814e5a2bb839e6f399c5bf42940989a14efca909b15427ab68e3ae9432d,b0df04e619c332a72d33e5061a92e225ef3b9a537c9dcb40ee78e063f56dfcdd,1-1,1-1.jpg,images/1-1.jpg,16c8b6ef21bd106f6229643ab02fee435a73563485160c64d5eac9e5c19d2f44,qwen36,Alibaba Cloud Model Studio,qwen3.6-flash-2026-04-16,qwen3.6-flash-2026-04-16,2.48.0,0,"{""enable_thinking"": false}",provider_default,2026-09-05T23:28:42.521203+00:00,2026-09-05T23:28:43.673842+00:00,1.153,1,success,Care,95,"The image visually depicts an adult holding a child in a manner that suggests physical support and protection. The interaction appears gentle and nurturing, with the adult's posture indicating they are safeguarding the child. This aligns directly with the category of Care, which covers concern for well-being, nurturing, and protection. No evidence of harm, unfairness, or other moral violations is present.",,,,,1297,104,,1401,"{
  ""label"": ""Care"",
  ""confidence"": 95,
  ""brief_reason"": ""The image visually depicts an adult holding a child in a manner that suggests physical support and protection. The interaction appears gentle and nurturing, with the adult's posture indicating they are safeguarding the child. This aligns directly with the category of Care, which covers concern for well-being, nurturing, and protection. No evidence of harm, unfairness, or other moral violations is present.""
}",
prompt-results-v1,visual-cue-prompt-pilot-v1,010ecf86752795948c65f735a12ca5ef23a0b79726346feeeec6b2e8a0d97fd9,20260905,4abacadab7776f19f410667a58dab254f25527fef3a254f29b2f95a6ed48d37c,a5fe60b8a09800ceb4166b174c9c870871aef691bba909a73964fcf85fc01f8d,,123,3,9,3,p2,p2-blind-nonoverlap-cues-v1-2026-09-05,482dce5b0ed5faf3ec20bdf32b51d0eb2212e901d18dde12a59c1f710160df8d,b0df04e619c332a72d33e5061a92e225ef3b9a537c9dcb40ee78e063f56dfcdd,1-1,1-1.jpg,images/1-1.jpg,16c8b6ef21bd106f6229643ab02fee435a73563485160c64d5eac9e5c19d2f44,qwen36,Alibaba Cloud Model Studio,qwen3.6-flash-2026-04-16,qwen3.6-flash-2026-04-16,2.48.0,0,"{""enable_thinking"": false}",provider_default,2026-09-05T23:28:44.200742+00:00,2026-09-05T23:28:45.558552+00:00,1.358,1,success,Care,95,"The image depicts a clear interaction of nurturing and support. An adult is physically holding and supporting a small child, whose posture (leaning back) indicates trust and reliance on the adult's strength. The adult's downward gaze and gentle expression convey attentiveness and compassion toward the child's well-being. This aligns directly with the definition of Care as concern for others' needs, vulnerability, and protection.",,,,,1478,107,,1585,"{
  ""label"": ""Care"",
  ""confidence"": 95,
  ""brief_reason"": ""The image depicts a clear interaction of nurturing and support. An adult is physically holding and supporting a small child, whose posture (leaning back) indicates trust and reliance on the adult's strength. The adult's downward gaze and gentle expression convey attentiveness and compassion toward the child's well-being. This aligns directly with the definition of Care as concern for others' needs, vulnerability, and protection.""
}",
prompt-results-v1,visual-cue-prompt-pilot-v1,010ecf86752795948c65f735a12ca5ef23a0b79726346feeeec6b2e8a0d97fd9,20260905,4abacadab7776f19f410667a58dab254f25527fef3a254f29b2f95a6ed48d37c,031799528dd104c1415a793d9937d2023b190a0ad335e3485b31b04ac17cdfec,,124,3,10,1,p2,p2-blind-nonoverlap-cues-v1-2026-09-05,482dce5b0ed5faf3ec20bdf32b51d0eb2212e901d18dde12a59c1f710160df8d,b0df04e619c332a72d33e5061a92e225ef3b9a537c9dcb40ee78e063f56dfcdd,o-1,o-1.jpg,images/o-1.jpg,465ce5e16a46ae2345602e9171dd9d71e3f2541db1587e0b00b60a3ad76e919e,qwen36,Alibaba Cloud Model Studio,qwen3.6-flash-2026-04-16,qwen3.6-flash-2026-04-16,2.48.0,0,"{""enable_thinking"": false}",provider_default,2026-09-05T23:28:46.084232+00:00,2026-09-05T23:28:48.689421+00:00,2.605,1,success,None of these / Not clearly moral in nature,95,"The image depicts two students sitting at a desk and writing on paper. While the setting implies an academic context where rules against cheating exist, there is no visible evidence of rule-breaking, deception, or unfair advantage (such as looking at each other's papers or using unauthorized materials). The subjects are simply engaged in the act of writing. Without additional visual cues indicating misconduct or a specific moral dilemma, the scene represents a neutral activity rather than a clear instance of any of the provided moral categories.",,,,,1940,133,,2073,"{
  ""label"": ""None of these / Not clearly moral in nature"",
  ""confidence"": 95,
  ""brief_reason"": ""The image depicts two students sitting at a desk and writing on paper. While the setting implies an academic context where rules against cheating exist, there is no visible evidence of rule-breaking, deception, or unfair advantage (such as looking at each other's papers or using unauthorized materials). The subjects are simply engaged in the act of writing. Without additional visual cues indicating misconduct or a specific moral dilemma, the scene represents a neutral activity rather than a clear instance of any of the provided moral categories.""
}",
prompt-results-v1,visual-cue-prompt-pilot-v1,010ecf86752795948c65f735a12ca5ef23a0b79726346feeeec6b2e8a0d97fd9,20260905,4abacadab7776f19f410667a58dab254f25527fef3a254f29b2f95a6ed48d37c,4bd5dc7c36d7ef402d70fd83198cc0442bf8628399110a2c4a670c11ac866470,,125,3,10,2,p0,p0-baseline-v2,1c1a1676abde21bda6ea8cf6eef5a6ca2bb99ecef928005f0fe5aed4769d0fa1,b0df04e619c332a72d33e5061a92e225ef3b9a537c9dcb40ee78e063f56dfcdd,o-1,o-1.jpg,images/o-1.jpg,465ce5e16a46ae2345602e9171dd9d71e3f2541db1587e0b00b60a3ad76e919e,qwen36,Alibaba Cloud Model Studio,qwen3.6-flash-2026-04-16,qwen3.6-flash-2026-04-16,2.48.0,0,"{""enable_thinking"": false}",provider_default,2026-09-05T23:28:49.216276+00:00,2026-09-05T23:28:51.581680+00:00,2.365,1,success,None of these / Not clearly moral in nature,95,"The image depicts two students sitting side-by-side and writing on paper. While the proximity might suggest a possibility of academic dishonesty (Cheating), there is no visible evidence of rule-breaking, deception, or unfair advantage; they could simply be taking an exam independently. Similarly, there are no visual cues for Care, Harm, Fairness, or other specific moral categories. The scene is a neutral depiction of studying or testing without clear moral indicators.",,,,,1519,125,,1644,"{
  ""label"": ""None of these / Not clearly moral in nature"",
  ""confidence"": 95,
  ""brief_reason"": ""The image depicts two students sitting side-by-side and writing on paper. While the proximity might suggest a possibility of academic dishonesty (Cheating), there is no visible evidence of rule-breaking, deception, or unfair advantage; they could simply be taking an exam independently. Similarly, there are no visual cues for Care, Harm, Fairness, or other specific moral categories. The scene is a neutral depiction of studying or testing without clear moral indicators.""
}",
prompt-results-v1,visual-cue-prompt-pilot-v1,010ecf86752795948c65f735a12ca5ef23a0b79726346feeeec6b2e8a0d97fd9,20260905,4abacadab7776f19f410667a58dab254f25527fef3a254f29b2f95a6ed48d37c,af444d9d2b373a7d11f115cde69d17e699fdfe10c539a1d817130d1e2857485a,,126,3,10,3,p1,p1-structured-control-v1-2026-09-05,b9621814e5a2bb839e6f399c5bf42940989a14efca909b15427ab68e3ae9432d,b0df04e619c332a72d33e5061a92e225ef3b9a537c9dcb40ee78e063f56dfcdd,o-1,o-1.jpg,images/o-1.jpg,465ce5e16a46ae2345602e9171dd9d71e3f2541db1587e0b00b60a3ad76e919e,qwen36,Alibaba Cloud Model Studio,qwen3.6-flash-2026-04-16,qwen3.6-flash-2026-04-16,2.48.0,0,"{""enable_thinking"": false}",provider_default,2026-09-05T23:28:52.110634+00:00,2026-09-05T23:28:55.092200+00:00,2.982,1,success,None of these / Not clearly moral in nature,95,"The image depicts two students sitting at a desk and writing on paper. While the setting implies an academic context where rules against cheating exist, there is no visible evidence of rule-breaking, deception, or unfair advantage (Cheating). Similarly, there are no signs of vulnerability requiring support (Care), injury (Harm), or unequal treatment (Fairness). The scene appears to be a neutral depiction of studying or taking a test, making it insufficient to identify a primary moral concern from the provided categories.",,,,,1759,135,,1894,"{
  ""label"": ""None of these / Not clearly moral in nature"",
  ""confidence"": 95,
  ""brief_reason"": ""The image depicts two students sitting at a desk and writing on paper. While the setting implies an academic context where rules against cheating exist, there is no visible evidence of rule-breaking, deception, or unfair advantage (Cheating). Similarly, there are no signs of vulnerability requiring support (Care), injury (Harm), or unequal treatment (Fairness). The scene appears to be a neutral depiction of studying or taking a test, making it insufficient to identify a primary moral concern from the provided categories.""
}",
prompt-results-v1,visual-cue-prompt-pilot-v1,010ecf86752795948c65f735a12ca5ef23a0b79726346feeeec6b2e8a0d97fd9,20260905,4abacadab7776f19f410667a58dab254f25527fef3a254f29b2f95a6ed48d37c,52cc6dcc75b021cc891a49fce7b9e0a31858eaa567f891cfa65f0e9b7762f70d,,127,3,11,1,p2,p2-blind-nonoverlap-cues-v1-2026-09-05,482dce5b0ed5faf3ec20bdf32b51d0eb2212e901d18dde12a59c1f710160df8d,b0df04e619c332a72d33e5061a92e225ef3b9a537c9dcb40ee78e063f56dfcdd,2-1,2-1.jpg,images/2-1.jpg,4c390cab45d7793acde1917cc6c343bfdece7f98faca8ae93220ba7b58bad292,qwen36,Alibaba Cloud Model Studio,qwen3.6-flash-2026-04-16,qwen3.6-flash-2026-04-16,2.48.0,0,"{""enable_thinking"": false}",provider_default,2026-09-05T23:28:55.622912+00:00,2026-09-05T23:28:58.455220+00:00,2.832,1,success,Care,85,"The image depicts individuals in a visibly vulnerable condition, living in makeshift shelter with limited resources. The primary moral concern conveyed is the welfare of these people and their need for support, protection, and compassion due to their evident hardship.",,,,,2358,73,,2431,"{
  ""label"": ""Care"",
  ""confidence"": 85,
  ""brief_reason"": ""The image depicts individuals in a visibly vulnerable condition, living in makeshift shelter with limited resources. The primary moral concern conveyed is the welfare of these people and their need for support, protection, and compassion due to their evident hardship.""
}",
prompt-results-v1,visual-cue-prompt-pilot-v1,010ecf86752795948c65f735a12ca5ef23a0b79726346feeeec6b2e8a0d97fd9,20260905,4abacadab7776f19f410667a58dab254f25527fef3a254f29b2f95a6ed48d37c,4b1516c16e6a0124137c6265174158817509d4c3ebbdc7b26900b8a71ab8fb89,,128,3,11,2,p0,p0-baseline-v2,1c1a1676abde21bda6ea8cf6eef5a6ca2bb99ecef928005f0fe5aed4769d0fa1,b0df04e619c332a72d33e5061a92e225ef3b9a537c9dcb40ee78e063f56dfcdd,2-1,2-1.jpg,images/2-1.jpg,4c390cab45d7793acde1917cc6c343bfdece7f98faca8ae93220ba7b58bad292,qwen36,Alibaba Cloud Model Studio,qwen3.6-flash-2026-04-16,qwen3.6-flash-2026-04-16,2.48.0,0,"{""enable_thinking"": false}",provider_default,2026-09-05T23:28:58.983608+00:00,2026-09-05T23:29:00.930027+00:00,1.946,1,success,Care,85,"The image depicts individuals in a visibly vulnerable state, living in makeshift shelter amidst debris. The primary moral concern conveyed is the welfare of these people and their need for support, protection, and care due to their evident hardship and exposure.",,,,,1937,74,,2011,"{
  ""label"": ""Care"",
  ""confidence"": 85,
  ""brief_reason"": ""The image depicts individuals in a visibly vulnerable state, living in makeshift shelter amidst debris. The primary moral concern conveyed is the welfare of these people and their need for support, protection, and care due to their evident hardship and exposure.""
}",
prompt-results-v1,visual-cue-prompt-pilot-v1,010ecf86752795948c65f735a12ca5ef23a0b79726346feeeec6b2e8a0d97fd9,20260905,4abacadab7776f19f410667a58dab254f25527fef3a254f29b2f95a6ed48d37c,5ecdd6b3512fb0291585018e7a98f904b64ac03dbd235d5feefa5b9c347084dd,,129,3,11,3,p1,p1-structured-control-v1-2026-09-05,b9621814e5a2bb839e6f399c5bf42940989a14efca909b15427ab68e3ae9432d,b0df04e619c332a72d33e5061a92e225ef3b9a537c9dcb40ee78e063f56dfcdd,2-1,2-1.jpg,images/2-1.jpg,4c390cab45d7793acde1917cc6c343bfdece7f98faca8ae93220ba7b58bad292,qwen36,Alibaba Cloud Model Studio,qwen3.6-flash-2026-04-16,qwen3.6-flash-2026-04-16,2.48.0,0,"{""enable_thinking"": false}",provider_default,2026-09-05T23:29:01.457630+00:00,2026-09-05T23:29:03.329478+00:00,1.872,1,success,Care,85,"The image depicts individuals in a visibly vulnerable state, living in makeshift shelter amidst debris. The primary moral concern conveyed by such a scene is the welfare of those suffering from hardship and their need for support, protection, and compassion. While 'Harm' (suffering) is present, the focus on the human condition and vulnerability typically aligns with the moral imperative of Care.",,,,,2177,104,,2281,"{
  ""label"": ""Care"",
  ""confidence"": 85,
  ""brief_reason"": ""The image depicts individuals in a visibly vulnerable state, living in makeshift shelter amidst debris. The primary moral concern conveyed by such a scene is the welfare of those suffering from hardship and their need for support, protection, and compassion. While 'Harm' (suffering) is present, the focus on the human condition and vulnerability typically aligns with the moral imperative of Care.""
}",
prompt-results-v1,visual-cue-prompt-pilot-v1,010ecf86752795948c65f735a12ca5ef23a0b79726346feeeec6b2e8a0d97fd9,20260905,4abacadab7776f19f410667a58dab254f25527fef3a254f29b2f95a6ed48d37c,e067f5fb581aa3704a0086100f3f5c2ac4aee9c1352d70019b1c5301d7cbef4a,,130,3,12,1,p1,p1-structured-control-v1-2026-09-05,b9621814e5a2bb839e6f399c5bf42940989a14efca909b15427ab68e3ae9432d,b0df04e619c332a72d33e5061a92e225ef3b9a537c9dcb40ee78e063f56dfcdd,g-2,g-2.png,images/g-2.png,81625f82d1617b53b838379a4be27cbc819155fbabf5b2dc8260886504801ba6,qwen36,Alibaba Cloud Model Studio,qwen3.6-flash-2026-04-16,qwen3.6-flash-2026-04-16,2.48.0,0,"{""enable_thinking"": false}",provider_default,2026-09-05T23:29:03.860714+00:00,2026-09-05T23:29:11.960975+00:00,8.1,1,success,Fairness,95,"The image explicitly depicts a professional meeting focused on an 'AI Fairness Initiative' and a 'Gender Parity Testing Framework.' The whiteboard diagrams illustrate processes for detecting bias ('Known-Bias Sample') and ensuring equitable outcomes ('Pass (No Significant Deviation)'). This directly aligns with the category of Fairness, which concerns justice, equality, and impartial treatment. No other moral categories are as strongly supported by the visible text and context.",,,,,2283,117,,2400,"{
  ""label"": ""Fairness"",
  ""confidence"": 95,
  ""brief_reason"": ""The image explicitly depicts a professional meeting focused on an 'AI Fairness Initiative' and a 'Gender Parity Testing Framework.' The whiteboard diagrams illustrate processes for detecting bias ('Known-Bias Sample') and ensuring equitable outcomes ('Pass (No Significant Deviation)'). This directly aligns with the category of Fairness, which concerns justice, equality, and impartial treatment. No other moral categories are as strongly supported by the visible text and context.""
}",
prompt-results-v1,visual-cue-prompt-pilot-v1,010ecf86752795948c65f735a12ca5ef23a0b79726346feeeec6b2e8a0d97fd9,20260905,4abacadab7776f19f410667a58dab254f25527fef3a254f29b2f95a6ed48d37c,6c56d520034be788da5e131bdbe652a31f59094116f5cb9e3f5320e7bf7f421b,,131,3,12,2,p2,p2-blind-nonoverlap-cues-v1-2026-09-05,482dce5b0ed5faf3ec20bdf32b51d0eb2212e901d18dde12a59c1f710160df8d,b0df04e619c332a72d33e5061a92e225ef3b9a537c9dcb40ee78e063f56dfcdd,g-2,g-2.png,images/g-2.png,81625f82d1617b53b838379a4be27cbc819155fbabf5b2dc8260886504801ba6,qwen36,Alibaba Cloud Model Studio,qwen3.6-flash-2026-04-16,qwen3.6-flash-2026-04-16,2.48.0,0,"{""enable_thinking"": false}",provider_default,2026-09-05T23:29:12.488702+00:00,2026-09-05T23:29:18.013302+00:00,5.525,1,success,Fairness,95,"The image explicitly depicts a professional meeting focused on an 'AI Fairness Initiative' and a 'Gender Parity Testing Framework.' The whiteboard diagrams illustrate processes for detecting bias ('Known-Bias Sample') and ensuring impartial treatment ('Unbiased Sample'), which directly aligns with the category of Fairness concerning justice, equality, and equitable outcomes. While the setting is a workplace (which could imply Care or Loyalty), the specific subject matter and visual text make Fairness the primary moral concern.",,,,,2464,127,,2591,"{
  ""label"": ""Fairness"",
  ""confidence"": 95,
  ""brief_reason"": ""The image explicitly depicts a professional meeting focused on an 'AI Fairness Initiative' and a 'Gender Parity Testing Framework.' The whiteboard diagrams illustrate processes for detecting bias ('Known-Bias Sample') and ensuring impartial treatment ('Unbiased Sample'), which directly aligns with the category of Fairness concerning justice, equality, and equitable outcomes. While the setting is a workplace (which could imply Care or Loyalty), the specific subject matter and visual text make Fairness the primary moral concern.""
}",
prompt-results-v1,visual-cue-prompt-pilot-v1,010ecf86752795948c65f735a12ca5ef23a0b79726346feeeec6b2e8a0d97fd9,20260905,4abacadab7776f19f410667a58dab254f25527fef3a254f29b2f95a6ed48d37c,a5d7b6b3a0e1865e17aafbf594cd11c2cdb152bc7447819ce53ff999372400ed,,132,3,12,3,p0,p0-baseline-v2,1c1a1676abde21bda6ea8cf6eef5a6ca2bb99ecef928005f0fe5aed4769d0fa1,b0df04e619c332a72d33e5061a92e225ef3b9a537c9dcb40ee78e063f56dfcdd,g-2,g-2.png,images/g-2.png,81625f82d1617b53b838379a4be27cbc819155fbabf5b2dc8260886504801ba6,qwen36,Alibaba Cloud Model Studio,qwen3.6-flash-2026-04-16,qwen3.6-flash-2026-04-16,2.48.0,0,"{""enable_thinking"": false}",provider_default,2026-09-05T23:29:18.543645+00:00,2026-09-05T23:29:23.764161+00:00,5.22,1,success,Fairness,95,"The image explicitly depicts a professional meeting focused on an 'AI Fairness Initiative' and a 'Gender Parity Testing Framework.' The visual evidence includes whiteboards detailing processes for detecting bias ('Known-Bias Sample') and ensuring impartial outcomes ('Pass (No Significant Deviation)'). This directly aligns with the category of Fairness, which concerns justice, equality, and equitable outcomes. No other moral categories are as strongly supported by the visible text and context.",,,,,2043,115,,2158,"{
""label"": ""Fairness"",
""confidence"": 95,
""brief_reason"": ""The image explicitly depicts a professional meeting focused on an 'AI Fairness Initiative' and a 'Gender Parity Testing Framework.' The visual evidence includes whiteboards detailing processes for detecting bias ('Known-Bias Sample') and ensuring impartial outcomes ('Pass (No Significant Deviation)'). This directly aligns with the category of Fairness, which concerns justice, equality, and equitable outcomes. No other moral categories are as strongly supported by the visible text and context.""
}",
prompt-results-v1,visual-cue-prompt-pilot-v1,010ecf86752795948c65f735a12ca5ef23a0b79726346feeeec6b2e8a0d97fd9,20260905,4abacadab7776f19f410667a58dab254f25527fef3a254f29b2f95a6ed48d37c,362d224b3d29347a6c1c161f8eba881356b6c9646cdf3c69dc5a1e25ca05513b,,133,3,13,1,p2,p2-blind-nonoverlap-cues-v1-2026-09-05,482dce5b0ed5faf3ec20bdf32b51d0eb2212e901d18dde12a59c1f710160df8d,b0df04e619c332a72d33e5061a92e225ef3b9a537c9dcb40ee78e063f56dfcdd,g-1,g-1.png,images/g-1.png,943338cbf3221f686e7f8eab88ffc3c7ca097f6fc19aae82b4af59fa203117af,qwen36,Alibaba Cloud Model Studio,qwen3.6-flash-2026-04-16,qwen3.6-flash-2026-04-16,2.48.0,0,"{""enable_thinking"": false}",provider_default,2026-09-05T23:29:24.291097+00:00,2026-09-05T23:29:30.114983+00:00,5.824,1,success,Fairness,85,"The image prominently features a person in a wheelchair positioned at the base of a staircase with no visible ramp or elevator access. This visual arrangement highlights a structural barrier that prevents equal access to the building, representing a concern for equitable opportunities and justice (accessibility). While 'Care' is relevant regarding the individual's well-being, the primary moral theme conveyed by the juxtaposition of the disability and the inaccessible architecture is the lack of fairness in the built environment.",,,,,2464,119,,2583,"{
  ""label"": ""Fairness"",
  ""confidence"": 85,
  ""brief_reason"": ""The image prominently features a person in a wheelchair positioned at the base of a staircase with no visible ramp or elevator access. This visual arrangement highlights a structural barrier that prevents equal access to the building, representing a concern for equitable opportunities and justice (accessibility). While 'Care' is relevant regarding the individual's well-being, the primary moral theme conveyed by the juxtaposition of the disability and the inaccessible architecture is the lack of fairness in the built environment.""
}",
prompt-results-v1,visual-cue-prompt-pilot-v1,010ecf86752795948c65f735a12ca5ef23a0b79726346feeeec6b2e8a0d97fd9,20260905,4abacadab7776f19f410667a58dab254f25527fef3a254f29b2f95a6ed48d37c,8cfa282f7dd268b8e9350cef5511213a25bf317b7b354d732c7d4110ccc92d82,,134,3,13,2,p0,p0-baseline-v2,1c1a1676abde21bda6ea8cf6eef5a6ca2bb99ecef928005f0fe5aed4769d0fa1,b0df04e619c332a72d33e5061a92e225ef3b9a537c9dcb40ee78e063f56dfcdd,g-1,g-1.png,images/g-1.png,943338cbf3221f686e7f8eab88ffc3c7ca097f6fc19aae82b4af59fa203117af,qwen36,Alibaba Cloud Model Studio,qwen3.6-flash-2026-04-16,qwen3.6-flash-2026-04-16,2.48.0,0,"{""enable_thinking"": false}",provider_default,2026-09-05T23:29:30.643459+00:00,2026-09-05T23:29:35.642883+00:00,4.999,1,success,Fairness,85,"The image prominently features a person in a wheelchair positioned at the base of a flight of stairs with no visible ramp or elevator access. This visual arrangement highlights a structural barrier that prevents equal access to the building, representing a concern for equity and fair treatment regarding accessibility rights. While 'Care' is relevant due to the individual's vulnerability, the primary moral weight of the scene lies in the depiction of an inaccessible environment that creates an unfair obstacle.",,,,,2043,116,,2159,"{
  ""label"": ""Fairness"",
  ""confidence"": 85,
  ""brief_reason"": ""The image prominently features a person in a wheelchair positioned at the base of a flight of stairs with no visible ramp or elevator access. This visual arrangement highlights a structural barrier that prevents equal access to the building, representing a concern for equity and fair treatment regarding accessibility rights. While 'Care' is relevant due to the individual's vulnerability, the primary moral weight of the scene lies in the depiction of an inaccessible environment that creates an unfair obstacle.""
}",
prompt-results-v1,visual-cue-prompt-pilot-v1,010ecf86752795948c65f735a12ca5ef23a0b79726346feeeec6b2e8a0d97fd9,20260905,4abacadab7776f19f410667a58dab254f25527fef3a254f29b2f95a6ed48d37c,6563192f286e6e04ec6d7a57fb3842ab9d2e0454e0e8b97491d01a3a99a47685,,135,3,13,3,p1,p1-structured-control-v1-2026-09-05,b9621814e5a2bb839e6f399c5bf42940989a14efca909b15427ab68e3ae9432d,b0df04e619c332a72d33e5061a92e225ef3b9a537c9dcb40ee78e063f56dfcdd,g-1,g-1.png,images/g-1.png,943338cbf3221f686e7f8eab88ffc3c7ca097f6fc19aae82b4af59fa203117af,qwen36,Alibaba Cloud Model Studio,qwen3.6-flash-2026-04-16,qwen3.6-flash-2026-04-16,2.48.0,0,"{""enable_thinking"": false}",provider_default,2026-09-05T23:29:36.175626+00:00,2026-09-05T23:29:41.543906+00:00,5.368,1,success,Fairness,85,"The image prominently features a person in a wheelchair facing a set of stairs with no visible ramp or elevator access. This visual arrangement highlights a barrier to entry that prevents equal access to the building, representing a concern for equitable treatment and justice (accessibility). While 'Care' is relevant regarding the individual's well-being, the structural nature of the obstacle makes 'Fairness' the primary moral theme concerning rights and opportunity.",,,,,2283,112,,2395,"{
  ""label"": ""Fairness"",
  ""confidence"": 85,
  ""brief_reason"": ""The image prominently features a person in a wheelchair facing a set of stairs with no visible ramp or elevator access. This visual arrangement highlights a barrier to entry that prevents equal access to the building, representing a concern for equitable treatment and justice (accessibility). While 'Care' is relevant regarding the individual's well-being, the structural nature of the obstacle makes 'Fairness' the primary moral theme concerning rights and opportunity.""
}",
prompt-results-v1,visual-cue-prompt-pilot-v1,010ecf86752795948c65f735a12ca5ef23a0b79726346feeeec6b2e8a0d97fd9,20260905,4abacadab7776f19f410667a58dab254f25527fef3a254f29b2f95a6ed48d37c,d1927c19ebcdc8484a3a66216cab8bd3ae31d69c50061eadd08271a16e818598,,136,3,14,1,p0,p0-baseline-v2,1c1a1676abde21bda6ea8cf6eef5a6ca2bb99ecef928005f0fe5aed4769d0fa1,b0df04e619c332a72d33e5061a92e225ef3b9a537c9dcb40ee78e063f56dfcdd,34-4,34-4.jpg,images/34-4.jpg,54b77dd8508b18cc320701e2e5d4c650978915a6fa05d172f0e86ddea6abe0a1,qwen36,Alibaba Cloud Model Studio,qwen3.6-flash-2026-04-16,qwen3.6-flash-2026-04-16,2.48.0,0,"{""enable_thinking"": false}",provider_default,2026-09-05T23:29:42.072942+00:00,2026-09-05T23:29:46.983991+00:00,4.911,1,success,Harm,85,"The image depicts a person in a state of visible distress and vulnerability within a degrading, surveillance-heavy environment. The visual cues—such as the 'CRITICAL STRESS' monitor, the subject's huddled posture, and the 'PROTOCOL FAILURE' stamp—strongly suggest physical or emotional suffering and abuse. While elements like degradation (dirty walls) and lack of care are present, the primary moral concern conveyed is the active infliction or presence of harm to the individual.",,,,,2011,125,,2136,"{
  ""label"": ""Harm"",
  ""confidence"": 85,
  ""brief_reason"": ""The image depicts a person in a state of visible distress and vulnerability within a degrading, surveillance-heavy environment. The visual cues—such as the 'CRITICAL STRESS' monitor, the subject's huddled posture, and the 'PROTOCOL FAILURE' stamp—strongly suggest physical or emotional suffering and abuse. While elements like degradation (dirty walls) and lack of care are present, the primary moral concern conveyed is the active infliction or presence of harm to the individual.""
}",
prompt-results-v1,visual-cue-prompt-pilot-v1,010ecf86752795948c65f735a12ca5ef23a0b79726346feeeec6b2e8a0d97fd9,20260905,4abacadab7776f19f410667a58dab254f25527fef3a254f29b2f95a6ed48d37c,0f2d1ec1b945cc8953837c717903554b2b0d725a14e58d1a2077581164682f9a,,137,3,14,2,p1,p1-structured-control-v1-2026-09-05,b9621814e5a2bb839e6f399c5bf42940989a14efca909b15427ab68e3ae9432d,b0df04e619c332a72d33e5061a92e225ef3b9a537c9dcb40ee78e063f56dfcdd,34-4,34-4.jpg,images/34-4.jpg,54b77dd8508b18cc320701e2e5d4c650978915a6fa05d172f0e86ddea6abe0a1,qwen36,Alibaba Cloud Model Studio,qwen3.6-flash-2026-04-16,qwen3.6-flash-2026-04-16,2.48.0,0,"{""enable_thinking"": false}",provider_default,2026-09-05T23:29:47.510078+00:00,2026-09-05T23:29:53.052128+00:00,5.542,1,success,Harm,85,"The image depicts a person in a state of visible distress and physical vulnerability (huddled posture, unkempt appearance) within a degrading environment. The scene is saturated with indicators of suffering and threat: surveillance cameras with red lights, a monitor displaying 'CRITICAL STRESS' and 'IRREGULAR' vital signs, and signs indicating 'PROTOCOL FAILURE.' These elements strongly convey the primary moral concern of harm—specifically emotional suffering, neglect, and the infliction of psychological stress.",,,,,2251,127,,2378,"{
  ""label"": ""Harm"",
  ""confidence"": 85,
  ""brief_reason"": ""The image depicts a person in a state of visible distress and physical vulnerability (huddled posture, unkempt appearance) within a degrading environment. The scene is saturated with indicators of suffering and threat: surveillance cameras with red lights, a monitor displaying 'CRITICAL STRESS' and 'IRREGULAR' vital signs, and signs indicating 'PROTOCOL FAILURE.' These elements strongly convey the primary moral concern of harm—specifically emotional suffering, neglect, and the infliction of psychological stress.""
}",
prompt-results-v1,visual-cue-prompt-pilot-v1,010ecf86752795948c65f735a12ca5ef23a0b79726346feeeec6b2e8a0d97fd9,20260905,4abacadab7776f19f410667a58dab254f25527fef3a254f29b2f95a6ed48d37c,9ab73fcf9fd7ab4573f78d51f6ee79a7e003734dbaeedaf1deed08de57fcaf34,,138,3,14,3,p2,p2-blind-nonoverlap-cues-v1-2026-09-05,482dce5b0ed5faf3ec20bdf32b51d0eb2212e901d18dde12a59c1f710160df8d,b0df04e619c332a72d33e5061a92e225ef3b9a537c9dcb40ee78e063f56dfcdd,34-4,34-4.jpg,images/34-4.jpg,54b77dd8508b18cc320701e2e5d4c650978915a6fa05d172f0e86ddea6abe0a1,qwen36,Alibaba Cloud Model Studio,qwen3.6-flash-2026-04-16,qwen3.6-flash-2026-04-16,2.48.0,0,"{""enable_thinking"": false}",provider_default,2026-09-05T23:29:53.581086+00:00,2026-09-05T23:29:59.268985+00:00,5.688,1,success,Harm,85,"The image depicts a person in a state of visible distress and physical suffering (huddled posture, disheveled appearance) within a degrading environment. The scene is saturated with cues indicating abuse and cruelty, such as the 'CRITICAL' vital signs monitor showing stress, surveillance cameras with red lights, and signs demanding 'NO CONTACT.' While the setting implies degradation, the primary moral concern conveyed by the subject's vulnerable condition and the hostile atmosphere is the infliction or presence of harm.",,,,,2432,126,,2558,"{
  ""label"": ""Harm"",
  ""confidence"": 85,
  ""brief_reason"": ""The image depicts a person in a state of visible distress and physical suffering (huddled posture, disheveled appearance) within a degrading environment. The scene is saturated with cues indicating abuse and cruelty, such as the 'CRITICAL' vital signs monitor showing stress, surveillance cameras with red lights, and signs demanding 'NO CONTACT.' While the setting implies degradation, the primary moral concern conveyed by the subject's vulnerable condition and the hostile atmosphere is the infliction or presence of harm.""
}",
prompt-results-v1,visual-cue-prompt-pilot-v1,010ecf86752795948c65f735a12ca5ef23a0b79726346feeeec6b2e8a0d97fd9,20260905,4abacadab7776f19f410667a58dab254f25527fef3a254f29b2f95a6ed48d37c,5e1abe0b143dfc36ab3934ec75eaa67934fd284653378d8c9a3650a0c767fc19,,139,3,15,1,p1,p1-structured-control-v1-2026-09-05,b9621814e5a2bb839e6f399c5bf42940989a14efca909b15427ab68e3ae9432d,b0df04e619c332a72d33e5061a92e225ef3b9a537c9dcb40ee78e063f56dfcdd,16-2,16-2.jpg,images/16-2.jpg,b19fe338347260d6f82e12bf5b43634b2f0503089cdbb715f9dfe13c1d5639b4,qwen36,Alibaba Cloud Model Studio,qwen3.6-flash-2026-04-16,qwen3.6-flash-2026-04-16,2.48.0,0,"{""enable_thinking"": false}",provider_default,2026-09-05T23:29:59.796397+00:00,2026-09-05T23:30:03.005133+00:00,3.209,1,success,Harm,95,"The image explicitly depicts a physical altercation where one individual is aggressively restraining another from behind. The visible distress on the faces of both subjects, combined with the aggressive physical contact (grasping the neck and chest), strongly conveys violence and physical suffering, which falls squarely under the category of Harm.",,,,,1755,88,,1843,"{
  ""label"": ""Harm"",
  ""confidence"": 95,
  ""brief_reason"": ""The image explicitly depicts a physical altercation where one individual is aggressively restraining another from behind. The visible distress on the faces of both subjects, combined with the aggressive physical contact (grasping the neck and chest), strongly conveys violence and physical suffering, which falls squarely under the category of Harm.""
}",
prompt-results-v1,visual-cue-prompt-pilot-v1,010ecf86752795948c65f735a12ca5ef23a0b79726346feeeec6b2e8a0d97fd9,20260905,4abacadab7776f19f410667a58dab254f25527fef3a254f29b2f95a6ed48d37c,69922bcca4471ac2d513958aef944bc9c18bda139cb6a33f222765a21c9b4e5f,,140,3,15,2,p2,p2-blind-nonoverlap-cues-v1-2026-09-05,482dce5b0ed5faf3ec20bdf32b51d0eb2212e901d18dde12a59c1f710160df8d,b0df04e619c332a72d33e5061a92e225ef3b9a537c9dcb40ee78e063f56dfcdd,16-2,16-2.jpg,images/16-2.jpg,b19fe338347260d6f82e12bf5b43634b2f0503089cdbb715f9dfe13c1d5639b4,qwen36,Alibaba Cloud Model Studio,qwen3.6-flash-2026-04-16,qwen3.6-flash-2026-04-16,2.48.0,0,"{""enable_thinking"": false}",provider_default,2026-09-05T23:30:03.533950+00:00,2026-09-05T23:30:06.875625+00:00,3.342,1,success,Harm,95,The image explicitly depicts a physical altercation where one individual is aggressively restraining another from behind. The visible distress on the front person's face and the aggressive posture of the rear person clearly convey violence and the infliction of physical suffering.,,,,,1936,74,,2010,"{
  ""label"": ""Harm"",
  ""confidence"": 95,
  ""brief_reason"": ""The image explicitly depicts a physical altercation where one individual is aggressively restraining another from behind. The visible distress on the front person's face and the aggressive posture of the rear person clearly convey violence and the infliction of physical suffering.""
}",
prompt-results-v1,visual-cue-prompt-pilot-v1,010ecf86752795948c65f735a12ca5ef23a0b79726346feeeec6b2e8a0d97fd9,20260905,4abacadab7776f19f410667a58dab254f25527fef3a254f29b2f95a6ed48d37c,952e1b3937a61541bdc25346722a72f842a0cb322c52c72979423d946d5647bd,,141,3,15,3,p0,p0-baseline-v2,1c1a1676abde21bda6ea8cf6eef5a6ca2bb99ecef928005f0fe5aed4769d0fa1,b0df04e619c332a72d33e5061a92e225ef3b9a537c9dcb40ee78e063f56dfcdd,16-2,16-2.jpg,images/16-2.jpg,b19fe338347260d6f82e12bf5b43634b2f0503089cdbb715f9dfe13c1d5639b4,qwen36,Alibaba Cloud Model Studio,qwen3.6-flash-2026-04-16,qwen3.6-flash-2026-04-16,2.48.0,0,"{""enable_thinking"": false}",provider_default,2026-09-05T23:30:07.407136+00:00,2026-09-05T23:30:10.614752+00:00,3.208,1,success,Harm,95,"The image explicitly depicts a scene of physical violence and suffering. One individual is physically restraining another from behind in a manner that suggests choking or suffocation, while the victim displays visible signs of extreme distress and pain (grimacing, hands clutching chest). This visual evidence strongly supports 'Harm' as the primary moral concern regarding injury and cruelty.",,,,,1515,98,,1613,"{
  ""label"": ""Harm"",
  ""confidence"": 95,
  ""brief_reason"": ""The image explicitly depicts a scene of physical violence and suffering. One individual is physically restraining another from behind in a manner that suggests choking or suffocation, while the victim displays visible signs of extreme distress and pain (grimacing, hands clutching chest). This visual evidence strongly supports 'Harm' as the primary moral concern regarding injury and cruelty.""
}",
prompt-results-v1,visual-cue-prompt-pilot-v1,010ecf86752795948c65f735a12ca5ef23a0b79726346feeeec6b2e8a0d97fd9,20260905,4abacadab7776f19f410667a58dab254f25527fef3a254f29b2f95a6ed48d37c,9d144786e1857f4c3bfc2a6f7212e95272e3c4841e22f530631b08a9b3e2ebc7,,142,3,16,1,p0,p0-baseline-v2,1c1a1676abde21bda6ea8cf6eef5a6ca2bb99ecef928005f0fe5aed4769d0fa1,b0df04e619c332a72d33e5061a92e225ef3b9a537c9dcb40ee78e063f56dfcdd,o-2,o-2.jpg,images/o-2.jpg,21aa96fa08ee7513fe40f6f363813482ecc5d47bee6902d10ca1e7f04b65a45c,qwen36,Alibaba Cloud Model Studio,qwen3.6-flash-2026-04-16,qwen3.6-flash-2026-04-16,2.48.0,0,"{""enable_thinking"": false}",provider_default,2026-09-05T23:30:11.142430+00:00,2026-09-05T23:30:13.982274+00:00,2.84,1,success,None of these / Not clearly moral in nature,95,"The image depicts a standard competitive athletic event (a track race start). While sports involve concepts like fairness and cheating, the visual evidence shows athletes competing within their lanes without any visible signs of rule-breaking, unfair treatment, injury, or other morally charged actions. The scene is a neutral depiction of sport rather than a specific moral concern.",,,,,1638,102,,1740,"{
  ""label"": ""None of these / Not clearly moral in nature"",
  ""confidence"": 95,
  ""brief_reason"": ""The image depicts a standard competitive athletic event (a track race start). While sports involve concepts like fairness and cheating, the visual evidence shows athletes competing within their lanes without any visible signs of rule-breaking, unfair treatment, injury, or other morally charged actions. The scene is a neutral depiction of sport rather than a specific moral concern.""
}",
prompt-results-v1,visual-cue-prompt-pilot-v1,010ecf86752795948c65f735a12ca5ef23a0b79726346feeeec6b2e8a0d97fd9,20260905,4abacadab7776f19f410667a58dab254f25527fef3a254f29b2f95a6ed48d37c,b6e923b88f21342ef896b64609062fdda44ef254a202490cc67a66d3fa74c383,,143,3,16,2,p1,p1-structured-control-v1-2026-09-05,b9621814e5a2bb839e6f399c5bf42940989a14efca909b15427ab68e3ae9432d,b0df04e619c332a72d33e5061a92e225ef3b9a537c9dcb40ee78e063f56dfcdd,o-2,o-2.jpg,images/o-2.jpg,21aa96fa08ee7513fe40f6f363813482ecc5d47bee6902d10ca1e7f04b65a45c,qwen36,Alibaba Cloud Model Studio,qwen3.6-flash-2026-04-16,qwen3.6-flash-2026-04-16,2.48.0,0,"{""enable_thinking"": false}",provider_default,2026-09-05T23:30:14.509599+00:00,2026-09-05T23:30:17.528022+00:00,3.019,1,success,None of these / Not clearly moral in nature,95,"The image depicts a standard competitive athletic event (a track race start). While sports inherently involve concepts like fairness and cheating, the visual evidence shows athletes competing within the rules of their sport. There is no visible evidence of rule-breaking, unfair treatment, harm, or other specific moral violations listed in the categories. The scene represents normal competition rather than a distinct moral concern.",,,,,1878,109,,1987,"{
  ""label"": ""None of these / Not clearly moral in nature"",
  ""confidence"": 95,
  ""brief_reason"": ""The image depicts a standard competitive athletic event (a track race start). While sports inherently involve concepts like fairness and cheating, the visual evidence shows athletes competing within the rules of their sport. There is no visible evidence of rule-breaking, unfair treatment, harm, or other specific moral violations listed in the categories. The scene represents normal competition rather than a distinct moral concern.""
}",
prompt-results-v1,visual-cue-prompt-pilot-v1,010ecf86752795948c65f735a12ca5ef23a0b79726346feeeec6b2e8a0d97fd9,20260905,4abacadab7776f19f410667a58dab254f25527fef3a254f29b2f95a6ed48d37c,d8ef3220b4b42e87f3adaf9d47970dd64d0a809800cdd58d937d89d6df846975,,144,3,16,3,p2,p2-blind-nonoverlap-cues-v1-2026-09-05,482dce5b0ed5faf3ec20bdf32b51d0eb2212e901d18dde12a59c1f710160df8d,b0df04e619c332a72d33e5061a92e225ef3b9a537c9dcb40ee78e063f56dfcdd,o-2,o-2.jpg,images/o-2.jpg,21aa96fa08ee7513fe40f6f363813482ecc5d47bee6902d10ca1e7f04b65a45c,qwen36,Alibaba Cloud Model Studio,qwen3.6-flash-2026-04-16,qwen3.6-flash-2026-04-16,2.48.0,0,"{""enable_thinking"": false}",provider_default,2026-09-05T23:30:18.057608+00:00,2026-09-05T23:30:20.995815+00:00,2.938,1,success,None of these / Not clearly moral in nature,95,"The image depicts a standard competitive athletic event (a track race start). While sports involve concepts like fairness and cheating, the visual evidence shows athletes competing within their lanes without any visible signs of rule-breaking, unfair treatment, injury, or other morally charged actions. The scene is a neutral depiction of sport rather than a specific moral scenario.",,,,,2059,102,,2161,"{
  ""label"": ""None of these / Not clearly moral in nature"",
  ""confidence"": 95,
  ""brief_reason"": ""The image depicts a standard competitive athletic event (a track race start). While sports involve concepts like fairness and cheating, the visual evidence shows athletes competing within their lanes without any visible signs of rule-breaking, unfair treatment, injury, or other morally charged actions. The scene is a neutral depiction of sport rather than a specific moral scenario.""
}",
prompt-results-v1,visual-cue-prompt-pilot-v1,010ecf86752795948c65f735a12ca5ef23a0b79726346feeeec6b2e8a0d97fd9,20260905,4abacadab7776f19f410667a58dab254f25527fef3a254f29b2f95a6ed48d37c,3e7f30399566bfa4ae9eeeee2e5ed9fa70a19c175d60575bc51ef35aef31cd56,,1,1,1,1,p2,p2-blind-nonoverlap-cues-v1-2026-09-05,482dce5b0ed5faf3ec20bdf32b51d0eb2212e901d18dde12a59c1f710160df8d,b0df04e619c332a72d33e5061a92e225ef3b9a537c9dcb40ee78e063f56dfcdd,16-2,16-2.jpg,images/16-2.jpg,b19fe338347260d6f82e12bf5b43634b2f0503089cdbb715f9dfe13c1d5639b4,gpt56,OpenAI,gpt-5.6,gpt-5.6-sol,2.48.0,0,"{""effort"": ""none""}",high,2026-09-06T00:01:59.422195+00:00,2026-09-06T00:02:05.561578+00:00,6.139,1,success,Harm,82,"One man is visibly restraining the other from behind with an arm around his neck and chest, while both show strained or distressed expressions. This strongly suggests a painful physical struggle, though the exact seriousness or whether it is staged cannot be determined from the image alone.",,,,,2072,77,0,2149,"{""label"":""Harm"",""confidence"":82,""brief_reason"":""One man is visibly restraining the other from behind with an arm around his neck and chest, while both show strained or distressed expressions. This strongly suggests a painful physical struggle, though the exact seriousness or whether it is staged cannot be determined from the image alone.""}",
prompt-results-v1,visual-cue-prompt-pilot-v1,010ecf86752795948c65f735a12ca5ef23a0b79726346feeeec6b2e8a0d97fd9,20260905,4abacadab7776f19f410667a58dab254f25527fef3a254f29b2f95a6ed48d37c,54c89c2dff3e6d4bf77d959c197436dbc0d8ad6824aa076000b45be601d0d690,,2,1,1,2,p0,p0-baseline-v2,1c1a1676abde21bda6ea8cf6eef5a6ca2bb99ecef928005f0fe5aed4769d0fa1,b0df04e619c332a72d33e5061a92e225ef3b9a537c9dcb40ee78e063f56dfcdd,16-2,16-2.jpg,images/16-2.jpg,b19fe338347260d6f82e12bf5b43634b2f0503089cdbb715f9dfe13c1d5639b4,gpt56,OpenAI,gpt-5.6,gpt-5.6-sol,2.48.0,0,"{""effort"": ""none""}",high,2026-09-06T00:02:06.081181+00:00,2026-09-06T00:02:09.756366+00:00,3.675,1,success,Harm,88,"One man is visibly restraining the other from behind with an arm around his neck, while both show strained or distressed expressions. The scene strongly suggests physical aggression or pain, though the possibility of staged or playful roughhousing creates some uncertainty.",,,,,1665,72,0,1737,"{""label"":""Harm"",""confidence"":88,""brief_reason"":""One man is visibly restraining the other from behind with an arm around his neck, while both show strained or distressed expressions. The scene strongly suggests physical aggression or pain, though the possibility of staged or playful roughhousing creates some uncertainty.""}",
prompt-results-v1,visual-cue-prompt-pilot-v1,010ecf86752795948c65f735a12ca5ef23a0b79726346feeeec6b2e8a0d97fd9,20260905,4abacadab7776f19f410667a58dab254f25527fef3a254f29b2f95a6ed48d37c,cbd246737d725090bd2bf80a561fa3ba0658105a28d5dc624a3ee894584d5640,,3,1,1,3,p1,p1-structured-control-v1-2026-09-05,b9621814e5a2bb839e6f399c5bf42940989a14efca909b15427ab68e3ae9432d,b0df04e619c332a72d33e5061a92e225ef3b9a537c9dcb40ee78e063f56dfcdd,16-2,16-2.jpg,images/16-2.jpg,b19fe338347260d6f82e12bf5b43634b2f0503089cdbb715f9dfe13c1d5639b4,gpt56,OpenAI,gpt-5.6,gpt-5.6-sol,2.48.0,0,"{""effort"": ""none""}",high,2026-09-06T00:02:10.284391+00:00,2026-09-06T00:02:14.541081+00:00,4.257,1,success,Harm,82,"One man is visibly restraining the other from behind with an arm around his neck and torso, while both show strained or distressed expressions. This strongly suggests a painful physical struggle, though the still image leaves some ambiguity as to whether it is genuine aggression or staged play.",,,,,1896,78,0,1974,"{""label"":""Harm"",""confidence"":82,""brief_reason"":""One man is visibly restraining the other from behind with an arm around his neck and torso, while both show strained or distressed expressions. This strongly suggests a painful physical struggle, though the still image leaves some ambiguity as to whether it is genuine aggression or staged play.""}",
prompt-results-v1,visual-cue-prompt-pilot-v1,010ecf86752795948c65f735a12ca5ef23a0b79726346feeeec6b2e8a0d97fd9,20260905,4abacadab7776f19f410667a58dab254f25527fef3a254f29b2f95a6ed48d37c,615b1983dc2a2b98ecf690d9cf76663be215462fcd15e4391481330ae23a9a60,,4,1,2,1,p0,p0-baseline-v2,1c1a1676abde21bda6ea8cf6eef5a6ca2bb99ecef928005f0fe5aed4769d0fa1,b0df04e619c332a72d33e5061a92e225ef3b9a537c9dcb40ee78e063f56dfcdd,o-1,o-1.jpg,images/o-1.jpg,465ce5e16a46ae2345602e9171dd9d71e3f2541db1587e0b00b60a3ad76e919e,gpt56,OpenAI,gpt-5.6,gpt-5.6-sol,2.48.0,0,"{""effort"": ""none""}",high,2026-09-06T00:02:15.070087+00:00,2026-09-06T00:02:19.784296+00:00,4.714,1,success,Cheating,88,"The young man is visibly looking toward the young woman's paper while both are writing, strongly suggesting he is copying her work to gain an unfair advantage. The exact context is not shown, so ordinary collaboration is possible, but their separate papers and his sideways glance make cheating the dominant interpretation.",,,,,1664,81,0,1745,"{""label"":""Cheating"",""confidence"":88,""brief_reason"":""The young man is visibly looking toward the young woman's paper while both are writing, strongly suggesting he is copying her work to gain an unfair advantage. The exact context is not shown, so ordinary collaboration is possible, but their separate papers and his sideways glance make cheating the dominant interpretation.""}",
prompt-results-v1,visual-cue-prompt-pilot-v1,010ecf86752795948c65f735a12ca5ef23a0b79726346feeeec6b2e8a0d97fd9,20260905,4abacadab7776f19f410667a58dab254f25527fef3a254f29b2f95a6ed48d37c,802b4664558841a57e01c4a1e75b7c68e12286bb3896be0f4d37d37d4cf22238,,5,1,2,2,p1,p1-structured-control-v1-2026-09-05,b9621814e5a2bb839e6f399c5bf42940989a14efca909b15427ab68e3ae9432d,b0df04e619c332a72d33e5061a92e225ef3b9a537c9dcb40ee78e063f56dfcdd,o-1,o-1.jpg,images/o-1.jpg,465ce5e16a46ae2345602e9171dd9d71e3f2541db1587e0b00b60a3ad76e919e,gpt56,OpenAI,gpt-5.6,gpt-5.6-sol,2.48.0,0,"{""effort"": ""none""}",high,2026-09-06T00:02:20.314852+00:00,2026-09-06T00:02:26.540630+00:00,6.226,1,success,Cheating,88,"The young man is visibly looking toward the young woman's paper while both are writing, strongly suggesting he is copying her work to gain an unfair advantage. Some uncertainty remains because the image does not explicitly establish that this is a test or that looking at her paper is prohibited.",,,,,1895,78,0,1973,"{""label"":""Cheating"",""confidence"":88,""brief_reason"":""The young man is visibly looking toward the young woman's paper while both are writing, strongly suggesting he is copying her work to gain an unfair advantage. Some uncertainty remains because the image does not explicitly establish that this is a test or that looking at her paper is prohibited.""}",
prompt-results-v1,visual-cue-prompt-pilot-v1,010ecf86752795948c65f735a12ca5ef23a0b79726346feeeec6b2e8a0d97fd9,20260905,4abacadab7776f19f410667a58dab254f25527fef3a254f29b2f95a6ed48d37c,4a803fcee1d3d8cb98011e47b8f0c333bbf158fd9ec5e02438e6c2ff58b95f4a,,6,1,2,3,p2,p2-blind-nonoverlap-cues-v1-2026-09-05,482dce5b0ed5faf3ec20bdf32b51d0eb2212e901d18dde12a59c1f710160df8d,b0df04e619c332a72d33e5061a92e225ef3b9a537c9dcb40ee78e063f56dfcdd,o-1,o-1.jpg,images/o-1.jpg,465ce5e16a46ae2345602e9171dd9d71e3f2541db1587e0b00b60a3ad76e919e,gpt56,OpenAI,gpt-5.6,gpt-5.6-sol,2.48.0,0,"{""effort"": ""none""}",high,2026-09-06T00:02:27.069623+00:00,2026-09-06T00:02:31.499682+00:00,4.43,1,success,Cheating,88,"The young man is visibly looking toward the young woman's paper while both are writing, strongly suggesting he is copying or seeking an unfair advantage. The exact intent is not certain from a still image, but the coordinated gaze and test-like setting make cheating more plausible than a morally neutral interaction.",,,,,2071,81,0,2152,"{""label"":""Cheating"",""confidence"":88,""brief_reason"":""The young man is visibly looking toward the young woman's paper while both are writing, strongly suggesting he is copying or seeking an unfair advantage. The exact intent is not certain from a still image, but the coordinated gaze and test-like setting make cheating more plausible than a morally neutral interaction.""}",
prompt-results-v1,visual-cue-prompt-pilot-v1,010ecf86752795948c65f735a12ca5ef23a0b79726346feeeec6b2e8a0d97fd9,20260905,4abacadab7776f19f410667a58dab254f25527fef3a254f29b2f95a6ed48d37c,3890877bbc7f6c917b3b0b92521017e9664ef816097d17f78f49ea38ea0475bf,,7,1,3,1,p1,p1-structured-control-v1-2026-09-05,b9621814e5a2bb839e6f399c5bf42940989a14efca909b15427ab68e3ae9432d,b0df04e619c332a72d33e5061a92e225ef3b9a537c9dcb40ee78e063f56dfcdd,37-3,37-3.jpg,images/37-3.jpg,368cf7b7ef47e0933e9b60541ae321361571d2dbc8bd6b7deb0dc657f9a54e21,gpt56,OpenAI,gpt-5.6,gpt-5.6-sol,2.48.0,0,"{""effort"": ""none""}",high,2026-09-06T00:02:32.025889+00:00,2026-09-06T00:02:39.235747+00:00,7.21,1,success,Care,76,"A woman sits alone in a dim, cluttered room, holding her head while looking tearful or distressed at a social-media post. The scene primarily emphasizes emotional vulnerability and a need for support. Harm is plausible because she appears to be suffering, but no harmful act or perpetrator is visibly shown.",,,,,2462,84,0,2546,"{""label"":""Care"",""confidence"":76,""brief_reason"":""A woman sits alone in a dim, cluttered room, holding her head while looking tearful or distressed at a social-media post. The scene primarily emphasizes emotional vulnerability and a need for support. Harm is plausible because she appears to be suffering, but no harmful act or perpetrator is visibly shown.""}",
prompt-results-v1,visual-cue-prompt-pilot-v1,010ecf86752795948c65f735a12ca5ef23a0b79726346feeeec6b2e8a0d97fd9,20260905,4abacadab7776f19f410667a58dab254f25527fef3a254f29b2f95a6ed48d37c,aa1b85e920e8e35651ecbf0fcce97d9c0a3587e43eb21b11c6b7caf962c86292,,8,1,3,2,p2,p2-blind-nonoverlap-cues-v1-2026-09-05,482dce5b0ed5faf3ec20bdf32b51d0eb2212e901d18dde12a59c1f710160df8d,b0df04e619c332a72d33e5061a92e225ef3b9a537c9dcb40ee78e063f56dfcdd,37-3,37-3.jpg,images/37-3.jpg,368cf7b7ef47e0933e9b60541ae321361571d2dbc8bd6b7deb0dc657f9a54e21,gpt56,OpenAI,gpt-5.6,gpt-5.6-sol,2.48.0,0,"{""effort"": ""none""}",high,2026-09-06T00:02:39.761945+00:00,2026-09-06T00:02:46.284756+00:00,6.523,1,success,Care,72,"The woman appears visibly distressed and isolated, with tears, a downcast expression, and a hand held to her head while looking at her phone. This conveys vulnerability and concern for her emotional well-being. Harm is also plausible because she appears to be suffering, but no harmful act or perpetrator is visibly shown.",,,,,2638,86,0,2724,"{""label"":""Care"",""confidence"":72,""brief_reason"":""The woman appears visibly distressed and isolated, with tears, a downcast expression, and a hand held to her head while looking at her phone. This conveys vulnerability and concern for her emotional well-being. Harm is also plausible because she appears to be suffering, but no harmful act or perpetrator is visibly shown.""}",
prompt-results-v1,visual-cue-prompt-pilot-v1,010ecf86752795948c65f735a12ca5ef23a0b79726346feeeec6b2e8a0d97fd9,20260905,4abacadab7776f19f410667a58dab254f25527fef3a254f29b2f95a6ed48d37c,f67164e0f918478af5e713eeecdce16440a759bf2d1c226933731c605372f895,,9,1,3,3,p0,p0-baseline-v2,1c1a1676abde21bda6ea8cf6eef5a6ca2bb99ecef928005f0fe5aed4769d0fa1,b0df04e619c332a72d33e5061a92e225ef3b9a537c9dcb40ee78e063f56dfcdd,37-3,37-3.jpg,images/37-3.jpg,368cf7b7ef47e0933e9b60541ae321361571d2dbc8bd6b7deb0dc657f9a54e21,gpt56,OpenAI,gpt-5.6,gpt-5.6-sol,2.48.0,0,"{""effort"": ""none""}",high,2026-09-06T00:02:46.816325+00:00,2026-09-06T00:02:53.160599+00:00,6.344,1,success,Care,78,"The woman appears visibly distressed and isolated, with tears or reddened eyes, a downcast expression, and discarded tissues around her while viewing a social-media post. The scene primarily emphasizes emotional vulnerability and a need for support. Harm is also plausible because emotional suffering is visible, but no perpetrator or harmful act is shown.",,,,,2231,88,0,2319,"{""label"":""Care"",""confidence"":78,""brief_reason"":""The woman appears visibly distressed and isolated, with tears or reddened eyes, a downcast expression, and discarded tissues around her while viewing a social-media post. The scene primarily emphasizes emotional vulnerability and a need for support. Harm is also plausible because emotional suffering is visible, but no perpetrator or harmful act is shown.""}",
prompt-results-v1,visual-cue-prompt-pilot-v1,010ecf86752795948c65f735a12ca5ef23a0b79726346feeeec6b2e8a0d97fd9,20260905,4abacadab7776f19f410667a58dab254f25527fef3a254f29b2f95a6ed48d37c,7cd1283f53098a19ab94b9b87ab67d451310a114e68e685aa5a07afad3d5d6de,,10,1,4,1,p0,p0-baseline-v2,1c1a1676abde21bda6ea8cf6eef5a6ca2bb99ecef928005f0fe5aed4769d0fa1,b0df04e619c332a72d33e5061a92e225ef3b9a537c9dcb40ee78e063f56dfcdd,g-1,g-1.png,images/g-1.png,943338cbf3221f686e7f8eab88ffc3c7ca097f6fc19aae82b4af59fa203117af,gpt56,OpenAI,gpt-5.6,gpt-5.6-sol,2.48.0,0,"{""effort"": ""none""}",high,2026-09-06T00:02:53.688015+00:00,2026-09-06T00:03:00.171660+00:00,6.484,1,success,Fairness,91,"A wheelchair user faces a prominent staircase at the building entrance, with no visible ramp or accessible route. This strongly conveys unequal access and exclusion. Care is also plausible because the person is visibly in need of accommodation, but the dominant concern is equitable access.",,,,,2270,75,0,2345,"{""label"":""Fairness"",""confidence"":91,""brief_reason"":""A wheelchair user faces a prominent staircase at the building entrance, with no visible ramp or accessible route. This strongly conveys unequal access and exclusion. Care is also plausible because the person is visibly in need of accommodation, but the dominant concern is equitable access.""}",
prompt-results-v1,visual-cue-prompt-pilot-v1,010ecf86752795948c65f735a12ca5ef23a0b79726346feeeec6b2e8a0d97fd9,20260905,4abacadab7776f19f410667a58dab254f25527fef3a254f29b2f95a6ed48d37c,46001e5f12e94808ecf10183631982d510776a49f1f6367240894821fd2c6046,,11,1,4,2,p1,p1-structured-control-v1-2026-09-05,b9621814e5a2bb839e6f399c5bf42940989a14efca909b15427ab68e3ae9432d,b0df04e619c332a72d33e5061a92e225ef3b9a537c9dcb40ee78e063f56dfcdd,g-1,g-1.png,images/g-1.png,943338cbf3221f686e7f8eab88ffc3c7ca097f6fc19aae82b4af59fa203117af,gpt56,OpenAI,gpt-5.6,gpt-5.6-sol,2.48.0,0,"{""effort"": ""none""}",high,2026-09-06T00:03:00.699860+00:00,2026-09-06T00:03:07.175240+00:00,6.475,1,success,Fairness,92,"A wheelchair user faces a prominent entrance reachable only by a long staircase, with no visible ramp or accessible route. The scene strongly conveys unequal access; Care is also plausible because of the person's vulnerability, but the architectural barrier makes fairness and equal opportunity the primary concern.",,,,,2501,77,0,2578,"{""label"":""Fairness"",""confidence"":92,""brief_reason"":""A wheelchair user faces a prominent entrance reachable only by a long staircase, with no visible ramp or accessible route. The scene strongly conveys unequal access; Care is also plausible because of the person's vulnerability, but the architectural barrier makes fairness and equal opportunity the primary concern.""}",
prompt-results-v1,visual-cue-prompt-pilot-v1,010ecf86752795948c65f735a12ca5ef23a0b79726346feeeec6b2e8a0d97fd9,20260905,4abacadab7776f19f410667a58dab254f25527fef3a254f29b2f95a6ed48d37c,5af40f8f71e9c20a77d700cc689c46c5c81fb4d128d2288523788d3cad7a75ef,,12,1,4,3,p2,p2-blind-nonoverlap-cues-v1-2026-09-05,482dce5b0ed5faf3ec20bdf32b51d0eb2212e901d18dde12a59c1f710160df8d,b0df04e619c332a72d33e5061a92e225ef3b9a537c9dcb40ee78e063f56dfcdd,g-1,g-1.png,images/g-1.png,943338cbf3221f686e7f8eab88ffc3c7ca097f6fc19aae82b4af59fa203117af,gpt56,OpenAI,gpt-5.6,gpt-5.6-sol,2.48.0,0,"{""effort"": ""none""}",high,2026-09-06T00:03:07.700650+00:00,2026-09-06T00:03:12.700579+00:00,5.0,1,success,Fairness,91,"A wheelchair user faces a prominent entrance reachable only by a long staircase, with no visible ramp or accessible route. This strongly conveys unequal access; Care is also plausible because the person is in a vulnerable situation, but the architectural barrier makes fairness and equal opportunity the primary concern.",,,,,2677,79,0,2756,"{""label"":""Fairness"",""confidence"":91,""brief_reason"":""A wheelchair user faces a prominent entrance reachable only by a long staircase, with no visible ramp or accessible route. This strongly conveys unequal access; Care is also plausible because the person is in a vulnerable situation, but the architectural barrier makes fairness and equal opportunity the primary concern.""}",
prompt-results-v1,visual-cue-prompt-pilot-v1,010ecf86752795948c65f735a12ca5ef23a0b79726346feeeec6b2e8a0d97fd9,20260905,4abacadab7776f19f410667a58dab254f25527fef3a254f29b2f95a6ed48d37c,820c0fe1f965eb0647141f8c6b9518f8e83b6ba06251fcbf26cad7e4d3b6fbfb,,13,1,5,1,p2,p2-blind-nonoverlap-cues-v1-2026-09-05,482dce5b0ed5faf3ec20bdf32b51d0eb2212e901d18dde12a59c1f710160df8d,b0df04e619c332a72d33e5061a92e225ef3b9a537c9dcb40ee78e063f56dfcdd,35-3,35-3.jpg,images/35-3.jpg,10205cc5ff7b04e752488d2961e48affc5f0a07ee8b10d130097b4f6c44be1db,gpt56,OpenAI,gpt-5.6,gpt-5.6-sol,2.48.0,0,"{""effort"": ""none""}",high,2026-09-06T00:03:13.232537+00:00,2026-09-06T00:03:19.091646+00:00,5.859,1,success,None of these / Not clearly moral in nature,96,"The image shows a formal wedding reception with a newly married couple, guests applauding, and a celebratory banner and cake. Although commitment and tradition are present, no clear moral concern or morally significant conflict is visibly emphasized.",,,,,2638,76,0,2714,"{""label"":""None of these / Not clearly moral in nature"",""confidence"":96,""brief_reason"":""The image shows a formal wedding reception with a newly married couple, guests applauding, and a celebratory banner and cake. Although commitment and tradition are present, no clear moral concern or morally significant conflict is visibly emphasized.""}",
prompt-results-v1,visual-cue-prompt-pilot-v1,010ecf86752795948c65f735a12ca5ef23a0b79726346feeeec6b2e8a0d97fd9,20260905,4abacadab7776f19f410667a58dab254f25527fef3a254f29b2f95a6ed48d37c,f8085f97c4849ea7e9bf731125141eb6142cd570ec46671361a73a2f50afa318,,14,1,5,2,p0,p0-baseline-v2,1c1a1676abde21bda6ea8cf6eef5a6ca2bb99ecef928005f0fe5aed4769d0fa1,b0df04e619c332a72d33e5061a92e225ef3b9a537c9dcb40ee78e063f56dfcdd,35-3,35-3.jpg,images/35-3.jpg,10205cc5ff7b04e752488d2961e48affc5f0a07ee8b10d130097b4f6c44be1db,gpt56,OpenAI,gpt-5.6,gpt-5.6-sol,2.48.0,0,"{""effort"": ""none""}",high,2026-09-06T00:03:19.618891+00:00,2026-09-06T00:03:26.924480+00:00,7.306,1,success,None of these / Not clearly moral in nature,96,"The image shows a formal wedding reception with a newly married couple, guests applauding, and a celebratory banner and cake. Although marriage can involve commitment and tradition, no specific moral concern or morally significant action is clearly emphasized.",,,,,2231,77,0,2308,"{""label"":""None of these / Not clearly moral in nature"",""confidence"":96,""brief_reason"":""The image shows a formal wedding reception with a newly married couple, guests applauding, and a celebratory banner and cake. Although marriage can involve commitment and tradition, no specific moral concern or morally significant action is clearly emphasized.""}",
prompt-results-v1,visual-cue-prompt-pilot-v1,010ecf86752795948c65f735a12ca5ef23a0b79726346feeeec6b2e8a0d97fd9,20260905,4abacadab7776f19f410667a58dab254f25527fef3a254f29b2f95a6ed48d37c,fc34b756cfcd82c2760c90eac4536b837a0d6b3ecf82cf3d75caefa2515bd36a,,15,1,5,3,p1,p1-structured-control-v1-2026-09-05,b9621814e5a2bb839e6f399c5bf42940989a14efca909b15427ab68e3ae9432d,b0df04e619c332a72d33e5061a92e225ef3b9a537c9dcb40ee78e063f56dfcdd,35-3,35-3.jpg,images/35-3.jpg,10205cc5ff7b04e752488d2961e48affc5f0a07ee8b10d130097b4f6c44be1db,gpt56,OpenAI,gpt-5.6,gpt-5.6-sol,2.48.0,0,"{""effort"": ""none""}",high,2026-09-06T00:03:27.452544+00:00,2026-09-06T00:03:31.751471+00:00,4.299,1,success,None of these / Not clearly moral in nature,97,"The image shows a formal wedding reception with a bride, groom, guests applauding, a cake, and a banner naming the newly married couple. It depicts a celebratory social event without a clearly visible moral concern; interpreting it as loyalty or respect for tradition would require emphasizing themes beyond the scene’s primary celebratory content.",,,,,2462,96,0,2558,"{""label"":""None of these / Not clearly moral in nature"",""confidence"":97,""brief_reason"":""The image shows a formal wedding reception with a bride, groom, guests applauding, a cake, and a banner naming the newly married couple. It depicts a celebratory social event without a clearly visible moral concern; interpreting it as loyalty or respect for tradition would require emphasizing themes beyond the scene’s primary celebratory content.""}",
prompt-results-v1,visual-cue-prompt-pilot-v1,010ecf86752795948c65f735a12ca5ef23a0b79726346feeeec6b2e8a0d97fd9,20260905,4abacadab7776f19f410667a58dab254f25527fef3a254f29b2f95a6ed48d37c,294957da6941e0d6b15ddd11d00adff8d98883b576a88a821b539bbc5f1c83c4,,16,1,6,1,p0,p0-baseline-v2,1c1a1676abde21bda6ea8cf6eef5a6ca2bb99ecef928005f0fe5aed4769d0fa1,b0df04e619c332a72d33e5061a92e225ef3b9a537c9dcb40ee78e063f56dfcdd,25-2,25-2.jpg,images/25-2.jpg,f2c8b7b650119d1d77c11d0589ceb662f0e41da70262e74f89249661c27fd484,gpt56,OpenAI,gpt-5.6,gpt-5.6-sol,2.48.0,0,"{""effort"": ""none""}",high,2026-09-06T00:03:32.279889+00:00,2026-09-06T00:03:36.704815+00:00,4.425,1,success,Fairness,82,"A large public march under a rainbow flag, with raised fists, chanting, and signs, visibly conveys collective advocacy for equal rights and treatment. Loyalty or Subversion could also fit the solidarity and protest setting, but the equality symbolism makes Fairness the strongest primary concern; the signs' messages are mostly unreadable, creating some uncertainty.",,,,,2231,91,0,2322,"{""label"":""Fairness"",""confidence"":82,""brief_reason"":""A large public march under a rainbow flag, with raised fists, chanting, and signs, visibly conveys collective advocacy for equal rights and treatment. Loyalty or Subversion could also fit the solidarity and protest setting, but the equality symbolism makes Fairness the strongest primary concern; the signs' messages are mostly unreadable, creating some uncertainty.""}",
prompt-results-v1,visual-cue-prompt-pilot-v1,010ecf86752795948c65f735a12ca5ef23a0b79726346feeeec6b2e8a0d97fd9,20260905,4abacadab7776f19f410667a58dab254f25527fef3a254f29b2f95a6ed48d37c,bfa6b8d9ceb61a9616192714c83abbd4aa1c934c26a7df4e7d2f38a2aaf38268,,17,1,6,2,p1,p1-structured-control-v1-2026-09-05,b9621814e5a2bb839e6f399c5bf42940989a14efca909b15427ab68e3ae9432d,b0df04e619c332a72d33e5061a92e225ef3b9a537c9dcb40ee78e063f56dfcdd,25-2,25-2.jpg,images/25-2.jpg,f2c8b7b650119d1d77c11d0589ceb662f0e41da70262e74f89249661c27fd484,gpt56,OpenAI,gpt-5.6,gpt-5.6-sol,2.48.0,0,"{""effort"": ""none""}",high,2026-09-06T00:03:37.234614+00:00,2026-09-06T00:03:44.346268+00:00,7.112,1,success,Fairness,82,"A large public march is visibly organized beneath a rainbow flag, with participants chanting, raising fists, and carrying signs. This strongly suggests collective advocacy for equal rights or treatment. Loyalty or Subversion are possible secondary themes, but no specific authority is visibly being defied, making Fairness the clearest primary concern.",,,,,2462,87,0,2549,"{""label"":""Fairness"",""confidence"":82,""brief_reason"":""A large public march is visibly organized beneath a rainbow flag, with participants chanting, raising fists, and carrying signs. This strongly suggests collective advocacy for equal rights or treatment. Loyalty or Subversion are possible secondary themes, but no specific authority is visibly being defied, making Fairness the clearest primary concern.""}",
prompt-results-v1,visual-cue-prompt-pilot-v1,010ecf86752795948c65f735a12ca5ef23a0b79726346feeeec6b2e8a0d97fd9,20260905,4abacadab7776f19f410667a58dab254f25527fef3a254f29b2f95a6ed48d37c,887736fa0be49b5a9c2c6c31ad91b12ab03600842b86b9b558543fe10147e6b6,,18,1,6,3,p2,p2-blind-nonoverlap-cues-v1-2026-09-05,482dce5b0ed5faf3ec20bdf32b51d0eb2212e901d18dde12a59c1f710160df8d,b0df04e619c332a72d33e5061a92e225ef3b9a537c9dcb40ee78e063f56dfcdd,25-2,25-2.jpg,images/25-2.jpg,f2c8b7b650119d1d77c11d0589ceb662f0e41da70262e74f89249661c27fd484,gpt56,OpenAI,gpt-5.6,gpt-5.6-sol,2.48.0,0,"{""effort"": ""none""}",high,2026-09-06T00:03:44.874903+00:00,2026-09-06T00:03:48.731793+00:00,3.857,1,success,Fairness,78,"A large public march is visibly organized beneath a rainbow flag, with participants chanting, raising fists, and carrying signs, strongly suggesting advocacy for equal rights or treatment. The exact demands are not legible, so Loyalty or Subversion could also fit the solidarity and protest setting, but fairness is the clearest primary concern.",,,,,2638,88,0,2726,"{""label"":""Fairness"",""confidence"":78,""brief_reason"":""A large public march is visibly organized beneath a rainbow flag, with participants chanting, raising fists, and carrying signs, strongly suggesting advocacy for equal rights or treatment. The exact demands are not legible, so Loyalty or Subversion could also fit the solidarity and protest setting, but fairness is the clearest primary concern.""}",
prompt-results-v1,visual-cue-prompt-pilot-v1,010ecf86752795948c65f735a12ca5ef23a0b79726346feeeec6b2e8a0d97fd9,20260905,4abacadab7776f19f410667a58dab254f25527fef3a254f29b2f95a6ed48d37c,32c04deceef0c2c8140b55083cef37f2c9cbc7ada9fc09df75602e66116b16df,,19,1,7,1,p1,p1-structured-control-v1-2026-09-05,b9621814e5a2bb839e6f399c5bf42940989a14efca909b15427ab68e3ae9432d,b0df04e619c332a72d33e5061a92e225ef3b9a537c9dcb40ee78e063f56dfcdd,34-4,34-4.jpg,images/34-4.jpg,54b77dd8508b18cc320701e2e5d4c650978915a6fa05d172f0e86ddea6abe0a1,gpt56,OpenAI,gpt-5.6,gpt-5.6-sol,2.48.0,0,"{""effort"": ""none""}",high,2026-09-06T00:03:49.261197+00:00,2026-09-06T00:03:53.735262+00:00,4.474,1,success,Harm,91,"A visibly distressed, isolated person sits barefoot on the floor inside a deteriorated observation room, while monitors indicate critical stress and irregular vital signs. The confinement and surveillance reinforce apparent suffering; Care is also plausible because the person is vulnerable, but the scene primarily emphasizes distress and harmful conditions rather than support.",,,,,2462,84,0,2546,"{""label"":""Harm"",""confidence"":91,""brief_reason"":""A visibly distressed, isolated person sits barefoot on the floor inside a deteriorated observation room, while monitors indicate critical stress and irregular vital signs. The confinement and surveillance reinforce apparent suffering; Care is also plausible because the person is vulnerable, but the scene primarily emphasizes distress and harmful conditions rather than support.""}",
prompt-results-v1,visual-cue-prompt-pilot-v1,010ecf86752795948c65f735a12ca5ef23a0b79726346feeeec6b2e8a0d97fd9,20260905,4abacadab7776f19f410667a58dab254f25527fef3a254f29b2f95a6ed48d37c,3aa48c058bc1e8396afd1363b99856e5817c4bfdc26e6611399111f46f44dd74,,20,1,7,2,p2,p2-blind-nonoverlap-cues-v1-2026-09-05,482dce5b0ed5faf3ec20bdf32b51d0eb2212e901d18dde12a59c1f710160df8d,b0df04e619c332a72d33e5061a92e225ef3b9a537c9dcb40ee78e063f56dfcdd,34-4,34-4.jpg,images/34-4.jpg,54b77dd8508b18cc320701e2e5d4c650978915a6fa05d172f0e86ddea6abe0a1,gpt56,OpenAI,gpt-5.6,gpt-5.6-sol,2.48.0,0,"{""effort"": ""none""}",high,2026-09-06T00:03:54.266490+00:00,2026-09-06T00:04:01.697262+00:00,7.431,1,success,Harm,88,"A visibly distressed, isolated person sits barefoot in a deteriorated observation cell under intensive surveillance, while monitors indicate critical stress and irregular vital signs. The scene strongly conveys emotional suffering and a harmful confinement-like condition; Degradation is also plausible because of the dehumanizing environment, but suffering is the dominant visible concern.",,,,,2638,87,0,2725,"{""label"":""Harm"",""confidence"":88,""brief_reason"":""A visibly distressed, isolated person sits barefoot in a deteriorated observation cell under intensive surveillance, while monitors indicate critical stress and irregular vital signs. The scene strongly conveys emotional suffering and a harmful confinement-like condition; Degradation is also plausible because of the dehumanizing environment, but suffering is the dominant visible concern.""}",
prompt-results-v1,visual-cue-prompt-pilot-v1,010ecf86752795948c65f735a12ca5ef23a0b79726346feeeec6b2e8a0d97fd9,20260905,4abacadab7776f19f410667a58dab254f25527fef3a254f29b2f95a6ed48d37c,56e38d3112600fb8ac3a447feb1c133dd1f34c7dbaedff6934853938cd0b0877,,21,1,7,3,p0,p0-baseline-v2,1c1a1676abde21bda6ea8cf6eef5a6ca2bb99ecef928005f0fe5aed4769d0fa1,b0df04e619c332a72d33e5061a92e225ef3b9a537c9dcb40ee78e063f56dfcdd,34-4,34-4.jpg,images/34-4.jpg,54b77dd8508b18cc320701e2e5d4c650978915a6fa05d172f0e86ddea6abe0a1,gpt56,OpenAI,gpt-5.6,gpt-5.6-sol,2.48.0,0,"{""effort"": ""none""}",high,2026-09-06T00:04:02.227128+00:00,2026-09-06T00:04:09.967507+00:00,7.74,1,success,Harm,91,"A visibly distressed, isolated person sits barefoot in a deteriorated locked observation room under multiple surveillance cameras, while monitors indicate critical stress and irregular vital signs. The scene strongly emphasizes emotional suffering and a harmful confinement-like condition. Degradation is also plausible because of the dehumanizing surveillance and environment, but visible distress is the dominant concern.",,,,,2231,91,0,2322,"{""label"":""Harm"",""confidence"":91,""brief_reason"":""A visibly distressed, isolated person sits barefoot in a deteriorated locked observation room under multiple surveillance cameras, while monitors indicate critical stress and irregular vital signs. The scene strongly emphasizes emotional suffering and a harmful confinement-like condition. Degradation is also plausible because of the dehumanizing surveillance and environment, but visible distress is the dominant concern.""}",
prompt-results-v1,visual-cue-prompt-pilot-v1,010ecf86752795948c65f735a12ca5ef23a0b79726346feeeec6b2e8a0d97fd9,20260905,4abacadab7776f19f410667a58dab254f25527fef3a254f29b2f95a6ed48d37c,6a6cef8bafe9a1e7a85becb4af438c0adf288f4cd885374cf653c14fa5902120,,22,1,8,1,p2,p2-blind-nonoverlap-cues-v1-2026-09-05,482dce5b0ed5faf3ec20bdf32b51d0eb2212e901d18dde12a59c1f710160df8d,b0df04e619c332a72d33e5061a92e225ef3b9a537c9dcb40ee78e063f56dfcdd,g-2,g-2.png,images/g-2.png,81625f82d1617b53b838379a4be27cbc819155fbabf5b2dc8260886504801ba6,gpt56,OpenAI,gpt-5.6,gpt-5.6-sol,2.48.0,0,"{""effort"": ""none""}",high,2026-09-06T00:04:10.498992+00:00,2026-09-06T00:04:14.394757+00:00,3.896,1,success,Fairness,98,"The clearly readable board and screens explicitly show an “AI Fairness Initiative,” gender-parity testing, bias analysis, and pass/fail evaluation, while the group visibly collaborates on that work. The primary concern is equitable, unbiased treatment; there is little uncertainty because the text and activity strongly converge.",,,,,2677,85,0,2762,"{""label"":""Fairness"",""confidence"":98,""brief_reason"":""The clearly readable board and screens explicitly show an “AI Fairness Initiative,” gender-parity testing, bias analysis, and pass/fail evaluation, while the group visibly collaborates on that work. The primary concern is equitable, unbiased treatment; there is little uncertainty because the text and activity strongly converge.""}",
prompt-results-v1,visual-cue-prompt-pilot-v1,010ecf86752795948c65f735a12ca5ef23a0b79726346feeeec6b2e8a0d97fd9,20260905,4abacadab7776f19f410667a58dab254f25527fef3a254f29b2f95a6ed48d37c,d5510a913afa9954c1eefe072e2111d608bb6fc4e5ea76a2cbdbb5d0d1d0afd9,,23,1,8,2,p0,p0-baseline-v2,1c1a1676abde21bda6ea8cf6eef5a6ca2bb99ecef928005f0fe5aed4769d0fa1,b0df04e619c332a72d33e5061a92e225ef3b9a537c9dcb40ee78e063f56dfcdd,g-2,g-2.png,images/g-2.png,81625f82d1617b53b838379a4be27cbc819155fbabf5b2dc8260886504801ba6,gpt56,OpenAI,gpt-5.6,gpt-5.6-sol,2.48.0,0,"{""effort"": ""none""}",high,2026-09-06T00:04:14.923505+00:00,2026-09-06T00:04:19.644231+00:00,4.721,1,success,Fairness,98,"The visible presentation explicitly centers on an “AI Fairness Initiative” and a “Gender Parity Testing Framework,” with the group reviewing bias and parity test results. This clearly conveys concern for equitable treatment; no visible deception or unfair conduct makes Cheating less appropriate.",,,,,2270,77,0,2347,"{""label"":""Fairness"",""confidence"":98,""brief_reason"":""The visible presentation explicitly centers on an “AI Fairness Initiative” and a “Gender Parity Testing Framework,” with the group reviewing bias and parity test results. This clearly conveys concern for equitable treatment; no visible deception or unfair conduct makes Cheating less appropriate.""}",
prompt-results-v1,visual-cue-prompt-pilot-v1,010ecf86752795948c65f735a12ca5ef23a0b79726346feeeec6b2e8a0d97fd9,20260905,4abacadab7776f19f410667a58dab254f25527fef3a254f29b2f95a6ed48d37c,ba31cb3a0e1366590d62783ae666a74a0f283267f28f2ee8f5834ec77ea22f32,,24,1,8,3,p1,p1-structured-control-v1-2026-09-05,b9621814e5a2bb839e6f399c5bf42940989a14efca909b15427ab68e3ae9432d,b0df04e619c332a72d33e5061a92e225ef3b9a537c9dcb40ee78e063f56dfcdd,g-2,g-2.png,images/g-2.png,81625f82d1617b53b838379a4be27cbc819155fbabf5b2dc8260886504801ba6,gpt56,OpenAI,gpt-5.6,gpt-5.6-sol,2.48.0,0,"{""effort"": ""none""}",high,2026-09-06T00:04:20.168847+00:00,2026-09-06T00:04:26.894903+00:00,6.726,1,success,Fairness,98,"The visible meeting centers on an “AI Fairness Initiative” and a “Gender Parity Testing Framework,” with charts and screens explicitly evaluating gender parity and bias. This directly conveys concern for equitable treatment; no meaningful competing moral theme is prominent.",,,,,2501,73,0,2574,"{""label"":""Fairness"",""confidence"":98,""brief_reason"":""The visible meeting centers on an “AI Fairness Initiative” and a “Gender Parity Testing Framework,” with charts and screens explicitly evaluating gender parity and bias. This directly conveys concern for equitable treatment; no meaningful competing moral theme is prominent.""}",
prompt-results-v1,visual-cue-prompt-pilot-v1,010ecf86752795948c65f735a12ca5ef23a0b79726346feeeec6b2e8a0d97fd9,20260905,4abacadab7776f19f410667a58dab254f25527fef3a254f29b2f95a6ed48d37c,6dd977de66c02347a8bfb239c53ade7f2add1a4e562aaecea558b7a3cc5b3fce,,25,1,9,1,p1,p1-structured-control-v1-2026-09-05,b9621814e5a2bb839e6f399c5bf42940989a14efca909b15427ab68e3ae9432d,b0df04e619c332a72d33e5061a92e225ef3b9a537c9dcb40ee78e063f56dfcdd,7-2,7-2.jpg,images/7-2.jpg,f05fbbbb98ff0f700f0dd0c5f9cb1d846a5f597327839a92b88e1fcef6ffbd63,gpt56,OpenAI,gpt-5.6,gpt-5.6-sol,2.48.0,0,"{""effort"": ""none""}",high,2026-09-06T00:04:27.425051+00:00,2026-09-06T00:04:32.259212+00:00,4.834,1,success,Respect / Authority,88,"Two formally dressed people are visibly bowing to one another in a business setting, conveying a conventional gesture of respect and social etiquette. Their exact roles or hierarchy are not visible, but the mutual bow strongly supports respect rather than another moral concern.",,,,,2338,74,0,2412,"{""label"":""Respect / Authority"",""confidence"":88,""brief_reason"":""Two formally dressed people are visibly bowing to one another in a business setting, conveying a conventional gesture of respect and social etiquette. Their exact roles or hierarchy are not visible, but the mutual bow strongly supports respect rather than another moral concern.""}",
prompt-results-v1,visual-cue-prompt-pilot-v1,010ecf86752795948c65f735a12ca5ef23a0b79726346feeeec6b2e8a0d97fd9,20260905,4abacadab7776f19f410667a58dab254f25527fef3a254f29b2f95a6ed48d37c,658c48122a91198d5c9003f73dba4b27dea14a0a1c45c541c0248287a0be6cb5,,26,1,9,2,p2,p2-blind-nonoverlap-cues-v1-2026-09-05,482dce5b0ed5faf3ec20bdf32b51d0eb2212e901d18dde12a59c1f710160df8d,b0df04e619c332a72d33e5061a92e225ef3b9a537c9dcb40ee78e063f56dfcdd,7-2,7-2.jpg,images/7-2.jpg,f05fbbbb98ff0f700f0dd0c5f9cb1d846a5f597327839a92b88e1fcef6ffbd63,gpt56,OpenAI,gpt-5.6,gpt-5.6-sol,2.48.0,0,"{""effort"": ""none""}",high,2026-09-06T00:04:32.783341+00:00,2026-09-06T00:04:37.578099+00:00,4.795,1,success,Respect / Authority,82,"Two formally dressed people are visibly bowing toward each other in a professional setting, conveying a conventional gesture of mutual respect and social etiquette. The exact relationship or hierarchy is not visible, so the authority aspect is uncertain, but respect is clearer than any other moral theme.",,,,,2514,79,0,2593,"{""label"":""Respect / Authority"",""confidence"":82,""brief_reason"":""Two formally dressed people are visibly bowing toward each other in a professional setting, conveying a conventional gesture of mutual respect and social etiquette. The exact relationship or hierarchy is not visible, so the authority aspect is uncertain, but respect is clearer than any other moral theme.""}",
prompt-results-v1,visual-cue-prompt-pilot-v1,010ecf86752795948c65f735a12ca5ef23a0b79726346feeeec6b2e8a0d97fd9,20260905,4abacadab7776f19f410667a58dab254f25527fef3a254f29b2f95a6ed48d37c,d538947b208c2ac3f5c99996a1776923e9e355a9a41c477345afee13fb1c4c53,,27,1,9,3,p0,p0-baseline-v2,1c1a1676abde21bda6ea8cf6eef5a6ca2bb99ecef928005f0fe5aed4769d0fa1,b0df04e619c332a72d33e5061a92e225ef3b9a537c9dcb40ee78e063f56dfcdd,7-2,7-2.jpg,images/7-2.jpg,f05fbbbb98ff0f700f0dd0c5f9cb1d846a5f597327839a92b88e1fcef6ffbd63,gpt56,OpenAI,gpt-5.6,gpt-5.6-sol,2.48.0,0,"{""effort"": ""none""}",high,2026-09-06T00:04:38.107774+00:00,2026-09-06T00:04:41.368168+00:00,3.26,1,success,Respect / Authority,88,"Two formally dressed people are visibly bowing to one another in a professional setting, conveying a conventional gesture of respect and social etiquette. Their exact roles or hierarchy are not visible, but the mutual bow strongly supports respect rather than submission to a specific authority.",,,,,2107,76,0,2183,"{""label"":""Respect / Authority"",""confidence"":88,""brief_reason"":""Two formally dressed people are visibly bowing to one another in a professional setting, conveying a conventional gesture of respect and social etiquette. Their exact roles or hierarchy are not visible, but the mutual bow strongly supports respect rather than submission to a specific authority.""}",
prompt-results-v1,visual-cue-prompt-pilot-v1,010ecf86752795948c65f735a12ca5ef23a0b79726346feeeec6b2e8a0d97fd9,20260905,4abacadab7776f19f410667a58dab254f25527fef3a254f29b2f95a6ed48d37c,95b31468c931d7a438a41994056f793a012817e00252358c17090a3678f4da5a,,28,1,10,1,p0,p0-baseline-v2,1c1a1676abde21bda6ea8cf6eef5a6ca2bb99ecef928005f0fe5aed4769d0fa1,b0df04e619c332a72d33e5061a92e225ef3b9a537c9dcb40ee78e063f56dfcdd,9-2,9-2.jpg,images/9-2.jpg,62142986ca8108d3f29fee7e17e6af5650e1c7bdfdc9a95870bf910fa30abc0d,gpt56,OpenAI,gpt-5.6,gpt-5.6-sol,2.48.0,0,"{""effort"": ""none""}",high,2026-09-06T00:04:41.897736+00:00,2026-09-06T00:04:47.013984+00:00,5.116,1,success,Care,62,"Several children and a young adult are gathered closely in a crowded living space, with the adult visibly engaging the children in a warm, positive manner. This suggests companionship and attention to their welfare. The scene could also be ordinary family recreation, so the moral emphasis on care is somewhat uncertain.",,,,,3883,81,0,3964,"{""label"":""Care"",""confidence"":62,""brief_reason"":""Several children and a young adult are gathered closely in a crowded living space, with the adult visibly engaging the children in a warm, positive manner. This suggests companionship and attention to their welfare. The scene could also be ordinary family recreation, so the moral emphasis on care is somewhat uncertain.""}",
prompt-results-v1,visual-cue-prompt-pilot-v1,010ecf86752795948c65f735a12ca5ef23a0b79726346feeeec6b2e8a0d97fd9,20260905,4abacadab7776f19f410667a58dab254f25527fef3a254f29b2f95a6ed48d37c,1b57526c36608ce9fe98e21ceacf8230cebea0128898279b3be4cd9b1a91c0a0,,29,1,10,2,p1,p1-structured-control-v1-2026-09-05,b9621814e5a2bb839e6f399c5bf42940989a14efca909b15427ab68e3ae9432d,b0df04e619c332a72d33e5061a92e225ef3b9a537c9dcb40ee78e063f56dfcdd,9-2,9-2.jpg,images/9-2.jpg,62142986ca8108d3f29fee7e17e6af5650e1c7bdfdc9a95870bf910fa30abc0d,gpt56,OpenAI,gpt-5.6,gpt-5.6-sol,2.48.0,0,"{""effort"": ""none""}",high,2026-09-06T00:04:47.540145+00:00,2026-09-06T00:04:54.521903+00:00,6.982,1,success,None of these / Not clearly moral in nature,82,"The image shows several people, including children, in a crowded, cluttered living space, but no visible injury, mistreatment, helping action, or clear rights violation. The cramped conditions could suggest welfare concerns and thus Care, but that interpretation would require assumptions beyond the scene.",,,,,4114,87,0,4201,"{""label"":""None of these / Not clearly moral in nature"",""confidence"":82,""brief_reason"":""The image shows several people, including children, in a crowded, cluttered living space, but no visible injury, mistreatment, helping action, or clear rights violation. The cramped conditions could suggest welfare concerns and thus Care, but that interpretation would require assumptions beyond the scene.""}",
prompt-results-v1,visual-cue-prompt-pilot-v1,010ecf86752795948c65f735a12ca5ef23a0b79726346feeeec6b2e8a0d97fd9,20260905,4abacadab7776f19f410667a58dab254f25527fef3a254f29b2f95a6ed48d37c,b70f7ed243ec22fe9bf991f65d0373ad5e5e5c419ba9709869a4cdb324dbc492,,30,1,10,3,p2,p2-blind-nonoverlap-cues-v1-2026-09-05,482dce5b0ed5faf3ec20bdf32b51d0eb2212e901d18dde12a59c1f710160df8d,b0df04e619c332a72d33e5061a92e225ef3b9a537c9dcb40ee78e063f56dfcdd,9-2,9-2.jpg,images/9-2.jpg,62142986ca8108d3f29fee7e17e6af5650e1c7bdfdc9a95870bf910fa30abc0d,gpt56,OpenAI,gpt-5.6,gpt-5.6-sol,2.48.0,0,"{""effort"": ""none""}",high,2026-09-06T00:04:55.050971+00:00,2026-09-06T00:05:00.238801+00:00,5.188,1,success,None of these / Not clearly moral in nature,82,"The image shows several people, including children, spending time in a crowded, cluttered living space, with no visible injury, mistreatment, conflict, or clear helping action. The cramped conditions could suggest welfare concerns and thus Care, but vulnerability or unmet needs cannot be established from the scene alone.",,,,,4290,91,0,4381,"{""label"":""None of these / Not clearly moral in nature"",""confidence"":82,""brief_reason"":""The image shows several people, including children, spending time in a crowded, cluttered living space, with no visible injury, mistreatment, conflict, or clear helping action. The cramped conditions could suggest welfare concerns and thus Care, but vulnerability or unmet needs cannot be established from the scene alone.""}",
prompt-results-v1,visual-cue-prompt-pilot-v1,010ecf86752795948c65f735a12ca5ef23a0b79726346feeeec6b2e8a0d97fd9,20260905,4abacadab7776f19f410667a58dab254f25527fef3a254f29b2f95a6ed48d37c,583d7643b5208c405ebb7fb04881857010d57c928840a9fbb534114144b5ed75,,31,1,11,1,p0,p0-baseline-v2,1c1a1676abde21bda6ea8cf6eef5a6ca2bb99ecef928005f0fe5aed4769d0fa1,b0df04e619c332a72d33e5061a92e225ef3b9a537c9dcb40ee78e063f56dfcdd,3-1,3-1.jpg,images/3-1.jpg,6d4b129168c70ae11059197ac5a1d1784bd9673b751937d98539e1347809284a,gpt56,OpenAI,gpt-5.6,gpt-5.6-sol,2.48.0,0,"{""effort"": ""none""}",high,2026-09-06T00:05:00.762988+00:00,2026-09-06T00:05:04.469263+00:00,3.706,1,success,Care,88,"Several visibly distressed mourners lean over and embrace one another beside what appears to be a coffin, conveying grief, vulnerability, and mutual emotional support. Harm is plausible because of the evident suffering, but no violence or injury is shown; the dominant visible concern is compassionate support during mourning.",,,,,1305,80,0,1385,"{""label"":""Care"",""confidence"":88,""brief_reason"":""Several visibly distressed mourners lean over and embrace one another beside what appears to be a coffin, conveying grief, vulnerability, and mutual emotional support. Harm is plausible because of the evident suffering, but no violence or injury is shown; the dominant visible concern is compassionate support during mourning.""}",
prompt-results-v1,visual-cue-prompt-pilot-v1,010ecf86752795948c65f735a12ca5ef23a0b79726346feeeec6b2e8a0d97fd9,20260905,4abacadab7776f19f410667a58dab254f25527fef3a254f29b2f95a6ed48d37c,b1a24b0357b330c73cf427062885ec8bc7b4e6e80a959b35694fb3f8e8773318,,32,1,11,2,p1,p1-structured-control-v1-2026-09-05,b9621814e5a2bb839e6f399c5bf42940989a14efca909b15427ab68e3ae9432d,b0df04e619c332a72d33e5061a92e225ef3b9a537c9dcb40ee78e063f56dfcdd,3-1,3-1.jpg,images/3-1.jpg,6d4b129168c70ae11059197ac5a1d1784bd9673b751937d98539e1347809284a,gpt56,OpenAI,gpt-5.6,gpt-5.6-sol,2.48.0,0,"{""effort"": ""none""}",high,2026-09-06T00:05:04.993019+00:00,2026-09-06T00:05:08.366691+00:00,3.374,1,success,Care,88,"Several visibly distressed mourners lean over and embrace one another beside what appears to be a coffin, while surrounding people offer physical support. The scene strongly emphasizes grief, vulnerability, and communal comfort; Harm is less fitting because no violence or injury is visibly occurring.",,,,,1536,75,0,1611,"{""label"":""Care"",""confidence"":88,""brief_reason"":""Several visibly distressed mourners lean over and embrace one another beside what appears to be a coffin, while surrounding people offer physical support. The scene strongly emphasizes grief, vulnerability, and communal comfort; Harm is less fitting because no violence or injury is visibly occurring.""}",
prompt-results-v1,visual-cue-prompt-pilot-v1,010ecf86752795948c65f735a12ca5ef23a0b79726346feeeec6b2e8a0d97fd9,20260905,4abacadab7776f19f410667a58dab254f25527fef3a254f29b2f95a6ed48d37c,defc62b61ae7f590cde9b0f6ac4ca2f45730f29a11d4f17406abbca38ad6126e,,33,1,11,3,p2,p2-blind-nonoverlap-cues-v1-2026-09-05,482dce5b0ed5faf3ec20bdf32b51d0eb2212e901d18dde12a59c1f710160df8d,b0df04e619c332a72d33e5061a92e225ef3b9a537c9dcb40ee78e063f56dfcdd,3-1,3-1.jpg,images/3-1.jpg,6d4b129168c70ae11059197ac5a1d1784bd9673b751937d98539e1347809284a,gpt56,OpenAI,gpt-5.6,gpt-5.6-sol,2.48.0,0,"{""effort"": ""none""}",high,2026-09-06T00:05:08.897794+00:00,2026-09-06T00:05:11.752153+00:00,2.854,1,success,Care,88,"Several visibly distressed mourners lean over and embrace one another beside a coffin, while surrounding people appear to offer physical and emotional support. Grief is evident, but no harmful act is shown, so the primary concern is compassionate support rather than Harm.",,,,,1712,73,0,1785,"{""label"":""Care"",""confidence"":88,""brief_reason"":""Several visibly distressed mourners lean over and embrace one another beside a coffin, while surrounding people appear to offer physical and emotional support. Grief is evident, but no harmful act is shown, so the primary concern is compassionate support rather than Harm.""}",
prompt-results-v1,visual-cue-prompt-pilot-v1,010ecf86752795948c65f735a12ca5ef23a0b79726346feeeec6b2e8a0d97fd9,20260905,4abacadab7776f19f410667a58dab254f25527fef3a254f29b2f95a6ed48d37c,2917898a286a0fc10717cd0e4cf85755ed105e27992f101db51bac0d3f4effe1,,34,1,12,1,p0,p0-baseline-v2,1c1a1676abde21bda6ea8cf6eef5a6ca2bb99ecef928005f0fe5aed4769d0fa1,b0df04e619c332a72d33e5061a92e225ef3b9a537c9dcb40ee78e063f56dfcdd,5-1,5-1.jpg,images/5-1.jpg,589bad34aefce12c54edbac3b2719b2364fea38829d953c2dd548960607a1ff1,gpt56,OpenAI,gpt-5.6,gpt-5.6-sol,2.48.0,0,"{""effort"": ""none""}",high,2026-09-06T00:05:12.277510+00:00,2026-09-06T00:05:15.623437+00:00,3.346,1,success,Harm,91,"The image prominently shows a crying, visibly distressed child amid a tightly packed crowd, with several others also appearing anguished or alarmed. The dominant concern is emotional suffering; Care is plausible because the people appear vulnerable, but no clear helping action is visible.",,,,,1615,76,0,1691,"{""label"":""Harm"",""confidence"":91,""brief_reason"":""The image prominently shows a crying, visibly distressed child amid a tightly packed crowd, with several others also appearing anguished or alarmed. The dominant concern is emotional suffering; Care is plausible because the people appear vulnerable, but no clear helping action is visible.""}",
prompt-results-v1,visual-cue-prompt-pilot-v1,010ecf86752795948c65f735a12ca5ef23a0b79726346feeeec6b2e8a0d97fd9,20260905,4abacadab7776f19f410667a58dab254f25527fef3a254f29b2f95a6ed48d37c,6b6d3300da319ea8333936d1d5e6d3d6ac4fdb0c6cfe68d79bdb8e4a4aa0efec,,35,1,12,2,p1,p1-structured-control-v1-2026-09-05,b9621814e5a2bb839e6f399c5bf42940989a14efca909b15427ab68e3ae9432d,b0df04e619c332a72d33e5061a92e225ef3b9a537c9dcb40ee78e063f56dfcdd,5-1,5-1.jpg,images/5-1.jpg,589bad34aefce12c54edbac3b2719b2364fea38829d953c2dd548960607a1ff1,gpt56,OpenAI,gpt-5.6,gpt-5.6-sol,2.48.0,0,"{""effort"": ""none""}",high,2026-09-06T00:05:16.150421+00:00,2026-09-06T00:05:19.092335+00:00,2.942,1,success,Harm,91,"A crying child is prominently shown amid a tightly packed crowd whose distressed faces and reaching hands convey acute suffering and desperation. The exact cause is not visible, but the scene's dominant moral concern is the evident emotional distress rather than a clearly depicted act of care.",,,,,1846,76,0,1922,"{""label"":""Harm"",""confidence"":91,""brief_reason"":""A crying child is prominently shown amid a tightly packed crowd whose distressed faces and reaching hands convey acute suffering and desperation. The exact cause is not visible, but the scene's dominant moral concern is the evident emotional distress rather than a clearly depicted act of care.""}",
prompt-results-v1,visual-cue-prompt-pilot-v1,010ecf86752795948c65f735a12ca5ef23a0b79726346feeeec6b2e8a0d97fd9,20260905,4abacadab7776f19f410667a58dab254f25527fef3a254f29b2f95a6ed48d37c,cdb9c72e4395f444c0e357e1ba656209cb38c7fbdaaefc99f16e9c27b09c7687,,36,1,12,3,p2,p2-blind-nonoverlap-cues-v1-2026-09-05,482dce5b0ed5faf3ec20bdf32b51d0eb2212e901d18dde12a59c1f710160df8d,b0df04e619c332a72d33e5061a92e225ef3b9a537c9dcb40ee78e063f56dfcdd,5-1,5-1.jpg,images/5-1.jpg,589bad34aefce12c54edbac3b2719b2364fea38829d953c2dd548960607a1ff1,gpt56,OpenAI,gpt-5.6,gpt-5.6-sol,2.48.0,0,"{""effort"": ""none""}",high,2026-09-06T00:05:19.617821+00:00,2026-09-06T00:05:22.382385+00:00,2.765,1,success,Harm,88,"A crying child with a visible tear and anguished expression is surrounded by a distressed, tightly packed crowd, conveying acute emotional suffering and possible physical danger. Care is also plausible because the people appear vulnerable and in need of help, but no clear helping action is visible, so the dominant concern is harm.",,,,,2022,85,0,2107,"{""label"":""Harm"",""confidence"":88,""brief_reason"":""A crying child with a visible tear and anguished expression is surrounded by a distressed, tightly packed crowd, conveying acute emotional suffering and possible physical danger. Care is also plausible because the people appear vulnerable and in need of help, but no clear helping action is visible, so the dominant concern is harm.""}",
prompt-results-v1,visual-cue-prompt-pilot-v1,010ecf86752795948c65f735a12ca5ef23a0b79726346feeeec6b2e8a0d97fd9,20260905,4abacadab7776f19f410667a58dab254f25527fef3a254f29b2f95a6ed48d37c,5e01d747e25ae2a29cf90235f4545de11bc79fdbaeda027b1678fe0d0dc32fe4,,37,1,13,1,p1,p1-structured-control-v1-2026-09-05,b9621814e5a2bb839e6f399c5bf42940989a14efca909b15427ab68e3ae9432d,b0df04e619c332a72d33e5061a92e225ef3b9a537c9dcb40ee78e063f56dfcdd,15-3,15-3.jpg,images/15-3.jpg,6f28dbc5170e67ac96e4ab80c38be2299d567d14bc2e675cad060a9c0181f35c,gpt56,OpenAI,gpt-5.6,gpt-5.6-sol,2.48.0,0,"{""effort"": ""none""}",high,2026-09-06T00:05:22.913000+00:00,2026-09-06T00:05:28.987464+00:00,6.075,1,success,Care,82,"Two people have visibly bloodstained head bandages, while a soldier appears to guide or support them and a Red Cross worker approaches. The scene primarily conveys concern for injured or vulnerable people, though the exact circumstances and whether active treatment is occurring are unclear.",,,,,4114,75,0,4189,"{""label"":""Care"",""confidence"":82,""brief_reason"":""Two people have visibly bloodstained head bandages, while a soldier appears to guide or support them and a Red Cross worker approaches. The scene primarily conveys concern for injured or vulnerable people, though the exact circumstances and whether active treatment is occurring are unclear.""}",
prompt-results-v1,visual-cue-prompt-pilot-v1,010ecf86752795948c65f735a12ca5ef23a0b79726346feeeec6b2e8a0d97fd9,20260905,4abacadab7776f19f410667a58dab254f25527fef3a254f29b2f95a6ed48d37c,ce4395a23f30e0ab78e60eec69d2f5db6876a30bc7bcd208642c73aeed2ddb49,,38,1,13,2,p2,p2-blind-nonoverlap-cues-v1-2026-09-05,482dce5b0ed5faf3ec20bdf32b51d0eb2212e901d18dde12a59c1f710160df8d,b0df04e619c332a72d33e5061a92e225ef3b9a537c9dcb40ee78e063f56dfcdd,15-3,15-3.jpg,images/15-3.jpg,6f28dbc5170e67ac96e4ab80c38be2299d567d14bc2e675cad060a9c0181f35c,gpt56,OpenAI,gpt-5.6,gpt-5.6-sol,2.48.0,0,"{""effort"": ""none""}",high,2026-09-06T00:05:29.521390+00:00,2026-09-06T00:05:36.590026+00:00,7.069,1,success,Care,72,"A Red Cross worker and a soldier appear to be assisting or coordinating with two visibly bandaged men, emphasizing welfare and support. The scene may be a staged exercise, and no clear injury or active treatment is visible, so Harm is less strongly supported.",,,,,4290,74,0,4364,"{""label"":""Care"",""confidence"":72,""brief_reason"":""A Red Cross worker and a soldier appear to be assisting or coordinating with two visibly bandaged men, emphasizing welfare and support. The scene may be a staged exercise, and no clear injury or active treatment is visible, so Harm is less strongly supported.""}",
prompt-results-v1,visual-cue-prompt-pilot-v1,010ecf86752795948c65f735a12ca5ef23a0b79726346feeeec6b2e8a0d97fd9,20260905,4abacadab7776f19f410667a58dab254f25527fef3a254f29b2f95a6ed48d37c,ff30bd4d4f84dff1ac2b6c00c322ff42c0b471816a7a064c4ef4c8630c695346,,39,1,13,3,p0,p0-baseline-v2,1c1a1676abde21bda6ea8cf6eef5a6ca2bb99ecef928005f0fe5aed4769d0fa1,b0df04e619c332a72d33e5061a92e225ef3b9a537c9dcb40ee78e063f56dfcdd,15-3,15-3.jpg,images/15-3.jpg,6f28dbc5170e67ac96e4ab80c38be2299d567d14bc2e675cad060a9c0181f35c,gpt56,OpenAI,gpt-5.6,gpt-5.6-sol,2.48.0,0,"{""effort"": ""none""}",high,2026-09-06T00:05:37.119280+00:00,2026-09-06T00:05:44.255551+00:00,7.136,1,success,Care,82,"Two visibly bandaged men are being attended or escorted by a soldier, while a Red Cross worker stands nearby, emphasizing aid and protection for potentially injured people. Harm is plausible because blood-stained bandages suggest injury, but no active violence or clear suffering is shown, so the scene primarily conveys caregiving.",,,,,3883,85,0,3968,"{""label"":""Care"",""confidence"":82,""brief_reason"":""Two visibly bandaged men are being attended or escorted by a soldier, while a Red Cross worker stands nearby, emphasizing aid and protection for potentially injured people. Harm is plausible because blood-stained bandages suggest injury, but no active violence or clear suffering is shown, so the scene primarily conveys caregiving.""}",
prompt-results-v1,visual-cue-prompt-pilot-v1,010ecf86752795948c65f735a12ca5ef23a0b79726346feeeec6b2e8a0d97fd9,20260905,4abacadab7776f19f410667a58dab254f25527fef3a254f29b2f95a6ed48d37c,f6dfeeb635275cc2a6bbef3317fa4a3f3955515e7c85f9e4152b15ed50b78c49,,40,1,14,1,p1,p1-structured-control-v1-2026-09-05,b9621814e5a2bb839e6f399c5bf42940989a14efca909b15427ab68e3ae9432d,b0df04e619c332a72d33e5061a92e225ef3b9a537c9dcb40ee78e063f56dfcdd,1-1,1-1.jpg,images/1-1.jpg,16c8b6ef21bd106f6229643ab02fee435a73563485160c64d5eac9e5c19d2f44,gpt56,OpenAI,gpt-5.6,gpt-5.6-sol,2.48.0,0,"{""effort"": ""none""}",high,2026-09-06T00:05:44.784824+00:00,2026-09-06T00:05:47.021050+00:00,2.236,1,success,Care,94,"A smiling adult is visibly holding and supporting a laughing young child, conveying nurturing affection and attention to the child's well-being. No clear injury, distress, or harmful action is visible.",,,,,1298,60,0,1358,"{""label"":""Care"",""confidence"":94,""brief_reason"":""A smiling adult is visibly holding and supporting a laughing young child, conveying nurturing affection and attention to the child's well-being. No clear injury, distress, or harmful action is visible.""}",
prompt-results-v1,visual-cue-prompt-pilot-v1,010ecf86752795948c65f735a12ca5ef23a0b79726346feeeec6b2e8a0d97fd9,20260905,4abacadab7776f19f410667a58dab254f25527fef3a254f29b2f95a6ed48d37c,a9bd9e6bd98acb604efe2fe42bcd42067bb43a29785456f59821216024c060b0,,41,1,14,2,p2,p2-blind-nonoverlap-cues-v1-2026-09-05,482dce5b0ed5faf3ec20bdf32b51d0eb2212e901d18dde12a59c1f710160df8d,b0df04e619c332a72d33e5061a92e225ef3b9a537c9dcb40ee78e063f56dfcdd,1-1,1-1.jpg,images/1-1.jpg,16c8b6ef21bd106f6229643ab02fee435a73563485160c64d5eac9e5c19d2f44,gpt56,OpenAI,gpt-5.6,gpt-5.6-sol,2.48.0,0,"{""effort"": ""none""}",high,2026-09-06T00:05:47.548403+00:00,2026-09-06T00:05:50.454782+00:00,2.906,1,success,Care,88,"An adult is visibly holding and supporting a smiling young child in a close, affectionate interaction, conveying nurturing and concern for the child's well-being. The exact relationship is not visible, but the caring behavior is clear.",,,,,1474,66,0,1540,"{""label"":""Care"",""confidence"":88,""brief_reason"":""An adult is visibly holding and supporting a smiling young child in a close, affectionate interaction, conveying nurturing and concern for the child's well-being. The exact relationship is not visible, but the caring behavior is clear.""}",
prompt-results-v1,visual-cue-prompt-pilot-v1,010ecf86752795948c65f735a12ca5ef23a0b79726346feeeec6b2e8a0d97fd9,20260905,4abacadab7776f19f410667a58dab254f25527fef3a254f29b2f95a6ed48d37c,74495ddebc384145a38f8e03e77b6ee6d8bbbf2970c28fbf1c783855fb417edd,,42,1,14,3,p0,p0-baseline-v2,1c1a1676abde21bda6ea8cf6eef5a6ca2bb99ecef928005f0fe5aed4769d0fa1,b0df04e619c332a72d33e5061a92e225ef3b9a537c9dcb40ee78e063f56dfcdd,1-1,1-1.jpg,images/1-1.jpg,16c8b6ef21bd106f6229643ab02fee435a73563485160c64d5eac9e5c19d2f44,gpt56,OpenAI,gpt-5.6,gpt-5.6-sol,2.48.0,0,"{""effort"": ""none""}",high,2026-09-06T00:05:50.982962+00:00,2026-09-06T00:05:54.890111+00:00,3.907,1,success,Care,94,"A woman is visibly holding and supporting a smiling young child in an affectionate, protective manner. The scene strongly conveys nurturing and concern for the child's well-being; no clear suffering or harmful action is visible.",,,,,1067,64,0,1131,"{""label"":""Care"",""confidence"":94,""brief_reason"":""A woman is visibly holding and supporting a smiling young child in an affectionate, protective manner. The scene strongly conveys nurturing and concern for the child's well-being; no clear suffering or harmful action is visible.""}",
prompt-results-v1,visual-cue-prompt-pilot-v1,010ecf86752795948c65f735a12ca5ef23a0b79726346feeeec6b2e8a0d97fd9,20260905,4abacadab7776f19f410667a58dab254f25527fef3a254f29b2f95a6ed48d37c,aca4c54b19cac01b2b0d15e1a222df940ef19a0c568efc9c081f2f9d0b31f1d3,,43,1,15,1,p0,p0-baseline-v2,1c1a1676abde21bda6ea8cf6eef5a6ca2bb99ecef928005f0fe5aed4769d0fa1,b0df04e619c332a72d33e5061a92e225ef3b9a537c9dcb40ee78e063f56dfcdd,2-1,2-1.jpg,images/2-1.jpg,4c390cab45d7793acde1917cc6c343bfdece7f98faca8ae93220ba7b58bad292,gpt56,OpenAI,gpt-5.6,gpt-5.6-sol,2.48.0,0,"{""effort"": ""none""}",high,2026-09-06T00:05:55.416778+00:00,2026-09-06T00:05:59.524836+00:00,4.108,1,success,Care,88,"A person is visibly sheltering among makeshift coverings and belongings while warming themselves over a small fire, conveying vulnerability and unmet needs. No active assistance is shown, but concern for the person's welfare is the dominant moral theme; Harm is less fitting because no clear injury or violence is visible.",,,,,2143,81,0,2224,"{""label"":""Care"",""confidence"":88,""brief_reason"":""A person is visibly sheltering among makeshift coverings and belongings while warming themselves over a small fire, conveying vulnerability and unmet needs. No active assistance is shown, but concern for the person's welfare is the dominant moral theme; Harm is less fitting because no clear injury or violence is visible.""}",
prompt-results-v1,visual-cue-prompt-pilot-v1,010ecf86752795948c65f735a12ca5ef23a0b79726346feeeec6b2e8a0d97fd9,20260905,4abacadab7776f19f410667a58dab254f25527fef3a254f29b2f95a6ed48d37c,a6de2dd081b4eb9c24a0a2a33c933a8098124c0a58c9e6896d7be40b1ba4c804,,44,1,15,2,p1,p1-structured-control-v1-2026-09-05,b9621814e5a2bb839e6f399c5bf42940989a14efca909b15427ab68e3ae9432d,b0df04e619c332a72d33e5061a92e225ef3b9a537c9dcb40ee78e063f56dfcdd,2-1,2-1.jpg,images/2-1.jpg,4c390cab45d7793acde1917cc6c343bfdece7f98faca8ae93220ba7b58bad292,gpt56,OpenAI,gpt-5.6,gpt-5.6-sol,2.48.0,0,"{""effort"": ""none""}",high,2026-09-06T00:06:00.053448+00:00,2026-09-06T00:06:02.848534+00:00,2.795,1,success,Care,88,"A person is visibly sheltering among makeshift coverings and clutter while warming themselves over a small open flame, conveying vulnerability and unmet basic needs. Harm is possible due to the harsh conditions and fire risk, but no direct injury or violence is visible, so concern for welfare is primary.",,,,,2374,80,0,2454,"{""label"":""Care"",""confidence"":88,""brief_reason"":""A person is visibly sheltering among makeshift coverings and clutter while warming themselves over a small open flame, conveying vulnerability and unmet basic needs. Harm is possible due to the harsh conditions and fire risk, but no direct injury or violence is visible, so concern for welfare is primary.""}",
prompt-results-v1,visual-cue-prompt-pilot-v1,010ecf86752795948c65f735a12ca5ef23a0b79726346feeeec6b2e8a0d97fd9,20260905,4abacadab7776f19f410667a58dab254f25527fef3a254f29b2f95a6ed48d37c,d7b43b68b78644f7daa0c7083675e4171290b6f605e0c56da154df6530ab0dae,,45,1,15,3,p2,p2-blind-nonoverlap-cues-v1-2026-09-05,482dce5b0ed5faf3ec20bdf32b51d0eb2212e901d18dde12a59c1f710160df8d,b0df04e619c332a72d33e5061a92e225ef3b9a537c9dcb40ee78e063f56dfcdd,2-1,2-1.jpg,images/2-1.jpg,4c390cab45d7793acde1917cc6c343bfdece7f98faca8ae93220ba7b58bad292,gpt56,OpenAI,gpt-5.6,gpt-5.6-sol,2.48.0,0,"{""effort"": ""none""}",high,2026-09-06T00:06:03.374821+00:00,2026-09-06T00:06:06.502446+00:00,3.128,1,success,Care,88,"The image shows a person in a makeshift, cluttered shelter warming themselves over a small fire, visibly suggesting exposure and unmet basic needs. The primary concern is their welfare and vulnerability; no direct injury or active violence is visible, so Harm is less fitting.",,,,,2550,76,0,2626,"{""label"":""Care"",""confidence"":88,""brief_reason"":""The image shows a person in a makeshift, cluttered shelter warming themselves over a small fire, visibly suggesting exposure and unmet basic needs. The primary concern is their welfare and vulnerability; no direct injury or active violence is visible, so Harm is less fitting.""}",
prompt-results-v1,visual-cue-prompt-pilot-v1,010ecf86752795948c65f735a12ca5ef23a0b79726346feeeec6b2e8a0d97fd9,20260905,4abacadab7776f19f410667a58dab254f25527fef3a254f29b2f95a6ed48d37c,fe6a8fcb90e8558088f8e1b592bc668c4380ab94ac8dbcddefa392d44d570a43,,46,1,16,1,p1,p1-structured-control-v1-2026-09-05,b9621814e5a2bb839e6f399c5bf42940989a14efca909b15427ab68e3ae9432d,b0df04e619c332a72d33e5061a92e225ef3b9a537c9dcb40ee78e063f56dfcdd,o-2,o-2.jpg,images/o-2.jpg,21aa96fa08ee7513fe40f6f363813482ecc5d47bee6902d10ca1e7f04b65a45c,gpt56,OpenAI,gpt-5.6,gpt-5.6-sol,2.48.0,0,"{""effort"": ""none""}",high,2026-09-06T00:06:07.030498+00:00,2026-09-06T00:06:10.084426+00:00,3.054,1,success,None of these / Not clearly moral in nature,98,"The image shows athletes beginning a track race under ordinary competitive conditions. No visible harm, unfair conduct, rule violation, or other clear moral concern is present.",,,,,2040,63,0,2103,"{""label"":""None of these / Not clearly moral in nature"",""confidence"":98,""brief_reason"":""The image shows athletes beginning a track race under ordinary competitive conditions. No visible harm, unfair conduct, rule violation, or other clear moral concern is present.""}",
prompt-results-v1,visual-cue-prompt-pilot-v1,010ecf86752795948c65f735a12ca5ef23a0b79726346feeeec6b2e8a0d97fd9,20260905,4abacadab7776f19f410667a58dab254f25527fef3a254f29b2f95a6ed48d37c,458896460164f445b46b7b3141253fd36e016b3fc3ca340c3be4403c87bf8563,,47,1,16,2,p2,p2-blind-nonoverlap-cues-v1-2026-09-05,482dce5b0ed5faf3ec20bdf32b51d0eb2212e901d18dde12a59c1f710160df8d,b0df04e619c332a72d33e5061a92e225ef3b9a537c9dcb40ee78e063f56dfcdd,o-2,o-2.jpg,images/o-2.jpg,21aa96fa08ee7513fe40f6f363813482ecc5d47bee6902d10ca1e7f04b65a45c,gpt56,OpenAI,gpt-5.6,gpt-5.6-sol,2.48.0,0,"{""effort"": ""none""}",high,2026-09-06T00:06:10.615356+00:00,2026-09-06T00:06:13.641295+00:00,3.026,1,success,None of these / Not clearly moral in nature,98,"The image shows athletes beginning a track race under ordinary competitive conditions. No visible harm, unfair conduct, rule violation, or other clear moral concern is depicted.",,,,,2216,63,0,2279,"{""label"":""None of these / Not clearly moral in nature"",""confidence"":98,""brief_reason"":""The image shows athletes beginning a track race under ordinary competitive conditions. No visible harm, unfair conduct, rule violation, or other clear moral concern is depicted.""}",
prompt-results-v1,visual-cue-prompt-pilot-v1,010ecf86752795948c65f735a12ca5ef23a0b79726346feeeec6b2e8a0d97fd9,20260905,4abacadab7776f19f410667a58dab254f25527fef3a254f29b2f95a6ed48d37c,699dc7b2093c74ad0d9352651920e640a647034797b534654ff8e0c38cd0e3cf,,48,1,16,3,p0,p0-baseline-v2,1c1a1676abde21bda6ea8cf6eef5a6ca2bb99ecef928005f0fe5aed4769d0fa1,b0df04e619c332a72d33e5061a92e225ef3b9a537c9dcb40ee78e063f56dfcdd,o-2,o-2.jpg,images/o-2.jpg,21aa96fa08ee7513fe40f6f363813482ecc5d47bee6902d10ca1e7f04b65a45c,gpt56,OpenAI,gpt-5.6,gpt-5.6-sol,2.48.0,0,"{""effort"": ""none""}",high,2026-09-06T00:06:14.169697+00:00,2026-09-06T00:06:16.764734+00:00,2.595,1,success,None of these / Not clearly moral in nature,98,"The image shows athletes beginning a track race under ordinary competitive conditions, with no visible injury, misconduct, unfair treatment, or other clear moral concern.",,,,,1809,61,0,1870,"{""label"":""None of these / Not clearly moral in nature"",""confidence"":98,""brief_reason"":""The image shows athletes beginning a track race under ordinary competitive conditions, with no visible injury, misconduct, unfair treatment, or other clear moral concern.""}",
prompt-results-v1,visual-cue-prompt-pilot-v1,010ecf86752795948c65f735a12ca5ef23a0b79726346feeeec6b2e8a0d97fd9,20260905,4abacadab7776f19f410667a58dab254f25527fef3a254f29b2f95a6ed48d37c,6323f9e7447c1cf5e346826b13f51d1c03bcf97cd432de1af27612febcea545c,,49,2,1,1,p0,p0-baseline-v2,1c1a1676abde21bda6ea8cf6eef5a6ca2bb99ecef928005f0fe5aed4769d0fa1,b0df04e619c332a72d33e5061a92e225ef3b9a537c9dcb40ee78e063f56dfcdd,35-3,35-3.jpg,images/35-3.jpg,10205cc5ff7b04e752488d2961e48affc5f0a07ee8b10d130097b4f6c44be1db,gpt56,OpenAI,gpt-5.6,gpt-5.6-sol,2.48.0,0,"{""effort"": ""none""}",high,2026-09-06T00:06:17.289753+00:00,2026-09-06T00:06:22.575902+00:00,5.286,1,success,None of these / Not clearly moral in nature,98,"The image shows a formal wedding reception with a newly married couple, guests applauding, and a wedding cake. It conveys celebration but no clear moral action, violation, suffering, unfairness, or other primary moral concern.",,,,,2231,76,0,2307,"{""label"":""None of these / Not clearly moral in nature"",""confidence"":98,""brief_reason"":""The image shows a formal wedding reception with a newly married couple, guests applauding, and a wedding cake. It conveys celebration but no clear moral action, violation, suffering, unfairness, or other primary moral concern.""}",
prompt-results-v1,visual-cue-prompt-pilot-v1,010ecf86752795948c65f735a12ca5ef23a0b79726346feeeec6b2e8a0d97fd9,20260905,4abacadab7776f19f410667a58dab254f25527fef3a254f29b2f95a6ed48d37c,c6f5a9afabe7b535d40ef53362f1897be82495e265040439974b0e4cee356df3,,50,2,1,2,p1,p1-structured-control-v1-2026-09-05,b9621814e5a2bb839e6f399c5bf42940989a14efca909b15427ab68e3ae9432d,b0df04e619c332a72d33e5061a92e225ef3b9a537c9dcb40ee78e063f56dfcdd,35-3,35-3.jpg,images/35-3.jpg,10205cc5ff7b04e752488d2961e48affc5f0a07ee8b10d130097b4f6c44be1db,gpt56,OpenAI,gpt-5.6,gpt-5.6-sol,2.48.0,0,"{""effort"": ""none""}",high,2026-09-06T00:06:23.106540+00:00,2026-09-06T00:06:27.556547+00:00,4.45,1,success,None of these / Not clearly moral in nature,97,"The image shows a formal wedding reception with a bride, groom, guests applauding, a cake, and a celebratory banner. It conveys celebration but no clear moral concern such as harm, unfairness, betrayal, or care for vulnerability.",,,,,2462,80,0,2542,"{""label"":""None of these / Not clearly moral in nature"",""confidence"":97,""brief_reason"":""The image shows a formal wedding reception with a bride, groom, guests applauding, a cake, and a celebratory banner. It conveys celebration but no clear moral concern such as harm, unfairness, betrayal, or care for vulnerability.""}",
prompt-results-v1,visual-cue-prompt-pilot-v1,010ecf86752795948c65f735a12ca5ef23a0b79726346feeeec6b2e8a0d97fd9,20260905,4abacadab7776f19f410667a58dab254f25527fef3a254f29b2f95a6ed48d37c,2ef4a866ebcd5e007cf153d352cac4604c27694d46d3515658b9f35e32a839de,,51,2,1,3,p2,p2-blind-nonoverlap-cues-v1-2026-09-05,482dce5b0ed5faf3ec20bdf32b51d0eb2212e901d18dde12a59c1f710160df8d,b0df04e619c332a72d33e5061a92e225ef3b9a537c9dcb40ee78e063f56dfcdd,35-3,35-3.jpg,images/35-3.jpg,10205cc5ff7b04e752488d2961e48affc5f0a07ee8b10d130097b4f6c44be1db,gpt56,OpenAI,gpt-5.6,gpt-5.6-sol,2.48.0,0,"{""effort"": ""none""}",high,2026-09-06T00:06:28.083725+00:00,2026-09-06T00:06:33.595179+00:00,5.511,1,success,Loyalty,78,"The image shows a wedding celebration, with a bride and groom together beneath a banner naming them as a married couple while guests applaud. This most strongly conveys commitment and social support, though it is a ceremonial scene rather than direct proof of enduring loyalty.",,,,,2638,75,0,2713,"{""label"":""Loyalty"",""confidence"":78,""brief_reason"":""The image shows a wedding celebration, with a bride and groom together beneath a banner naming them as a married couple while guests applaud. This most strongly conveys commitment and social support, though it is a ceremonial scene rather than direct proof of enduring loyalty.""}",
prompt-results-v1,visual-cue-prompt-pilot-v1,010ecf86752795948c65f735a12ca5ef23a0b79726346feeeec6b2e8a0d97fd9,20260905,4abacadab7776f19f410667a58dab254f25527fef3a254f29b2f95a6ed48d37c,46d1631af9cac067efef6456a830b31520047183e5d3382a5a5bf97828db3080,,52,2,2,1,p1,p1-structured-control-v1-2026-09-05,b9621814e5a2bb839e6f399c5bf42940989a14efca909b15427ab68e3ae9432d,b0df04e619c332a72d33e5061a92e225ef3b9a537c9dcb40ee78e063f56dfcdd,9-2,9-2.jpg,images/9-2.jpg,62142986ca8108d3f29fee7e17e6af5650e1c7bdfdc9a95870bf910fa30abc0d,gpt56,OpenAI,gpt-5.6,gpt-5.6-sol,2.48.0,0,"{""effort"": ""none""}",high,2026-09-06T00:06:34.125726+00:00,2026-09-06T00:06:37.736301+00:00,3.611,1,success,None of these / Not clearly moral in nature,88,"The image shows several people, including children, in a crowded and cluttered bedroom, but no visible injury, mistreatment, conflict, helping action, or clear rights violation. The cramped conditions could suggest welfare concerns, yet classifying them as Care or Harm would require unsupported assumptions about the occupants' circumstances.",,,,,4114,93,0,4207,"{""label"":""None of these / Not clearly moral in nature"",""confidence"":88,""brief_reason"":""The image shows several people, including children, in a crowded and cluttered bedroom, but no visible injury, mistreatment, conflict, helping action, or clear rights violation. The cramped conditions could suggest welfare concerns, yet classifying them as Care or Harm would require unsupported assumptions about the occupants' circumstances.""}",
prompt-results-v1,visual-cue-prompt-pilot-v1,010ecf86752795948c65f735a12ca5ef23a0b79726346feeeec6b2e8a0d97fd9,20260905,4abacadab7776f19f410667a58dab254f25527fef3a254f29b2f95a6ed48d37c,b658fa32c769f50e8b2b9077433f6c6afc196d78bab5afe84221d3e747b21afe,,53,2,2,2,p2,p2-blind-nonoverlap-cues-v1-2026-09-05,482dce5b0ed5faf3ec20bdf32b51d0eb2212e901d18dde12a59c1f710160df8d,b0df04e619c332a72d33e5061a92e225ef3b9a537c9dcb40ee78e063f56dfcdd,9-2,9-2.jpg,images/9-2.jpg,62142986ca8108d3f29fee7e17e6af5650e1c7bdfdc9a95870bf910fa30abc0d,gpt56,OpenAI,gpt-5.6,gpt-5.6-sol,2.48.0,0,"{""effort"": ""none""}",high,2026-09-06T00:06:38.259886+00:00,2026-09-06T00:06:43.017733+00:00,4.758,1,success,Care,58,"Several children and a young person are gathered closely in a cramped, cluttered sleeping space, with a warm and engaged interaction visible. This suggests concern for family welfare and living needs, though no explicit helping action or distress is shown, so the moral meaning remains somewhat ambiguous.",,,,,4290,78,0,4368,"{""label"":""Care"",""confidence"":58,""brief_reason"":""Several children and a young person are gathered closely in a cramped, cluttered sleeping space, with a warm and engaged interaction visible. This suggests concern for family welfare and living needs, though no explicit helping action or distress is shown, so the moral meaning remains somewhat ambiguous.""}",
prompt-results-v1,visual-cue-prompt-pilot-v1,010ecf86752795948c65f735a12ca5ef23a0b79726346feeeec6b2e8a0d97fd9,20260905,4abacadab7776f19f410667a58dab254f25527fef3a254f29b2f95a6ed48d37c,8d25479cbc0415d034db3db08f808e2228b4694cee26a065c4fda8c2e4e4ffeb,,54,2,2,3,p0,p0-baseline-v2,1c1a1676abde21bda6ea8cf6eef5a6ca2bb99ecef928005f0fe5aed4769d0fa1,b0df04e619c332a72d33e5061a92e225ef3b9a537c9dcb40ee78e063f56dfcdd,9-2,9-2.jpg,images/9-2.jpg,62142986ca8108d3f29fee7e17e6af5650e1c7bdfdc9a95870bf910fa30abc0d,gpt56,OpenAI,gpt-5.6,gpt-5.6-sol,2.48.0,0,"{""effort"": ""none""}",high,2026-09-06T00:06:43.546517+00:00,2026-09-06T00:06:48.792401+00:00,5.246,1,success,Care,68,"Several children and an older youth are gathered closely in a cramped, cluttered sleeping area, suggesting vulnerability and a concern for their living conditions and well-being. They appear relaxed and engaged rather than visibly distressed, so the moral framing is somewhat uncertain; no clear injury, violence, or unfair act supports Harm or Fairness more strongly.",,,,,3883,90,0,3973,"{""label"":""Care"",""confidence"":68,""brief_reason"":""Several children and an older youth are gathered closely in a cramped, cluttered sleeping area, suggesting vulnerability and a concern for their living conditions and well-being. They appear relaxed and engaged rather than visibly distressed, so the moral framing is somewhat uncertain; no clear injury, violence, or unfair act supports Harm or Fairness more strongly.""}",
prompt-results-v1,visual-cue-prompt-pilot-v1,010ecf86752795948c65f735a12ca5ef23a0b79726346feeeec6b2e8a0d97fd9,20260905,4abacadab7776f19f410667a58dab254f25527fef3a254f29b2f95a6ed48d37c,277bbc8f91f3743bb1d988e876df5fbf271932ff8c312064da0b4d8b1ff4211d,,55,2,3,1,p0,p0-baseline-v2,1c1a1676abde21bda6ea8cf6eef5a6ca2bb99ecef928005f0fe5aed4769d0fa1,b0df04e619c332a72d33e5061a92e225ef3b9a537c9dcb40ee78e063f56dfcdd,g-2,g-2.png,images/g-2.png,81625f82d1617b53b838379a4be27cbc819155fbabf5b2dc8260886504801ba6,gpt56,OpenAI,gpt-5.6,gpt-5.6-sol,2.48.0,0,"{""effort"": ""none""}",high,2026-09-06T00:06:49.324541+00:00,2026-09-06T00:06:54.095849+00:00,4.771,1,success,Fairness,98,"The visible presentation explicitly centers on an “AI Fairness Initiative” and a “Gender Parity Testing Framework,” with the group reviewing bias and parity test results. This clearly conveys concern for equitable treatment; there is little uncertainty, though no specific unfair outcome against an individual is shown.",,,,,2270,81,0,2351,"{""label"":""Fairness"",""confidence"":98,""brief_reason"":""The visible presentation explicitly centers on an “AI Fairness Initiative” and a “Gender Parity Testing Framework,” with the group reviewing bias and parity test results. This clearly conveys concern for equitable treatment; there is little uncertainty, though no specific unfair outcome against an individual is shown.""}",
prompt-results-v1,visual-cue-prompt-pilot-v1,010ecf86752795948c65f735a12ca5ef23a0b79726346feeeec6b2e8a0d97fd9,20260905,4abacadab7776f19f410667a58dab254f25527fef3a254f29b2f95a6ed48d37c,07a67804d75a5b59e5fd4aa3614418e21acaac9245081de3039378b94322c6b0,,56,2,3,2,p1,p1-structured-control-v1-2026-09-05,b9621814e5a2bb839e6f399c5bf42940989a14efca909b15427ab68e3ae9432d,b0df04e619c332a72d33e5061a92e225ef3b9a537c9dcb40ee78e063f56dfcdd,g-2,g-2.png,images/g-2.png,81625f82d1617b53b838379a4be27cbc819155fbabf5b2dc8260886504801ba6,gpt56,OpenAI,gpt-5.6,gpt-5.6-sol,2.48.0,0,"{""effort"": ""none""}",high,2026-09-06T00:06:54.621918+00:00,2026-09-06T00:06:59.621141+00:00,4.999,1,success,Fairness,98,"The visible presentation explicitly centers on an “AI Fairness Initiative” and a “Gender Parity Testing Framework,” with the group reviewing bias and parity test results. This directly conveys concern for equitable treatment; there is little meaningful ambiguity.",,,,,2501,71,0,2572,"{""label"":""Fairness"",""confidence"":98,""brief_reason"":""The visible presentation explicitly centers on an “AI Fairness Initiative” and a “Gender Parity Testing Framework,” with the group reviewing bias and parity test results. This directly conveys concern for equitable treatment; there is little meaningful ambiguity.""}",
prompt-results-v1,visual-cue-prompt-pilot-v1,010ecf86752795948c65f735a12ca5ef23a0b79726346feeeec6b2e8a0d97fd9,20260905,4abacadab7776f19f410667a58dab254f25527fef3a254f29b2f95a6ed48d37c,11af61f29eb0dfa445e6c33bbd9c951d90f3a9fa20fb78572f6c2283d3608743,,57,2,3,3,p2,p2-blind-nonoverlap-cues-v1-2026-09-05,482dce5b0ed5faf3ec20bdf32b51d0eb2212e901d18dde12a59c1f710160df8d,b0df04e619c332a72d33e5061a92e225ef3b9a537c9dcb40ee78e063f56dfcdd,g-2,g-2.png,images/g-2.png,81625f82d1617b53b838379a4be27cbc819155fbabf5b2dc8260886504801ba6,gpt56,OpenAI,gpt-5.6,gpt-5.6-sol,2.48.0,0,"{""effort"": ""none""}",high,2026-09-06T00:07:00.149685+00:00,2026-09-06T00:07:04.520713+00:00,4.371,1,success,Fairness,98,"The visible presentation explicitly centers on an “AI Fairness Initiative” and a “Gender Parity Testing Framework,” with diagrams comparing unbiased and known-bias datasets and testing for parity. The group appears to be reviewing these results, making equitable treatment the clear primary concern.",,,,,2677,78,0,2755,"{""label"":""Fairness"",""confidence"":98,""brief_reason"":""The visible presentation explicitly centers on an “AI Fairness Initiative” and a “Gender Parity Testing Framework,” with diagrams comparing unbiased and known-bias datasets and testing for parity. The group appears to be reviewing these results, making equitable treatment the clear primary concern.""}",
prompt-results-v1,visual-cue-prompt-pilot-v1,010ecf86752795948c65f735a12ca5ef23a0b79726346feeeec6b2e8a0d97fd9,20260905,4abacadab7776f19f410667a58dab254f25527fef3a254f29b2f95a6ed48d37c,8d9efbd686e51fbea934165171a756dca6eda127dbaf8d32af9825966712d005,,58,2,4,1,p1,p1-structured-control-v1-2026-09-05,b9621814e5a2bb839e6f399c5bf42940989a14efca909b15427ab68e3ae9432d,b0df04e619c332a72d33e5061a92e225ef3b9a537c9dcb40ee78e063f56dfcdd,3-1,3-1.jpg,images/3-1.jpg,6d4b129168c70ae11059197ac5a1d1784bd9673b751937d98539e1347809284a,gpt56,OpenAI,gpt-5.6,gpt-5.6-sol,2.48.0,0,"{""effort"": ""none""}",high,2026-09-06T00:07:05.049316+00:00,2026-09-06T00:07:09.640402+00:00,4.591,1,success,Care,88,"Several visibly distressed mourners lean over and embrace one another beside what appears to be a coffin, while surrounding people offer physical support. Grief is evident, but no active violence or injury is shown, so the primary concern is compassionate support for vulnerable people rather than Harm.",,,,,1536,78,0,1614,"{""label"":""Care"",""confidence"":88,""brief_reason"":""Several visibly distressed mourners lean over and embrace one another beside what appears to be a coffin, while surrounding people offer physical support. Grief is evident, but no active violence or injury is shown, so the primary concern is compassionate support for vulnerable people rather than Harm.""}",
prompt-results-v1,visual-cue-prompt-pilot-v1,010ecf86752795948c65f735a12ca5ef23a0b79726346feeeec6b2e8a0d97fd9,20260905,4abacadab7776f19f410667a58dab254f25527fef3a254f29b2f95a6ed48d37c,58765b8cbb34d4e61bb13bf5a57f61a3918dd1d7ea40f110d5a723f9e1422d91,,59,2,4,2,p2,p2-blind-nonoverlap-cues-v1-2026-09-05,482dce5b0ed5faf3ec20bdf32b51d0eb2212e901d18dde12a59c1f710160df8d,b0df04e619c332a72d33e5061a92e225ef3b9a537c9dcb40ee78e063f56dfcdd,3-1,3-1.jpg,images/3-1.jpg,6d4b129168c70ae11059197ac5a1d1784bd9673b751937d98539e1347809284a,gpt56,OpenAI,gpt-5.6,gpt-5.6-sol,2.48.0,0,"{""effort"": ""none""}",high,2026-09-06T00:07:10.154465+00:00,2026-09-06T00:07:12.935101+00:00,2.781,1,success,Care,84,"Several visibly distressed mourners lean on and embrace one another beside what appears to be a casket, conveying grief, vulnerability, and mutual emotional support. Harm is plausible because of the evident suffering and funeral context, but no violence or injury is shown, so the supportive interaction is primary.",,,,,1712,81,0,1793,"{""label"":""Care"",""confidence"":84,""brief_reason"":""Several visibly distressed mourners lean on and embrace one another beside what appears to be a casket, conveying grief, vulnerability, and mutual emotional support. Harm is plausible because of the evident suffering and funeral context, but no violence or injury is shown, so the supportive interaction is primary.""}",
prompt-results-v1,visual-cue-prompt-pilot-v1,010ecf86752795948c65f735a12ca5ef23a0b79726346feeeec6b2e8a0d97fd9,20260905,4abacadab7776f19f410667a58dab254f25527fef3a254f29b2f95a6ed48d37c,82e68841025e676dbed9125ca82ec912d08138520d14f8566d5c29186558f2b4,,60,2,4,3,p0,p0-baseline-v2,1c1a1676abde21bda6ea8cf6eef5a6ca2bb99ecef928005f0fe5aed4769d0fa1,b0df04e619c332a72d33e5061a92e225ef3b9a537c9dcb40ee78e063f56dfcdd,3-1,3-1.jpg,images/3-1.jpg,6d4b129168c70ae11059197ac5a1d1784bd9673b751937d98539e1347809284a,gpt56,OpenAI,gpt-5.6,gpt-5.6-sol,2.48.0,0,"{""effort"": ""none""}",high,2026-09-06T00:07:13.461876+00:00,2026-09-06T00:07:16.426964+00:00,2.965,1,success,Care,88,"Several visibly distressed mourners lean over and embrace one another beside what appears to be a coffin, while others provide physical support. Grief is evident, but no injury or violence is shown, so the primary concern is compassionate support rather than Harm.",,,,,1305,73,0,1378,"{""label"":""Care"",""confidence"":88,""brief_reason"":""Several visibly distressed mourners lean over and embrace one another beside what appears to be a coffin, while others provide physical support. Grief is evident, but no injury or violence is shown, so the primary concern is compassionate support rather than Harm.""}",
prompt-results-v1,visual-cue-prompt-pilot-v1,010ecf86752795948c65f735a12ca5ef23a0b79726346feeeec6b2e8a0d97fd9,20260905,4abacadab7776f19f410667a58dab254f25527fef3a254f29b2f95a6ed48d37c,f0da278c9733031f323280385944f3b40ef00c70ac81941d4c2b7466cdb81572,,61,2,5,1,p2,p2-blind-nonoverlap-cues-v1-2026-09-05,482dce5b0ed5faf3ec20bdf32b51d0eb2212e901d18dde12a59c1f710160df8d,b0df04e619c332a72d33e5061a92e225ef3b9a537c9dcb40ee78e063f56dfcdd,7-2,7-2.jpg,images/7-2.jpg,f05fbbbb98ff0f700f0dd0c5f9cb1d846a5f597327839a92b88e1fcef6ffbd63,gpt56,OpenAI,gpt-5.6,gpt-5.6-sol,2.48.0,0,"{""effort"": ""none""}",high,2026-09-06T00:07:16.957692+00:00,2026-09-06T00:07:22.236806+00:00,5.279,1,success,Respect / Authority,84,"Two formally dressed people are visibly bowing toward one another in a business setting, conveying a conventional gesture of respect and social etiquette. The exact relationship or hierarchy is not visible, but the coordinated bow strongly supports respect rather than another moral concern.",,,,,2514,74,0,2588,"{""label"":""Respect / Authority"",""confidence"":84,""brief_reason"":""Two formally dressed people are visibly bowing toward one another in a business setting, conveying a conventional gesture of respect and social etiquette. The exact relationship or hierarchy is not visible, but the coordinated bow strongly supports respect rather than another moral concern.""}",
prompt-results-v1,visual-cue-prompt-pilot-v1,010ecf86752795948c65f735a12ca5ef23a0b79726346feeeec6b2e8a0d97fd9,20260905,4abacadab7776f19f410667a58dab254f25527fef3a254f29b2f95a6ed48d37c,02522d7204b388a135f7e1bdb8c98565c7324039797c4d58a4833339cf39fa41,,62,2,5,2,p0,p0-baseline-v2,1c1a1676abde21bda6ea8cf6eef5a6ca2bb99ecef928005f0fe5aed4769d0fa1,b0df04e619c332a72d33e5061a92e225ef3b9a537c9dcb40ee78e063f56dfcdd,7-2,7-2.jpg,images/7-2.jpg,f05fbbbb98ff0f700f0dd0c5f9cb1d846a5f597327839a92b88e1fcef6ffbd63,gpt56,OpenAI,gpt-5.6,gpt-5.6-sol,2.48.0,0,"{""effort"": ""none""}",high,2026-09-06T00:07:22.764447+00:00,2026-09-06T00:07:26.231637+00:00,3.467,1,success,Respect / Authority,88,"Two formally dressed people are visibly bowing to one another in a professional setting, conveying a conventional gesture of respect and social etiquette. Their exact roles or hierarchy are not visible, so the authority aspect is uncertain, but respect is clearly emphasized.",,,,,2107,74,0,2181,"{""label"":""Respect / Authority"",""confidence"":88,""brief_reason"":""Two formally dressed people are visibly bowing to one another in a professional setting, conveying a conventional gesture of respect and social etiquette. Their exact roles or hierarchy are not visible, so the authority aspect is uncertain, but respect is clearly emphasized.""}",
prompt-results-v1,visual-cue-prompt-pilot-v1,010ecf86752795948c65f735a12ca5ef23a0b79726346feeeec6b2e8a0d97fd9,20260905,4abacadab7776f19f410667a58dab254f25527fef3a254f29b2f95a6ed48d37c,0a0595f6c2acdbc960bde496d02f19af883d2303fb77d78ba4256e6b77eb8b02,,63,2,5,3,p1,p1-structured-control-v1-2026-09-05,b9621814e5a2bb839e6f399c5bf42940989a14efca909b15427ab68e3ae9432d,b0df04e619c332a72d33e5061a92e225ef3b9a537c9dcb40ee78e063f56dfcdd,7-2,7-2.jpg,images/7-2.jpg,f05fbbbb98ff0f700f0dd0c5f9cb1d846a5f597327839a92b88e1fcef6ffbd63,gpt56,OpenAI,gpt-5.6,gpt-5.6-sol,2.48.0,0,"{""effort"": ""none""}",high,2026-09-06T00:07:26.757737+00:00,2026-09-06T00:07:32.979708+00:00,6.222,1,success,Respect / Authority,82,"Two formally dressed people are visibly bowing toward one another in a professional setting, conveying a conventional gesture of respect and social etiquette. Their exact roles or hierarchy are not visible, so the authority aspect is uncertain, but respect is clearly depicted.",,,,,2338,74,0,2412,"{""label"":""Respect / Authority"",""confidence"":82,""brief_reason"":""Two formally dressed people are visibly bowing toward one another in a professional setting, conveying a conventional gesture of respect and social etiquette. Their exact roles or hierarchy are not visible, so the authority aspect is uncertain, but respect is clearly depicted.""}",
prompt-results-v1,visual-cue-prompt-pilot-v1,010ecf86752795948c65f735a12ca5ef23a0b79726346feeeec6b2e8a0d97fd9,20260905,4abacadab7776f19f410667a58dab254f25527fef3a254f29b2f95a6ed48d37c,dc4ccbc9dd9f2c034dea8e0bad25dfa924c1015412542416b6e56b3f949f22c0,,64,2,6,1,p1,p1-structured-control-v1-2026-09-05,b9621814e5a2bb839e6f399c5bf42940989a14efca909b15427ab68e3ae9432d,b0df04e619c332a72d33e5061a92e225ef3b9a537c9dcb40ee78e063f56dfcdd,2-1,2-1.jpg,images/2-1.jpg,4c390cab45d7793acde1917cc6c343bfdece7f98faca8ae93220ba7b58bad292,gpt56,OpenAI,gpt-5.6,gpt-5.6-sol,2.48.0,0,"{""effort"": ""none""}",high,2026-09-06T00:07:33.506831+00:00,2026-09-06T00:07:36.455881+00:00,2.949,1,success,Care,88,"A person in heavily worn clothing is crouched beside a small fire within a makeshift shelter surrounded by blankets and belongings, visibly suggesting vulnerability and unmet needs. No active assistance is shown, but concern for the person's welfare is the dominant moral theme; visible injury or violence is not clear enough to favor Harm.",,,,,2374,85,0,2459,"{""label"":""Care"",""confidence"":88,""brief_reason"":""A person in heavily worn clothing is crouched beside a small fire within a makeshift shelter surrounded by blankets and belongings, visibly suggesting vulnerability and unmet needs. No active assistance is shown, but concern for the person's welfare is the dominant moral theme; visible injury or violence is not clear enough to favor Harm.""}",
prompt-results-v1,visual-cue-prompt-pilot-v1,010ecf86752795948c65f735a12ca5ef23a0b79726346feeeec6b2e8a0d97fd9,20260905,4abacadab7776f19f410667a58dab254f25527fef3a254f29b2f95a6ed48d37c,3332353493b0eb757c470a6e3e392abc03fbd72555e3b5e723743b5b343b03d9,,65,2,6,2,p2,p2-blind-nonoverlap-cues-v1-2026-09-05,482dce5b0ed5faf3ec20bdf32b51d0eb2212e901d18dde12a59c1f710160df8d,b0df04e619c332a72d33e5061a92e225ef3b9a537c9dcb40ee78e063f56dfcdd,2-1,2-1.jpg,images/2-1.jpg,4c390cab45d7793acde1917cc6c343bfdece7f98faca8ae93220ba7b58bad292,gpt56,OpenAI,gpt-5.6,gpt-5.6-sol,2.48.0,0,"{""effort"": ""none""}",high,2026-09-06T00:07:36.982363+00:00,2026-09-06T00:07:41.805289+00:00,4.823,1,success,Care,88,"The image shows a person in a makeshift, cluttered shelter warming themselves over a small fire, visibly suggesting exposure and unmet basic needs. The primary concern is their welfare and vulnerability; no direct act of violence or visible injury makes Harm less fitting.",,,,,2550,74,0,2624,"{""label"":""Care"",""confidence"":88,""brief_reason"":""The image shows a person in a makeshift, cluttered shelter warming themselves over a small fire, visibly suggesting exposure and unmet basic needs. The primary concern is their welfare and vulnerability; no direct act of violence or visible injury makes Harm less fitting.""}",
prompt-results-v1,visual-cue-prompt-pilot-v1,010ecf86752795948c65f735a12ca5ef23a0b79726346feeeec6b2e8a0d97fd9,20260905,4abacadab7776f19f410667a58dab254f25527fef3a254f29b2f95a6ed48d37c,f7d50610873a05996d40eb0555729e400749655236433347f69679a61a68840c,,66,2,6,3,p0,p0-baseline-v2,1c1a1676abde21bda6ea8cf6eef5a6ca2bb99ecef928005f0fe5aed4769d0fa1,b0df04e619c332a72d33e5061a92e225ef3b9a537c9dcb40ee78e063f56dfcdd,2-1,2-1.jpg,images/2-1.jpg,4c390cab45d7793acde1917cc6c343bfdece7f98faca8ae93220ba7b58bad292,gpt56,OpenAI,gpt-5.6,gpt-5.6-sol,2.48.0,0,"{""effort"": ""none""}",high,2026-09-06T00:07:42.331397+00:00,2026-09-06T00:07:45.687059+00:00,3.356,1,success,Care,88,"A person is visibly sheltering among makeshift coverings and belongings while warming themselves over a small fire, conveying vulnerability and unmet needs. No active helper is shown, but the primary moral concern is the person's welfare rather than visible injury or violence, so Harm is less fitting.",,,,,2143,78,0,2221,"{""label"":""Care"",""confidence"":88,""brief_reason"":""A person is visibly sheltering among makeshift coverings and belongings while warming themselves over a small fire, conveying vulnerability and unmet needs. No active helper is shown, but the primary moral concern is the person's welfare rather than visible injury or violence, so Harm is less fitting.""}",
prompt-results-v1,visual-cue-prompt-pilot-v1,010ecf86752795948c65f735a12ca5ef23a0b79726346feeeec6b2e8a0d97fd9,20260905,4abacadab7776f19f410667a58dab254f25527fef3a254f29b2f95a6ed48d37c,9b4bf7f5d87f4f4965048c081fb3d0c271f60a3989b686fff69a106007d4bed6,,67,2,7,1,p2,p2-blind-nonoverlap-cues-v1-2026-09-05,482dce5b0ed5faf3ec20bdf32b51d0eb2212e901d18dde12a59c1f710160df8d,b0df04e619c332a72d33e5061a92e225ef3b9a537c9dcb40ee78e063f56dfcdd,1-1,1-1.jpg,images/1-1.jpg,16c8b6ef21bd106f6229643ab02fee435a73563485160c64d5eac9e5c19d2f44,gpt56,OpenAI,gpt-5.6,gpt-5.6-sol,2.48.0,0,"{""effort"": ""none""}",high,2026-09-06T00:07:46.213098+00:00,2026-09-06T00:07:49.167936+00:00,2.955,1,success,Care,94,"An adult is visibly holding and supporting a smiling young child in a close, affectionate interaction. The scene strongly conveys nurturing and concern for the child's well-being; no clear harm or other competing moral concern is visible.",,,,,1474,66,0,1540,"{""label"":""Care"",""confidence"":94,""brief_reason"":""An adult is visibly holding and supporting a smiling young child in a close, affectionate interaction. The scene strongly conveys nurturing and concern for the child's well-being; no clear harm or other competing moral concern is visible.""}",
prompt-results-v1,visual-cue-prompt-pilot-v1,010ecf86752795948c65f735a12ca5ef23a0b79726346feeeec6b2e8a0d97fd9,20260905,4abacadab7776f19f410667a58dab254f25527fef3a254f29b2f95a6ed48d37c,17853af2ca74b9f17a470d5d26ea0c2571caf41e9ab47cd88b4c677291af375b,,68,2,7,2,p0,p0-baseline-v2,1c1a1676abde21bda6ea8cf6eef5a6ca2bb99ecef928005f0fe5aed4769d0fa1,b0df04e619c332a72d33e5061a92e225ef3b9a537c9dcb40ee78e063f56dfcdd,1-1,1-1.jpg,images/1-1.jpg,16c8b6ef21bd106f6229643ab02fee435a73563485160c64d5eac9e5c19d2f44,gpt56,OpenAI,gpt-5.6,gpt-5.6-sol,2.48.0,0,"{""effort"": ""none""}",high,2026-09-06T00:07:49.691812+00:00,2026-09-06T00:07:52.510596+00:00,2.819,1,success,Care,96,"A smiling adult is visibly holding and supporting a laughing young child, conveying nurturing affection and attention to the child's well-being. No clear suffering or harmful action is visible.",,,,,1067,57,0,1124,"{""label"":""Care"",""confidence"":96,""brief_reason"":""A smiling adult is visibly holding and supporting a laughing young child, conveying nurturing affection and attention to the child's well-being. No clear suffering or harmful action is visible.""}",
prompt-results-v1,visual-cue-prompt-pilot-v1,010ecf86752795948c65f735a12ca5ef23a0b79726346feeeec6b2e8a0d97fd9,20260905,4abacadab7776f19f410667a58dab254f25527fef3a254f29b2f95a6ed48d37c,05a498ee5f3641551f1f05eac3292c4d3012f75d9a5b0d1e8ac50f816a406116,,69,2,7,3,p1,p1-structured-control-v1-2026-09-05,b9621814e5a2bb839e6f399c5bf42940989a14efca909b15427ab68e3ae9432d,b0df04e619c332a72d33e5061a92e225ef3b9a537c9dcb40ee78e063f56dfcdd,1-1,1-1.jpg,images/1-1.jpg,16c8b6ef21bd106f6229643ab02fee435a73563485160c64d5eac9e5c19d2f44,gpt56,OpenAI,gpt-5.6,gpt-5.6-sol,2.48.0,0,"{""effort"": ""none""}",high,2026-09-06T00:07:53.035610+00:00,2026-09-06T00:07:55.020773+00:00,1.985,1,success,Care,94,"A smiling adult is visibly holding and supporting a laughing young child, conveying nurturing attention, affection, and concern for the child's well-being. No clear suffering or harmful action is visible.",,,,,1298,60,0,1358,"{""label"":""Care"",""confidence"":94,""brief_reason"":""A smiling adult is visibly holding and supporting a laughing young child, conveying nurturing attention, affection, and concern for the child's well-being. No clear suffering or harmful action is visible.""}",
prompt-results-v1,visual-cue-prompt-pilot-v1,010ecf86752795948c65f735a12ca5ef23a0b79726346feeeec6b2e8a0d97fd9,20260905,4abacadab7776f19f410667a58dab254f25527fef3a254f29b2f95a6ed48d37c,1cc0f2b911770c370dc214548b77fd891c0fe668baa50103f91bffb5a289f6f2,,70,2,8,1,p2,p2-blind-nonoverlap-cues-v1-2026-09-05,482dce5b0ed5faf3ec20bdf32b51d0eb2212e901d18dde12a59c1f710160df8d,b0df04e619c332a72d33e5061a92e225ef3b9a537c9dcb40ee78e063f56dfcdd,37-3,37-3.jpg,images/37-3.jpg,368cf7b7ef47e0933e9b60541ae321361571d2dbc8bd6b7deb0dc657f9a54e21,gpt56,OpenAI,gpt-5.6,gpt-5.6-sol,2.48.0,0,"{""effort"": ""none""}",high,2026-09-06T00:07:55.547472+00:00,2026-09-06T00:08:01.907828+00:00,6.36,1,success,Care,68,"The woman appears visibly distressed and isolated, with tears or reddened eyes and a slumped, head-in-hand posture, conveying emotional vulnerability and concern for her well-being. Harm is also plausible because she appears to be suffering, but no harmful act or cause is visibly established, so Care better captures the implied need for support.",,,,,2638,89,0,2727,"{""label"":""Care"",""confidence"":68,""brief_reason"":""The woman appears visibly distressed and isolated, with tears or reddened eyes and a slumped, head-in-hand posture, conveying emotional vulnerability and concern for her well-being. Harm is also plausible because she appears to be suffering, but no harmful act or cause is visibly established, so Care better captures the implied need for support.""}",
prompt-results-v1,visual-cue-prompt-pilot-v1,010ecf86752795948c65f735a12ca5ef23a0b79726346feeeec6b2e8a0d97fd9,20260905,4abacadab7776f19f410667a58dab254f25527fef3a254f29b2f95a6ed48d37c,10611c3aaf6c85d421a9e9a6f4622de7bc6818eb6e565c23c1d1335acba73d93,,71,2,8,2,p0,p0-baseline-v2,1c1a1676abde21bda6ea8cf6eef5a6ca2bb99ecef928005f0fe5aed4769d0fa1,b0df04e619c332a72d33e5061a92e225ef3b9a537c9dcb40ee78e063f56dfcdd,37-3,37-3.jpg,images/37-3.jpg,368cf7b7ef47e0933e9b60541ae321361571d2dbc8bd6b7deb0dc657f9a54e21,gpt56,OpenAI,gpt-5.6,gpt-5.6-sol,2.48.0,0,"{""effort"": ""none""}",high,2026-09-06T00:08:02.435533+00:00,2026-09-06T00:08:06.866092+00:00,4.431,1,success,Care,78,"The woman appears visibly distressed and isolated while looking at a social-media image, conveying emotional vulnerability and concern for her well-being. Harm is also plausible because she may be experiencing emotional suffering, but no harmful act or perpetrator is visibly shown, so Care best captures the apparent need for support.",,,,,2231,82,0,2313,"{""label"":""Care"",""confidence"":78,""brief_reason"":""The woman appears visibly distressed and isolated while looking at a social-media image, conveying emotional vulnerability and concern for her well-being. Harm is also plausible because she may be experiencing emotional suffering, but no harmful act or perpetrator is visibly shown, so Care best captures the apparent need for support.""}",
prompt-results-v1,visual-cue-prompt-pilot-v1,010ecf86752795948c65f735a12ca5ef23a0b79726346feeeec6b2e8a0d97fd9,20260905,4abacadab7776f19f410667a58dab254f25527fef3a254f29b2f95a6ed48d37c,e5667b2502a626164a39bbf285266fc8665191bc0ccc6c35a5a01302b0bcb7bd,,72,2,8,3,p1,p1-structured-control-v1-2026-09-05,b9621814e5a2bb839e6f399c5bf42940989a14efca909b15427ab68e3ae9432d,b0df04e619c332a72d33e5061a92e225ef3b9a537c9dcb40ee78e063f56dfcdd,37-3,37-3.jpg,images/37-3.jpg,368cf7b7ef47e0933e9b60541ae321361571d2dbc8bd6b7deb0dc657f9a54e21,gpt56,OpenAI,gpt-5.6,gpt-5.6-sol,2.48.0,0,"{""effort"": ""none""}",high,2026-09-06T00:08:07.391754+00:00,2026-09-06T00:08:14.307195+00:00,6.915,1,success,Care,76,"The woman appears visibly distressed and tearful while sitting alone in a disordered room, conveying emotional vulnerability and a need for support. Harm is plausible because she seems to be suffering, but no harmful act or cause is visibly shown, so concern for her welfare is primary.",,,,,2462,78,0,2540,"{""label"":""Care"",""confidence"":76,""brief_reason"":""The woman appears visibly distressed and tearful while sitting alone in a disordered room, conveying emotional vulnerability and a need for support. Harm is plausible because she seems to be suffering, but no harmful act or cause is visibly shown, so concern for her welfare is primary.""}",
prompt-results-v1,visual-cue-prompt-pilot-v1,010ecf86752795948c65f735a12ca5ef23a0b79726346feeeec6b2e8a0d97fd9,20260905,4abacadab7776f19f410667a58dab254f25527fef3a254f29b2f95a6ed48d37c,f87d904cbd08e2fa4575837c623466a4a2cba46297c8d6a0e2c10c604d6bfb23,,73,2,9,1,p2,p2-blind-nonoverlap-cues-v1-2026-09-05,482dce5b0ed5faf3ec20bdf32b51d0eb2212e901d18dde12a59c1f710160df8d,b0df04e619c332a72d33e5061a92e225ef3b9a537c9dcb40ee78e063f56dfcdd,34-4,34-4.jpg,images/34-4.jpg,54b77dd8508b18cc320701e2e5d4c650978915a6fa05d172f0e86ddea6abe0a1,gpt56,OpenAI,gpt-5.6,gpt-5.6-sol,2.48.0,0,"{""effort"": ""none""}",high,2026-09-06T00:08:14.843120+00:00,2026-09-06T00:08:21.354720+00:00,6.512,1,success,Harm,88,"A visibly distressed, isolated person is confined in a deteriorated observation room under intensive surveillance, while monitors indicate critical stress and irregular respiration. The scene strongly conveys emotional suffering and potentially harmful treatment; Degradation is also plausible because of the dehumanizing conditions, but the clearest emphasis is the person's distress and welfare.",,,,,2638,88,0,2726,"{""label"":""Harm"",""confidence"":88,""brief_reason"":""A visibly distressed, isolated person is confined in a deteriorated observation room under intensive surveillance, while monitors indicate critical stress and irregular respiration. The scene strongly conveys emotional suffering and potentially harmful treatment; Degradation is also plausible because of the dehumanizing conditions, but the clearest emphasis is the person's distress and welfare.""}",
prompt-results-v1,visual-cue-prompt-pilot-v1,010ecf86752795948c65f735a12ca5ef23a0b79726346feeeec6b2e8a0d97fd9,20260905,4abacadab7776f19f410667a58dab254f25527fef3a254f29b2f95a6ed48d37c,42e29cf026538a98d5dae2345479a5e4b385709a037cc56ac8e385fbd1774533,,74,2,9,2,p0,p0-baseline-v2,1c1a1676abde21bda6ea8cf6eef5a6ca2bb99ecef928005f0fe5aed4769d0fa1,b0df04e619c332a72d33e5061a92e225ef3b9a537c9dcb40ee78e063f56dfcdd,34-4,34-4.jpg,images/34-4.jpg,54b77dd8508b18cc320701e2e5d4c650978915a6fa05d172f0e86ddea6abe0a1,gpt56,OpenAI,gpt-5.6,gpt-5.6-sol,2.48.0,0,"{""effort"": ""none""}",high,2026-09-06T00:08:21.883218+00:00,2026-09-06T00:08:28.527635+00:00,6.644,1,success,Harm,88,"A visibly distressed, isolated person sits barefoot in a deteriorated locked observation room under multiple surveillance cameras, while monitors indicate critical stress and irregular vital signs. The scene strongly emphasizes emotional suffering and a harmful confinement-like condition. Degradation is also plausible because of the dehumanizing surveillance and environment, but visible distress is the dominant concern.",,,,,2231,91,0,2322,"{""label"":""Harm"",""confidence"":88,""brief_reason"":""A visibly distressed, isolated person sits barefoot in a deteriorated locked observation room under multiple surveillance cameras, while monitors indicate critical stress and irregular vital signs. The scene strongly emphasizes emotional suffering and a harmful confinement-like condition. Degradation is also plausible because of the dehumanizing surveillance and environment, but visible distress is the dominant concern.""}",
prompt-results-v1,visual-cue-prompt-pilot-v1,010ecf86752795948c65f735a12ca5ef23a0b79726346feeeec6b2e8a0d97fd9,20260905,4abacadab7776f19f410667a58dab254f25527fef3a254f29b2f95a6ed48d37c,bdf9fd18314f6a582243c01e5e596262a69888921df5fd0b607b1330c3f2d6f7,,75,2,9,3,p1,p1-structured-control-v1-2026-09-05,b9621814e5a2bb839e6f399c5bf42940989a14efca909b15427ab68e3ae9432d,b0df04e619c332a72d33e5061a92e225ef3b9a537c9dcb40ee78e063f56dfcdd,34-4,34-4.jpg,images/34-4.jpg,54b77dd8508b18cc320701e2e5d4c650978915a6fa05d172f0e86ddea6abe0a1,gpt56,OpenAI,gpt-5.6,gpt-5.6-sol,2.48.0,0,"{""effort"": ""none""}",high,2026-09-06T00:08:29.058081+00:00,2026-09-06T00:08:34.281331+00:00,5.223,1,success,Harm,88,"A visibly distressed, isolated person sits barefoot in a deteriorated observation room under multiple surveillance cameras, while monitors indicate critical stress and irregular vital signs. The scene strongly emphasizes emotional suffering and a harmful confinement-like condition; the exact circumstances and whether the person is forcibly confined are uncertain.",,,,,2462,80,0,2542,"{""label"":""Harm"",""confidence"":88,""brief_reason"":""A visibly distressed, isolated person sits barefoot in a deteriorated observation room under multiple surveillance cameras, while monitors indicate critical stress and irregular vital signs. The scene strongly emphasizes emotional suffering and a harmful confinement-like condition; the exact circumstances and whether the person is forcibly confined are uncertain.""}",
prompt-results-v1,visual-cue-prompt-pilot-v1,010ecf86752795948c65f735a12ca5ef23a0b79726346feeeec6b2e8a0d97fd9,20260905,4abacadab7776f19f410667a58dab254f25527fef3a254f29b2f95a6ed48d37c,8746d71cd7bda6ae50a626b47517c6731d094371ed10836f8960e228a8a96e5e,,76,2,10,1,p2,p2-blind-nonoverlap-cues-v1-2026-09-05,482dce5b0ed5faf3ec20bdf32b51d0eb2212e901d18dde12a59c1f710160df8d,b0df04e619c332a72d33e5061a92e225ef3b9a537c9dcb40ee78e063f56dfcdd,15-3,15-3.jpg,images/15-3.jpg,6f28dbc5170e67ac96e4ab80c38be2299d567d14bc2e675cad060a9c0181f35c,gpt56,OpenAI,gpt-5.6,gpt-5.6-sol,2.48.0,0,"{""effort"": ""none""}",high,2026-09-06T00:08:34.815120+00:00,2026-09-06T00:08:42.943851+00:00,8.129,1,success,Care,82,"Two people have visible head bandages, while a soldier appears to guide or support them and a clearly marked Red Cross worker is present. These cues strongly suggest assistance and concern for vulnerable or injured people, though no active medical treatment is shown and the scene may be a staged exercise.",,,,,4290,80,0,4370,"{""label"":""Care"",""confidence"":82,""brief_reason"":""Two people have visible head bandages, while a soldier appears to guide or support them and a clearly marked Red Cross worker is present. These cues strongly suggest assistance and concern for vulnerable or injured people, though no active medical treatment is shown and the scene may be a staged exercise.""}",
prompt-results-v1,visual-cue-prompt-pilot-v1,010ecf86752795948c65f735a12ca5ef23a0b79726346feeeec6b2e8a0d97fd9,20260905,4abacadab7776f19f410667a58dab254f25527fef3a254f29b2f95a6ed48d37c,ac2c34307f353fa1a1171013dcc814c4139b543721360cdaf072bd836fcff627,,77,2,10,2,p0,p0-baseline-v2,1c1a1676abde21bda6ea8cf6eef5a6ca2bb99ecef928005f0fe5aed4769d0fa1,b0df04e619c332a72d33e5061a92e225ef3b9a537c9dcb40ee78e063f56dfcdd,15-3,15-3.jpg,images/15-3.jpg,6f28dbc5170e67ac96e4ab80c38be2299d567d14bc2e675cad060a9c0181f35c,gpt56,OpenAI,gpt-5.6,gpt-5.6-sol,2.48.0,0,"{""effort"": ""none""}",high,2026-09-06T00:08:43.471456+00:00,2026-09-06T00:08:50.907002+00:00,7.436,1,success,Care,82,"Two visibly bandaged people are being attended or guided by a soldier, while a Red Cross worker stands nearby, emphasizing aid and protection for vulnerable or injured individuals. Harm is also plausible because the blood-stained bandages imply injury, but no active violence or clear suffering is shown, so the scene primarily conveys caregiving.",,,,,3883,88,0,3971,"{""label"":""Care"",""confidence"":82,""brief_reason"":""Two visibly bandaged people are being attended or guided by a soldier, while a Red Cross worker stands nearby, emphasizing aid and protection for vulnerable or injured individuals. Harm is also plausible because the blood-stained bandages imply injury, but no active violence or clear suffering is shown, so the scene primarily conveys caregiving.""}",
prompt-results-v1,visual-cue-prompt-pilot-v1,010ecf86752795948c65f735a12ca5ef23a0b79726346feeeec6b2e8a0d97fd9,20260905,4abacadab7776f19f410667a58dab254f25527fef3a254f29b2f95a6ed48d37c,87963011fbe0198bf06e715b5b2b7eb0989f3c6d2cd68b7d49a8b24121e801bf,,78,2,10,3,p1,p1-structured-control-v1-2026-09-05,b9621814e5a2bb839e6f399c5bf42940989a14efca909b15427ab68e3ae9432d,b0df04e619c332a72d33e5061a92e225ef3b9a537c9dcb40ee78e063f56dfcdd,15-3,15-3.jpg,images/15-3.jpg,6f28dbc5170e67ac96e4ab80c38be2299d567d14bc2e675cad060a9c0181f35c,gpt56,OpenAI,gpt-5.6,gpt-5.6-sol,2.48.0,0,"{""effort"": ""none""}",high,2026-09-06T00:08:51.436239+00:00,2026-09-06T00:08:57.714388+00:00,6.278,1,success,Care,82,"Two people have visibly bloodstained head bandages, while a soldier appears to guide or support them and a Red Cross worker approaches. The scene primarily conveys attention to injured or vulnerable people, though no active medical treatment is visible and the setting may be a staged exercise.",,,,,4114,78,0,4192,"{""label"":""Care"",""confidence"":82,""brief_reason"":""Two people have visibly bloodstained head bandages, while a soldier appears to guide or support them and a Red Cross worker approaches. The scene primarily conveys attention to injured or vulnerable people, though no active medical treatment is visible and the setting may be a staged exercise.""}",
prompt-results-v1,visual-cue-prompt-pilot-v1,010ecf86752795948c65f735a12ca5ef23a0b79726346feeeec6b2e8a0d97fd9,20260905,4abacadab7776f19f410667a58dab254f25527fef3a254f29b2f95a6ed48d37c,04cec1720bcafe7cca2d3bd638561d736615f7f813be4bbd8e7a1f0b83a7f1e1,,79,2,11,1,p1,p1-structured-control-v1-2026-09-05,b9621814e5a2bb839e6f399c5bf42940989a14efca909b15427ab68e3ae9432d,b0df04e619c332a72d33e5061a92e225ef3b9a537c9dcb40ee78e063f56dfcdd,25-2,25-2.jpg,images/25-2.jpg,f2c8b7b650119d1d77c11d0589ceb662f0e41da70262e74f89249661c27fd484,gpt56,OpenAI,gpt-5.6,gpt-5.6-sol,2.48.0,0,"{""effort"": ""none""}",high,2026-09-06T00:08:58.232447+00:00,2026-09-06T00:09:05.579114+00:00,7.347,1,success,Fairness,78,"A large street demonstration prominently displays a rainbow Pride flag, with participants marching, chanting, raising fists, and carrying signs. This strongly suggests advocacy for equal rights and treatment. The exact demands are not readable, so Loyalty or Subversion could also fit the group solidarity and protest setting, but equality is the clearest primary theme.",,,,,2462,90,0,2552,"{""label"":""Fairness"",""confidence"":78,""brief_reason"":""A large street demonstration prominently displays a rainbow Pride flag, with participants marching, chanting, raising fists, and carrying signs. This strongly suggests advocacy for equal rights and treatment. The exact demands are not readable, so Loyalty or Subversion could also fit the group solidarity and protest setting, but equality is the clearest primary theme.""}",
prompt-results-v1,visual-cue-prompt-pilot-v1,010ecf86752795948c65f735a12ca5ef23a0b79726346feeeec6b2e8a0d97fd9,20260905,4abacadab7776f19f410667a58dab254f25527fef3a254f29b2f95a6ed48d37c,11fa91998f7fbe67f722fb6e5f5b1d272659461a44b6f8569eaa91a84608c38b,,80,2,11,2,p2,p2-blind-nonoverlap-cues-v1-2026-09-05,482dce5b0ed5faf3ec20bdf32b51d0eb2212e901d18dde12a59c1f710160df8d,b0df04e619c332a72d33e5061a92e225ef3b9a537c9dcb40ee78e063f56dfcdd,25-2,25-2.jpg,images/25-2.jpg,f2c8b7b650119d1d77c11d0589ceb662f0e41da70262e74f89249661c27fd484,gpt56,OpenAI,gpt-5.6,gpt-5.6-sol,2.48.0,0,"{""effort"": ""none""}",high,2026-09-06T00:09:06.108850+00:00,2026-09-06T00:09:10.823130+00:00,4.714,1,success,Fairness,78,"A large public march is visibly organized around a rainbow flag, with participants chanting, raising fists, and carrying signs, strongly suggesting advocacy for equal rights and treatment. The exact demands are not legible, so the specific cause and whether the scene instead primarily reflects solidarity cannot be confirmed; Loyalty is plausible but secondary to the apparent equality-focused protest.",,,,,2638,93,0,2731,"{""label"":""Fairness"",""confidence"":78,""brief_reason"":""A large public march is visibly organized around a rainbow flag, with participants chanting, raising fists, and carrying signs, strongly suggesting advocacy for equal rights and treatment. The exact demands are not legible, so the specific cause and whether the scene instead primarily reflects solidarity cannot be confirmed; Loyalty is plausible but secondary to the apparent equality-focused protest.""}",
prompt-results-v1,visual-cue-prompt-pilot-v1,010ecf86752795948c65f735a12ca5ef23a0b79726346feeeec6b2e8a0d97fd9,20260905,4abacadab7776f19f410667a58dab254f25527fef3a254f29b2f95a6ed48d37c,354882b3da1872e7c46406f12bf1498cf400123303e8a128d740b88a7afffe4f,,81,2,11,3,p0,p0-baseline-v2,1c1a1676abde21bda6ea8cf6eef5a6ca2bb99ecef928005f0fe5aed4769d0fa1,b0df04e619c332a72d33e5061a92e225ef3b9a537c9dcb40ee78e063f56dfcdd,25-2,25-2.jpg,images/25-2.jpg,f2c8b7b650119d1d77c11d0589ceb662f0e41da70262e74f89249661c27fd484,gpt56,OpenAI,gpt-5.6,gpt-5.6-sol,2.48.0,0,"{""effort"": ""none""}",high,2026-09-06T00:09:11.349326+00:00,2026-09-06T00:09:15.360440+00:00,4.011,1,success,Fairness,82,"A large public march prominently displays a rainbow flag, with participants chanting, raising fists, and carrying signs—visual cues of collective advocacy for equality and rights. Subversion is also plausible because the crowd occupies the street in protest, but no specific authority or rule is visibly being defied, so fairness is the stronger primary concern.",,,,,2231,90,0,2321,"{""label"":""Fairness"",""confidence"":82,""brief_reason"":""A large public march prominently displays a rainbow flag, with participants chanting, raising fists, and carrying signs—visual cues of collective advocacy for equality and rights. Subversion is also plausible because the crowd occupies the street in protest, but no specific authority or rule is visibly being defied, so fairness is the stronger primary concern.""}",
prompt-results-v1,visual-cue-prompt-pilot-v1,010ecf86752795948c65f735a12ca5ef23a0b79726346feeeec6b2e8a0d97fd9,20260905,4abacadab7776f19f410667a58dab254f25527fef3a254f29b2f95a6ed48d37c,a2d44d197168e23d5ef7a540e24ccd3d7a8d5ac75941a7e1b556fba63ff8e709,,82,2,12,1,p0,p0-baseline-v2,1c1a1676abde21bda6ea8cf6eef5a6ca2bb99ecef928005f0fe5aed4769d0fa1,b0df04e619c332a72d33e5061a92e225ef3b9a537c9dcb40ee78e063f56dfcdd,16-2,16-2.jpg,images/16-2.jpg,b19fe338347260d6f82e12bf5b43634b2f0503089cdbb715f9dfe13c1d5639b4,gpt56,OpenAI,gpt-5.6,gpt-5.6-sol,2.48.0,0,"{""effort"": ""none""}",high,2026-09-06T00:09:15.888703+00:00,2026-09-06T00:09:19.751091+00:00,3.862,1,success,Harm,88,"One man is visibly restraining the other from behind with an arm around his neck and torso, while both show strained or distressed expressions. This strongly suggests physical struggle and possible pain, though the still image leaves some uncertainty as to whether it is genuine violence or staged rough play.",,,,,1665,80,0,1745,"{""label"":""Harm"",""confidence"":88,""brief_reason"":""One man is visibly restraining the other from behind with an arm around his neck and torso, while both show strained or distressed expressions. This strongly suggests physical struggle and possible pain, though the still image leaves some uncertainty as to whether it is genuine violence or staged rough play.""}",
prompt-results-v1,visual-cue-prompt-pilot-v1,010ecf86752795948c65f735a12ca5ef23a0b79726346feeeec6b2e8a0d97fd9,20260905,4abacadab7776f19f410667a58dab254f25527fef3a254f29b2f95a6ed48d37c,625a20ec15d5cf876272eff3cdb1ff3d6a7f0eb06b0e8bd52d6cb83e309c6e2f,,83,2,12,2,p1,p1-structured-control-v1-2026-09-05,b9621814e5a2bb839e6f399c5bf42940989a14efca909b15427ab68e3ae9432d,b0df04e619c332a72d33e5061a92e225ef3b9a537c9dcb40ee78e063f56dfcdd,16-2,16-2.jpg,images/16-2.jpg,b19fe338347260d6f82e12bf5b43634b2f0503089cdbb715f9dfe13c1d5639b4,gpt56,OpenAI,gpt-5.6,gpt-5.6-sol,2.48.0,0,"{""effort"": ""none""}",high,2026-09-06T00:09:20.278089+00:00,2026-09-06T00:09:23.884435+00:00,3.606,1,success,Harm,88,"One man is visibly restraining the other from behind with an arm around his neck and chest; both show strained or distressed expressions. The scene strongly suggests physical struggle and possible pain, though staged play or training remains somewhat plausible.",,,,,1896,70,0,1966,"{""label"":""Harm"",""confidence"":88,""brief_reason"":""One man is visibly restraining the other from behind with an arm around his neck and chest; both show strained or distressed expressions. The scene strongly suggests physical struggle and possible pain, though staged play or training remains somewhat plausible.""}",
prompt-results-v1,visual-cue-prompt-pilot-v1,010ecf86752795948c65f735a12ca5ef23a0b79726346feeeec6b2e8a0d97fd9,20260905,4abacadab7776f19f410667a58dab254f25527fef3a254f29b2f95a6ed48d37c,fd8f7419f1e3cc5758908850d5b219a9d9e09c1e117c9dffb37fd96446e702ab,,84,2,12,3,p2,p2-blind-nonoverlap-cues-v1-2026-09-05,482dce5b0ed5faf3ec20bdf32b51d0eb2212e901d18dde12a59c1f710160df8d,b0df04e619c332a72d33e5061a92e225ef3b9a537c9dcb40ee78e063f56dfcdd,16-2,16-2.jpg,images/16-2.jpg,b19fe338347260d6f82e12bf5b43634b2f0503089cdbb715f9dfe13c1d5639b4,gpt56,OpenAI,gpt-5.6,gpt-5.6-sol,2.48.0,0,"{""effort"": ""none""}",high,2026-09-06T00:09:24.409456+00:00,2026-09-06T00:09:28.085505+00:00,3.676,1,success,Harm,88,"One man is visibly restraining the other from behind with an arm around his neck and chest, while both show strained or distressed expressions. This strongly suggests a painful physical struggle, though the still image leaves some uncertainty about whether it is genuine aggression or staged play.",,,,,2072,77,0,2149,"{""label"":""Harm"",""confidence"":88,""brief_reason"":""One man is visibly restraining the other from behind with an arm around his neck and chest, while both show strained or distressed expressions. This strongly suggests a painful physical struggle, though the still image leaves some uncertainty about whether it is genuine aggression or staged play.""}",
prompt-results-v1,visual-cue-prompt-pilot-v1,010ecf86752795948c65f735a12ca5ef23a0b79726346feeeec6b2e8a0d97fd9,20260905,4abacadab7776f19f410667a58dab254f25527fef3a254f29b2f95a6ed48d37c,f309606605278e754308beaf2c214f640864ea587196801fd11b7ea1d1051436,,85,2,13,1,p1,p1-structured-control-v1-2026-09-05,b9621814e5a2bb839e6f399c5bf42940989a14efca909b15427ab68e3ae9432d,b0df04e619c332a72d33e5061a92e225ef3b9a537c9dcb40ee78e063f56dfcdd,5-1,5-1.jpg,images/5-1.jpg,589bad34aefce12c54edbac3b2719b2364fea38829d953c2dd548960607a1ff1,gpt56,OpenAI,gpt-5.6,gpt-5.6-sol,2.48.0,0,"{""effort"": ""none""}",high,2026-09-06T00:09:28.612277+00:00,2026-09-06T00:09:31.991970+00:00,3.38,1,success,Harm,88,"A crying child with visible tears is central, surrounded by a distressed, tightly packed crowd whose faces and gestures convey acute suffering and alarm. The cause is not visible, so the specific nature of the harm is uncertain, but visible emotional distress makes Harm primary over Care.",,,,,1846,78,0,1924,"{""label"":""Harm"",""confidence"":88,""brief_reason"":""A crying child with visible tears is central, surrounded by a distressed, tightly packed crowd whose faces and gestures convey acute suffering and alarm. The cause is not visible, so the specific nature of the harm is uncertain, but visible emotional distress makes Harm primary over Care.""}",
prompt-results-v1,visual-cue-prompt-pilot-v1,010ecf86752795948c65f735a12ca5ef23a0b79726346feeeec6b2e8a0d97fd9,20260905,4abacadab7776f19f410667a58dab254f25527fef3a254f29b2f95a6ed48d37c,4005074d32172264c496839a20f76e9930c73ce3516698981176c5376440276f,,86,2,13,2,p2,p2-blind-nonoverlap-cues-v1-2026-09-05,482dce5b0ed5faf3ec20bdf32b51d0eb2212e901d18dde12a59c1f710160df8d,b0df04e619c332a72d33e5061a92e225ef3b9a537c9dcb40ee78e063f56dfcdd,5-1,5-1.jpg,images/5-1.jpg,589bad34aefce12c54edbac3b2719b2364fea38829d953c2dd548960607a1ff1,gpt56,OpenAI,gpt-5.6,gpt-5.6-sol,2.48.0,0,"{""effort"": ""none""}",high,2026-09-06T00:09:32.519133+00:00,2026-09-06T00:09:35.477041+00:00,2.958,1,success,Harm,88,"A crying child with a visible tear and anguished expression is pressed within a distressed crowd, conveying acute emotional suffering. Care is also plausible because the people appear vulnerable and in need of support, but the image primarily emphasizes distress rather than visible assistance.",,,,,2022,74,0,2096,"{""label"":""Harm"",""confidence"":88,""brief_reason"":""A crying child with a visible tear and anguished expression is pressed within a distressed crowd, conveying acute emotional suffering. Care is also plausible because the people appear vulnerable and in need of support, but the image primarily emphasizes distress rather than visible assistance.""}",
prompt-results-v1,visual-cue-prompt-pilot-v1,010ecf86752795948c65f735a12ca5ef23a0b79726346feeeec6b2e8a0d97fd9,20260905,4abacadab7776f19f410667a58dab254f25527fef3a254f29b2f95a6ed48d37c,a682cae80fc19b1530853cbff1fad359e42484d0b692baa7582a49ec3f680ff3,,87,2,13,3,p0,p0-baseline-v2,1c1a1676abde21bda6ea8cf6eef5a6ca2bb99ecef928005f0fe5aed4769d0fa1,b0df04e619c332a72d33e5061a92e225ef3b9a537c9dcb40ee78e063f56dfcdd,5-1,5-1.jpg,images/5-1.jpg,589bad34aefce12c54edbac3b2719b2364fea38829d953c2dd548960607a1ff1,gpt56,OpenAI,gpt-5.6,gpt-5.6-sol,2.48.0,0,"{""effort"": ""none""}",high,2026-09-06T00:09:36.007084+00:00,2026-09-06T00:09:42.556309+00:00,6.549,1,success,Harm,91,"A child is visibly crying in acute distress amid a tightly packed crowd, with several others showing alarm or anguish. The cause is not visible, so the specific form of harm is uncertain, but the dominant moral concern is evident emotional suffering rather than an identifiable act of care.",,,,,1615,79,0,1694,"{""label"":""Harm"",""confidence"":91,""brief_reason"":""A child is visibly crying in acute distress amid a tightly packed crowd, with several others showing alarm or anguish. The cause is not visible, so the specific form of harm is uncertain, but the dominant moral concern is evident emotional suffering rather than an identifiable act of care.""}",
prompt-results-v1,visual-cue-prompt-pilot-v1,010ecf86752795948c65f735a12ca5ef23a0b79726346feeeec6b2e8a0d97fd9,20260905,4abacadab7776f19f410667a58dab254f25527fef3a254f29b2f95a6ed48d37c,b8533f34a8ca9e4555e5abe78fb5bb6662fab439c7f3c078773a743049f7357b,,88,2,14,1,p1,p1-structured-control-v1-2026-09-05,b9621814e5a2bb839e6f399c5bf42940989a14efca909b15427ab68e3ae9432d,b0df04e619c332a72d33e5061a92e225ef3b9a537c9dcb40ee78e063f56dfcdd,o-1,o-1.jpg,images/o-1.jpg,465ce5e16a46ae2345602e9171dd9d71e3f2541db1587e0b00b60a3ad76e919e,gpt56,OpenAI,gpt-5.6,gpt-5.6-sol,2.48.0,0,"{""effort"": ""none""}",high,2026-09-06T00:09:43.087366+00:00,2026-09-06T00:09:47.200028+00:00,4.113,1,success,Cheating,88,"The young man is visibly looking toward the young woman's paper while both are writing, strongly suggesting he is copying her work to gain an unfair advantage. Some uncertainty remains because the exact task and whether collaboration is allowed are not visible.",,,,,1895,70,0,1965,"{""label"":""Cheating"",""confidence"":88,""brief_reason"":""The young man is visibly looking toward the young woman's paper while both are writing, strongly suggesting he is copying her work to gain an unfair advantage. Some uncertainty remains because the exact task and whether collaboration is allowed are not visible.""}",
prompt-results-v1,visual-cue-prompt-pilot-v1,010ecf86752795948c65f735a12ca5ef23a0b79726346feeeec6b2e8a0d97fd9,20260905,4abacadab7776f19f410667a58dab254f25527fef3a254f29b2f95a6ed48d37c,1461fa236a13ba928802d3556f0b6cd9c89b7b4e21ae6b860f91e4b26b46edd3,,89,2,14,2,p2,p2-blind-nonoverlap-cues-v1-2026-09-05,482dce5b0ed5faf3ec20bdf32b51d0eb2212e901d18dde12a59c1f710160df8d,b0df04e619c332a72d33e5061a92e225ef3b9a537c9dcb40ee78e063f56dfcdd,o-1,o-1.jpg,images/o-1.jpg,465ce5e16a46ae2345602e9171dd9d71e3f2541db1587e0b00b60a3ad76e919e,gpt56,OpenAI,gpt-5.6,gpt-5.6-sol,2.48.0,0,"{""effort"": ""none""}",high,2026-09-06T00:09:47.732092+00:00,2026-09-06T00:09:50.671645+00:00,2.94,1,success,Cheating,88,"The young man is visibly looking toward the young woman's paper while both are writing, strongly suggesting he is copying her work to gain an unfair advantage. The exact context is not explicit, so ordinary curiosity is possible, but the coordinated gaze and separate papers make cheating the clearest concern.",,,,,2071,81,0,2152,"{""label"":""Cheating"",""confidence"":88,""brief_reason"":""The young man is visibly looking toward the young woman's paper while both are writing, strongly suggesting he is copying her work to gain an unfair advantage. The exact context is not explicit, so ordinary curiosity is possible, but the coordinated gaze and separate papers make cheating the clearest concern.""}",
prompt-results-v1,visual-cue-prompt-pilot-v1,010ecf86752795948c65f735a12ca5ef23a0b79726346feeeec6b2e8a0d97fd9,20260905,4abacadab7776f19f410667a58dab254f25527fef3a254f29b2f95a6ed48d37c,97e9dcaf31b3363ab6c1e397a755e2cd2b7daf3acbed8d6256f8dfd63b05d90f,,90,2,14,3,p0,p0-baseline-v2,1c1a1676abde21bda6ea8cf6eef5a6ca2bb99ecef928005f0fe5aed4769d0fa1,b0df04e619c332a72d33e5061a92e225ef3b9a537c9dcb40ee78e063f56dfcdd,o-1,o-1.jpg,images/o-1.jpg,465ce5e16a46ae2345602e9171dd9d71e3f2541db1587e0b00b60a3ad76e919e,gpt56,OpenAI,gpt-5.6,gpt-5.6-sol,2.48.0,0,"{""effort"": ""none""}",high,2026-09-06T00:09:51.202948+00:00,2026-09-06T00:09:55.530192+00:00,4.327,1,success,Cheating,88,"The young man is visibly looking toward the young woman's paper while both are writing, suggesting he may be copying her work to gain an unfair advantage. Some uncertainty remains because the image does not show explicit instructions or confirm that looking at her paper is prohibited.",,,,,1664,75,0,1739,"{""label"":""Cheating"",""confidence"":88,""brief_reason"":""The young man is visibly looking toward the young woman's paper while both are writing, suggesting he may be copying her work to gain an unfair advantage. Some uncertainty remains because the image does not show explicit instructions or confirm that looking at her paper is prohibited.""}",
prompt-results-v1,visual-cue-prompt-pilot-v1,010ecf86752795948c65f735a12ca5ef23a0b79726346feeeec6b2e8a0d97fd9,20260905,4abacadab7776f19f410667a58dab254f25527fef3a254f29b2f95a6ed48d37c,adce520ea2462b30cd855bc516a5536017814755c33f426583c030443f532ad1,,91,2,15,1,p1,p1-structured-control-v1-2026-09-05,b9621814e5a2bb839e6f399c5bf42940989a14efca909b15427ab68e3ae9432d,b0df04e619c332a72d33e5061a92e225ef3b9a537c9dcb40ee78e063f56dfcdd,g-1,g-1.png,images/g-1.png,943338cbf3221f686e7f8eab88ffc3c7ca097f6fc19aae82b4af59fa203117af,gpt56,OpenAI,gpt-5.6,gpt-5.6-sol,2.48.0,0,"{""effort"": ""none""}",high,2026-09-06T00:09:56.059424+00:00,2026-09-06T00:10:02.555990+00:00,6.497,1,success,Fairness,94,"A wheelchair user faces a prominent entrance reachable only by a long staircase, with no visible ramp or accessible route. The scene strongly conveys unequal access; Care is also plausible because of the person's vulnerability, but the architectural barrier makes fairness and equal opportunity the primary concern.",,,,,2501,77,0,2578,"{""label"":""Fairness"",""confidence"":94,""brief_reason"":""A wheelchair user faces a prominent entrance reachable only by a long staircase, with no visible ramp or accessible route. The scene strongly conveys unequal access; Care is also plausible because of the person's vulnerability, but the architectural barrier makes fairness and equal opportunity the primary concern.""}",
prompt-results-v1,visual-cue-prompt-pilot-v1,010ecf86752795948c65f735a12ca5ef23a0b79726346feeeec6b2e8a0d97fd9,20260905,4abacadab7776f19f410667a58dab254f25527fef3a254f29b2f95a6ed48d37c,31911ef375ef581669aef3a5e3ac96848e7e5876b6a6ef9ce90d210993c20273,,92,2,15,2,p2,p2-blind-nonoverlap-cues-v1-2026-09-05,482dce5b0ed5faf3ec20bdf32b51d0eb2212e901d18dde12a59c1f710160df8d,b0df04e619c332a72d33e5061a92e225ef3b9a537c9dcb40ee78e063f56dfcdd,g-1,g-1.png,images/g-1.png,943338cbf3221f686e7f8eab88ffc3c7ca097f6fc19aae82b4af59fa203117af,gpt56,OpenAI,gpt-5.6,gpt-5.6-sol,2.48.0,0,"{""effort"": ""none""}",high,2026-09-06T00:10:03.085907+00:00,2026-09-06T00:10:08.065461+00:00,4.98,1,success,Fairness,88,"A wheelchair user faces a prominent staircase at the building entrance, with no visible ramp or accessible route. This strongly conveys unequal access; Care is also plausible because the person is in a vulnerable situation, but the dominant concern is accessibility and equal opportunity.",,,,,2677,74,0,2751,"{""label"":""Fairness"",""confidence"":88,""brief_reason"":""A wheelchair user faces a prominent staircase at the building entrance, with no visible ramp or accessible route. This strongly conveys unequal access; Care is also plausible because the person is in a vulnerable situation, but the dominant concern is accessibility and equal opportunity.""}",
prompt-results-v1,visual-cue-prompt-pilot-v1,010ecf86752795948c65f735a12ca5ef23a0b79726346feeeec6b2e8a0d97fd9,20260905,4abacadab7776f19f410667a58dab254f25527fef3a254f29b2f95a6ed48d37c,c0eda941a808de2dc78468cab9d4711fc8ce629ec5a5055aec56a7c64af1c488,,93,2,15,3,p0,p0-baseline-v2,1c1a1676abde21bda6ea8cf6eef5a6ca2bb99ecef928005f0fe5aed4769d0fa1,b0df04e619c332a72d33e5061a92e225ef3b9a537c9dcb40ee78e063f56dfcdd,g-1,g-1.png,images/g-1.png,943338cbf3221f686e7f8eab88ffc3c7ca097f6fc19aae82b4af59fa203117af,gpt56,OpenAI,gpt-5.6,gpt-5.6-sol,2.48.0,0,"{""effort"": ""none""}",high,2026-09-06T00:10:08.598988+00:00,2026-09-06T00:10:14.345225+00:00,5.746,1,success,Fairness,94,"A wheelchair user faces a prominent staircase at the building entrance, with no visible ramp or other accessible route. The scene strongly conveys unequal access and exclusion; Care is also plausible because the person is visibly in need of accommodation, but the dominant concern is equitable access.",,,,,2270,77,0,2347,"{""label"":""Fairness"",""confidence"":94,""brief_reason"":""A wheelchair user faces a prominent staircase at the building entrance, with no visible ramp or other accessible route. The scene strongly conveys unequal access and exclusion; Care is also plausible because the person is visibly in need of accommodation, but the dominant concern is equitable access.""}",
prompt-results-v1,visual-cue-prompt-pilot-v1,010ecf86752795948c65f735a12ca5ef23a0b79726346feeeec6b2e8a0d97fd9,20260905,4abacadab7776f19f410667a58dab254f25527fef3a254f29b2f95a6ed48d37c,def9d83193571f7e265836363d8abb973b60e42844358188a801c684911a3cf7,,94,2,16,1,p2,p2-blind-nonoverlap-cues-v1-2026-09-05,482dce5b0ed5faf3ec20bdf32b51d0eb2212e901d18dde12a59c1f710160df8d,b0df04e619c332a72d33e5061a92e225ef3b9a537c9dcb40ee78e063f56dfcdd,o-2,o-2.jpg,images/o-2.jpg,21aa96fa08ee7513fe40f6f363813482ecc5d47bee6902d10ca1e7f04b65a45c,gpt56,OpenAI,gpt-5.6,gpt-5.6-sol,2.48.0,0,"{""effort"": ""none""}",high,2026-09-06T00:10:14.877386+00:00,2026-09-06T00:10:17.545299+00:00,2.668,1,success,None of these / Not clearly moral in nature,98,"The image shows athletes beginning a track race in marked lanes, with no visible injury, misconduct, unfair treatment, or other clear moral concern. Competition alone does not establish a fairness or cheating issue.",,,,,2216,71,0,2287,"{""label"":""None of these / Not clearly moral in nature"",""confidence"":98,""brief_reason"":""The image shows athletes beginning a track race in marked lanes, with no visible injury, misconduct, unfair treatment, or other clear moral concern. Competition alone does not establish a fairness or cheating issue.""}",
prompt-results-v1,visual-cue-prompt-pilot-v1,010ecf86752795948c65f735a12ca5ef23a0b79726346feeeec6b2e8a0d97fd9,20260905,4abacadab7776f19f410667a58dab254f25527fef3a254f29b2f95a6ed48d37c,cfed492e4887aff71cc955a04b632a449e69a63d876fed1407b317f0e2862833,,95,2,16,2,p0,p0-baseline-v2,1c1a1676abde21bda6ea8cf6eef5a6ca2bb99ecef928005f0fe5aed4769d0fa1,b0df04e619c332a72d33e5061a92e225ef3b9a537c9dcb40ee78e063f56dfcdd,o-2,o-2.jpg,images/o-2.jpg,21aa96fa08ee7513fe40f6f363813482ecc5d47bee6902d10ca1e7f04b65a45c,gpt56,OpenAI,gpt-5.6,gpt-5.6-sol,2.48.0,0,"{""effort"": ""none""}",high,2026-09-06T00:10:18.073552+00:00,2026-09-06T00:10:20.618452+00:00,2.545,1,success,None of these / Not clearly moral in nature,98,"The image shows athletes beginning a track race under ordinary competitive conditions, with no visible harm, unfair conduct, rule violation, or other clear moral concern.",,,,,1809,62,0,1871,"{""label"":""None of these / Not clearly moral in nature"",""confidence"":98,""brief_reason"":""The image shows athletes beginning a track race under ordinary competitive conditions, with no visible harm, unfair conduct, rule violation, or other clear moral concern.""}",
prompt-results-v1,visual-cue-prompt-pilot-v1,010ecf86752795948c65f735a12ca5ef23a0b79726346feeeec6b2e8a0d97fd9,20260905,4abacadab7776f19f410667a58dab254f25527fef3a254f29b2f95a6ed48d37c,139ed061d429108777447a170e3a2b9e6da4599b1605271abcf1b2e48e0573bb,,96,2,16,3,p1,p1-structured-control-v1-2026-09-05,b9621814e5a2bb839e6f399c5bf42940989a14efca909b15427ab68e3ae9432d,b0df04e619c332a72d33e5061a92e225ef3b9a537c9dcb40ee78e063f56dfcdd,o-2,o-2.jpg,images/o-2.jpg,21aa96fa08ee7513fe40f6f363813482ecc5d47bee6902d10ca1e7f04b65a45c,gpt56,OpenAI,gpt-5.6,gpt-5.6-sol,2.48.0,0,"{""effort"": ""none""}",high,2026-09-06T00:10:21.147256+00:00,2026-09-06T00:10:25.694269+00:00,4.547,1,success,None of these / Not clearly moral in nature,98,"The image shows athletes beginning a track race under ordinary competitive conditions, with no visible injury, misconduct, unfair treatment, or other clear moral concern.",,,,,2040,61,0,2101,"{""label"":""None of these / Not clearly moral in nature"",""confidence"":98,""brief_reason"":""The image shows athletes beginning a track race under ordinary competitive conditions, with no visible injury, misconduct, unfair treatment, or other clear moral concern.""}",
prompt-results-v1,visual-cue-prompt-pilot-v1,010ecf86752795948c65f735a12ca5ef23a0b79726346feeeec6b2e8a0d97fd9,20260905,4abacadab7776f19f410667a58dab254f25527fef3a254f29b2f95a6ed48d37c,eded093b263b6c726ba49e149a01d7915094241e6e59eb26812a379a5787237b,,97,3,1,1,p0,p0-baseline-v2,1c1a1676abde21bda6ea8cf6eef5a6ca2bb99ecef928005f0fe5aed4769d0fa1,b0df04e619c332a72d33e5061a92e225ef3b9a537c9dcb40ee78e063f56dfcdd,15-3,15-3.jpg,images/15-3.jpg,6f28dbc5170e67ac96e4ab80c38be2299d567d14bc2e675cad060a9c0181f35c,gpt56,OpenAI,gpt-5.6,gpt-5.6-sol,2.48.0,0,"{""effort"": ""none""}",high,2026-09-06T00:10:26.227366+00:00,2026-09-06T00:10:34.122739+00:00,7.895,1,success,Care,88,"Two visibly bandaged people are being attended by a uniformed soldier, while a Red Cross worker stands nearby, strongly conveying medical aid and protection of vulnerable people. No active injury treatment is shown, so the exact situation is somewhat uncertain, but Care is clearer than Harm because the scene emphasizes responders and assistance rather than violence or suffering.",,,,,3883,90,0,3973,"{""label"":""Care"",""confidence"":88,""brief_reason"":""Two visibly bandaged people are being attended by a uniformed soldier, while a Red Cross worker stands nearby, strongly conveying medical aid and protection of vulnerable people. No active injury treatment is shown, so the exact situation is somewhat uncertain, but Care is clearer than Harm because the scene emphasizes responders and assistance rather than violence or suffering.""}",
prompt-results-v1,visual-cue-prompt-pilot-v1,010ecf86752795948c65f735a12ca5ef23a0b79726346feeeec6b2e8a0d97fd9,20260905,4abacadab7776f19f410667a58dab254f25527fef3a254f29b2f95a6ed48d37c,b58d68ee6af9a2a19a92ca6b10c70e1f0c79766ee59b0171bbd01c841a02ee2c,,98,3,1,2,p1,p1-structured-control-v1-2026-09-05,b9621814e5a2bb839e6f399c5bf42940989a14efca909b15427ab68e3ae9432d,b0df04e619c332a72d33e5061a92e225ef3b9a537c9dcb40ee78e063f56dfcdd,15-3,15-3.jpg,images/15-3.jpg,6f28dbc5170e67ac96e4ab80c38be2299d567d14bc2e675cad060a9c0181f35c,gpt56,OpenAI,gpt-5.6,gpt-5.6-sol,2.48.0,0,"{""effort"": ""none""}",high,2026-09-06T00:10:34.655726+00:00,2026-09-06T00:10:40.518844+00:00,5.863,1,success,Care,78,"Two visibly bandaged men are being accompanied by a soldier, while a person wearing an American Red Cross vest approaches, suggesting aid and concern for vulnerable or injured people. No active treatment is shown, so the exact situation remains somewhat uncertain.",,,,,4114,71,0,4185,"{""label"":""Care"",""confidence"":78,""brief_reason"":""Two visibly bandaged men are being accompanied by a soldier, while a person wearing an American Red Cross vest approaches, suggesting aid and concern for vulnerable or injured people. No active treatment is shown, so the exact situation remains somewhat uncertain.""}",
prompt-results-v1,visual-cue-prompt-pilot-v1,010ecf86752795948c65f735a12ca5ef23a0b79726346feeeec6b2e8a0d97fd9,20260905,4abacadab7776f19f410667a58dab254f25527fef3a254f29b2f95a6ed48d37c,b3518e31d5c4429c556f75a5109f762efa40727e68a7bc8e9e66eac11456c140,,99,3,1,3,p2,p2-blind-nonoverlap-cues-v1-2026-09-05,482dce5b0ed5faf3ec20bdf32b51d0eb2212e901d18dde12a59c1f710160df8d,b0df04e619c332a72d33e5061a92e225ef3b9a537c9dcb40ee78e063f56dfcdd,15-3,15-3.jpg,images/15-3.jpg,6f28dbc5170e67ac96e4ab80c38be2299d567d14bc2e675cad060a9c0181f35c,gpt56,OpenAI,gpt-5.6,gpt-5.6-sol,2.48.0,0,"{""effort"": ""none""}",high,2026-09-06T00:10:41.052903+00:00,2026-09-06T00:10:47.971356+00:00,6.919,1,success,Care,82,"Two people have visible head bandages, while a soldier appears to guide or support them and a Red Cross worker is present, strongly suggesting aid and concern for vulnerable or injured people. Harm is also plausible because injuries are implied, but no active violence or clear suffering is shown, so the scene emphasizes assistance more than harm.",,,,,4290,88,0,4378,"{""label"":""Care"",""confidence"":82,""brief_reason"":""Two people have visible head bandages, while a soldier appears to guide or support them and a Red Cross worker is present, strongly suggesting aid and concern for vulnerable or injured people. Harm is also plausible because injuries are implied, but no active violence or clear suffering is shown, so the scene emphasizes assistance more than harm.""}",
prompt-results-v1,visual-cue-prompt-pilot-v1,010ecf86752795948c65f735a12ca5ef23a0b79726346feeeec6b2e8a0d97fd9,20260905,4abacadab7776f19f410667a58dab254f25527fef3a254f29b2f95a6ed48d37c,cefc88a45d61e334dac7a4d2a9e907037da97780ecdede1e4646b8b1c5e7ee62,,100,3,2,1,p2,p2-blind-nonoverlap-cues-v1-2026-09-05,482dce5b0ed5faf3ec20bdf32b51d0eb2212e901d18dde12a59c1f710160df8d,b0df04e619c332a72d33e5061a92e225ef3b9a537c9dcb40ee78e063f56dfcdd,9-2,9-2.jpg,images/9-2.jpg,62142986ca8108d3f29fee7e17e6af5650e1c7bdfdc9a95870bf910fa30abc0d,gpt56,OpenAI,gpt-5.6,gpt-5.6-sol,2.48.0,0,"{""effort"": ""none""}",high,2026-09-06T00:10:48.502138+00:00,2026-09-06T00:10:54.690828+00:00,6.189,1,success,Care,58,"Several children and an older youth are gathered closely in a cramped, cluttered sleeping area, suggesting a welfare and living-needs concern, while their relaxed interaction provides some visible companionship. No clear injury, abuse, or unfair conduct is shown, so Harm or Fairness is less supported; the moral interpretation remains uncertain because the scene could simply depict ordinary family life in a crowded room.",,,,,4290,100,0,4390,"{""label"":""Care"",""confidence"":58,""brief_reason"":""Several children and an older youth are gathered closely in a cramped, cluttered sleeping area, suggesting a welfare and living-needs concern, while their relaxed interaction provides some visible companionship. No clear injury, abuse, or unfair conduct is shown, so Harm or Fairness is less supported; the moral interpretation remains uncertain because the scene could simply depict ordinary family life in a crowded room.""}",
prompt-results-v1,visual-cue-prompt-pilot-v1,010ecf86752795948c65f735a12ca5ef23a0b79726346feeeec6b2e8a0d97fd9,20260905,4abacadab7776f19f410667a58dab254f25527fef3a254f29b2f95a6ed48d37c,570a67565e9598030d7d0864fa2ce3e7c80b781c9eab7486e3d5518fb11a49d5,,101,3,2,2,p0,p0-baseline-v2,1c1a1676abde21bda6ea8cf6eef5a6ca2bb99ecef928005f0fe5aed4769d0fa1,b0df04e619c332a72d33e5061a92e225ef3b9a537c9dcb40ee78e063f56dfcdd,9-2,9-2.jpg,images/9-2.jpg,62142986ca8108d3f29fee7e17e6af5650e1c7bdfdc9a95870bf910fa30abc0d,gpt56,OpenAI,gpt-5.6,gpt-5.6-sol,2.48.0,0,"{""effort"": ""none""}",high,2026-09-06T00:10:55.222012+00:00,2026-09-06T00:11:03.552064+00:00,8.33,1,success,Care,62,"Several children and a young person are gathered closely in a cramped, cluttered sleeping area, suggesting a situation where their welfare and living needs are salient. No visible injury, violence, or overt mistreatment supports Harm; uncertainty remains because the people appear relaxed and the image does not show explicit helping or distress.",,,,,3883,85,0,3968,"{""label"":""Care"",""confidence"":62,""brief_reason"":""Several children and a young person are gathered closely in a cramped, cluttered sleeping area, suggesting a situation where their welfare and living needs are salient. No visible injury, violence, or overt mistreatment supports Harm; uncertainty remains because the people appear relaxed and the image does not show explicit helping or distress.""}",
prompt-results-v1,visual-cue-prompt-pilot-v1,010ecf86752795948c65f735a12ca5ef23a0b79726346feeeec6b2e8a0d97fd9,20260905,4abacadab7776f19f410667a58dab254f25527fef3a254f29b2f95a6ed48d37c,c5f4254409319cb4766478d7456655dfda35c899c6240da8cac5cf99ba1e7273,,102,3,2,3,p1,p1-structured-control-v1-2026-09-05,b9621814e5a2bb839e6f399c5bf42940989a14efca909b15427ab68e3ae9432d,b0df04e619c332a72d33e5061a92e225ef3b9a537c9dcb40ee78e063f56dfcdd,9-2,9-2.jpg,images/9-2.jpg,62142986ca8108d3f29fee7e17e6af5650e1c7bdfdc9a95870bf910fa30abc0d,gpt56,OpenAI,gpt-5.6,gpt-5.6-sol,2.48.0,0,"{""effort"": ""none""}",high,2026-09-06T00:11:04.080538+00:00,2026-09-06T00:11:09.503072+00:00,5.423,1,success,None of these / Not clearly moral in nature,82,"The image shows several people, including children, in a crowded, cluttered living space, but no visible injury, mistreatment, helping action, or clear rights violation. The cramped conditions could suggest welfare concerns and thus Care, but that interpretation would require assumptions beyond the scene.",,,,,4114,87,0,4201,"{""label"":""None of these / Not clearly moral in nature"",""confidence"":82,""brief_reason"":""The image shows several people, including children, in a crowded, cluttered living space, but no visible injury, mistreatment, helping action, or clear rights violation. The cramped conditions could suggest welfare concerns and thus Care, but that interpretation would require assumptions beyond the scene.""}",
prompt-results-v1,visual-cue-prompt-pilot-v1,010ecf86752795948c65f735a12ca5ef23a0b79726346feeeec6b2e8a0d97fd9,20260905,4abacadab7776f19f410667a58dab254f25527fef3a254f29b2f95a6ed48d37c,7779af6fc3168cb174084a373e275ee32b18a5a1e31241e7e119f393c1625c13,,103,3,3,1,p2,p2-blind-nonoverlap-cues-v1-2026-09-05,482dce5b0ed5faf3ec20bdf32b51d0eb2212e901d18dde12a59c1f710160df8d,b0df04e619c332a72d33e5061a92e225ef3b9a537c9dcb40ee78e063f56dfcdd,5-1,5-1.jpg,images/5-1.jpg,589bad34aefce12c54edbac3b2719b2364fea38829d953c2dd548960607a1ff1,gpt56,OpenAI,gpt-5.6,gpt-5.6-sol,2.48.0,0,"{""effort"": ""none""}",high,2026-09-06T00:11:10.031240+00:00,2026-09-06T00:11:13.663076+00:00,3.632,1,success,Harm,88,"A crying child with a visible tear and anguished expression is surrounded by a distressed, tightly packed crowd, conveying acute emotional suffering. Care is also plausible because the people appear vulnerable and in need of support, but no clear helping action is shown, so the visible distress makes Harm primary.",,,,,2022,82,0,2104,"{""label"":""Harm"",""confidence"":88,""brief_reason"":""A crying child with a visible tear and anguished expression is surrounded by a distressed, tightly packed crowd, conveying acute emotional suffering. Care is also plausible because the people appear vulnerable and in need of support, but no clear helping action is shown, so the visible distress makes Harm primary.""}",
prompt-results-v1,visual-cue-prompt-pilot-v1,010ecf86752795948c65f735a12ca5ef23a0b79726346feeeec6b2e8a0d97fd9,20260905,4abacadab7776f19f410667a58dab254f25527fef3a254f29b2f95a6ed48d37c,cb814b6a11f1d8cb03699cd6b8bac676b5c43313fa35ccf9922feb0ac64a3706,,104,3,3,2,p0,p0-baseline-v2,1c1a1676abde21bda6ea8cf6eef5a6ca2bb99ecef928005f0fe5aed4769d0fa1,b0df04e619c332a72d33e5061a92e225ef3b9a537c9dcb40ee78e063f56dfcdd,5-1,5-1.jpg,images/5-1.jpg,589bad34aefce12c54edbac3b2719b2364fea38829d953c2dd548960607a1ff1,gpt56,OpenAI,gpt-5.6,gpt-5.6-sol,2.48.0,0,"{""effort"": ""none""}",high,2026-09-06T00:11:14.193403+00:00,2026-09-06T00:11:19.380263+00:00,5.187,1,success,Harm,91,"A child is visibly crying in acute distress amid a tightly packed crowd, with several others showing alarm or anguish. The cause is not visible, so the exact nature of the harm is uncertain, but visible emotional suffering dominates over the related concern of Care.",,,,,1615,75,0,1690,"{""label"":""Harm"",""confidence"":91,""brief_reason"":""A child is visibly crying in acute distress amid a tightly packed crowd, with several others showing alarm or anguish. The cause is not visible, so the exact nature of the harm is uncertain, but visible emotional suffering dominates over the related concern of Care.""}",
prompt-results-v1,visual-cue-prompt-pilot-v1,010ecf86752795948c65f735a12ca5ef23a0b79726346feeeec6b2e8a0d97fd9,20260905,4abacadab7776f19f410667a58dab254f25527fef3a254f29b2f95a6ed48d37c,f5e299bb99ffe505049a9448c419ae68c3e0c8715dc89f909c3da4f974fcdebb,,105,3,3,3,p1,p1-structured-control-v1-2026-09-05,b9621814e5a2bb839e6f399c5bf42940989a14efca909b15427ab68e3ae9432d,b0df04e619c332a72d33e5061a92e225ef3b9a537c9dcb40ee78e063f56dfcdd,5-1,5-1.jpg,images/5-1.jpg,589bad34aefce12c54edbac3b2719b2364fea38829d953c2dd548960607a1ff1,gpt56,OpenAI,gpt-5.6,gpt-5.6-sol,2.48.0,0,"{""effort"": ""none""}",high,2026-09-06T00:11:19.911558+00:00,2026-09-06T00:11:24.103722+00:00,4.192,1,success,Harm,91,"A crying child with visible tears and an anguished expression is pressed within a distressed crowd, making emotional suffering the dominant concern. Care is also plausible because the people appear vulnerable and in need of support, but no clear helping action is visible.",,,,,1846,73,0,1919,"{""label"":""Harm"",""confidence"":91,""brief_reason"":""A crying child with visible tears and an anguished expression is pressed within a distressed crowd, making emotional suffering the dominant concern. Care is also plausible because the people appear vulnerable and in need of support, but no clear helping action is visible.""}",
prompt-results-v1,visual-cue-prompt-pilot-v1,010ecf86752795948c65f735a12ca5ef23a0b79726346feeeec6b2e8a0d97fd9,20260905,4abacadab7776f19f410667a58dab254f25527fef3a254f29b2f95a6ed48d37c,3ad8e7be0eb87d9524db1f253c5448540b79552fa586d76de25daa46606298f9,,106,3,4,1,p2,p2-blind-nonoverlap-cues-v1-2026-09-05,482dce5b0ed5faf3ec20bdf32b51d0eb2212e901d18dde12a59c1f710160df8d,b0df04e619c332a72d33e5061a92e225ef3b9a537c9dcb40ee78e063f56dfcdd,3-1,3-1.jpg,images/3-1.jpg,6d4b129168c70ae11059197ac5a1d1784bd9673b751937d98539e1347809284a,gpt56,OpenAI,gpt-5.6,gpt-5.6-sol,2.48.0,0,"{""effort"": ""none""}",high,2026-09-06T00:11:24.632848+00:00,2026-09-06T00:11:27.361644+00:00,2.729,1,success,Care,84,"Several visibly distressed mourners lean over and embrace one another beside a coffin, while surrounding people appear to offer physical and emotional support. Grief is prominent, but no harmful act is shown, so the primary concern is compassionate care rather than Harm.",,,,,1712,73,0,1785,"{""label"":""Care"",""confidence"":84,""brief_reason"":""Several visibly distressed mourners lean over and embrace one another beside a coffin, while surrounding people appear to offer physical and emotional support. Grief is prominent, but no harmful act is shown, so the primary concern is compassionate care rather than Harm.""}",
prompt-results-v1,visual-cue-prompt-pilot-v1,010ecf86752795948c65f735a12ca5ef23a0b79726346feeeec6b2e8a0d97fd9,20260905,4abacadab7776f19f410667a58dab254f25527fef3a254f29b2f95a6ed48d37c,b24bdc72c447fe3a8301ddee172aa2fe0d03e2e6b2b7dd7efa43d48722bad679,,107,3,4,2,p0,p0-baseline-v2,1c1a1676abde21bda6ea8cf6eef5a6ca2bb99ecef928005f0fe5aed4769d0fa1,b0df04e619c332a72d33e5061a92e225ef3b9a537c9dcb40ee78e063f56dfcdd,3-1,3-1.jpg,images/3-1.jpg,6d4b129168c70ae11059197ac5a1d1784bd9673b751937d98539e1347809284a,gpt56,OpenAI,gpt-5.6,gpt-5.6-sol,2.48.0,0,"{""effort"": ""none""}",high,2026-09-06T00:11:27.883666+00:00,2026-09-06T00:11:32.518547+00:00,4.635,1,success,Care,88,"Several visibly distressed mourners lean over and embrace a coffin while others support or comfort them, making compassion and emotional support the primary concern. Grief and emotional suffering make Harm somewhat plausible, but no harmful act is shown.",,,,,1305,68,0,1373,"{""label"":""Care"",""confidence"":88,""brief_reason"":""Several visibly distressed mourners lean over and embrace a coffin while others support or comfort them, making compassion and emotional support the primary concern. Grief and emotional suffering make Harm somewhat plausible, but no harmful act is shown.""}",
prompt-results-v1,visual-cue-prompt-pilot-v1,010ecf86752795948c65f735a12ca5ef23a0b79726346feeeec6b2e8a0d97fd9,20260905,4abacadab7776f19f410667a58dab254f25527fef3a254f29b2f95a6ed48d37c,a8ea02e3d586e8c2e68efc87493d700690a7b2d5c1d7e69f08a70767489179ec,,108,3,4,3,p1,p1-structured-control-v1-2026-09-05,b9621814e5a2bb839e6f399c5bf42940989a14efca909b15427ab68e3ae9432d,b0df04e619c332a72d33e5061a92e225ef3b9a537c9dcb40ee78e063f56dfcdd,3-1,3-1.jpg,images/3-1.jpg,6d4b129168c70ae11059197ac5a1d1784bd9673b751937d98539e1347809284a,gpt56,OpenAI,gpt-5.6,gpt-5.6-sol,2.48.0,0,"{""effort"": ""none""}",high,2026-09-06T00:11:33.047066+00:00,2026-09-06T00:11:37.723099+00:00,4.676,1,success,Care,88,"Several visibly distressed mourners lean over and embrace one another beside what appears to be a casket, while surrounding people offer physical support. Grief and loss are prominent, but no harmful act is shown, so the primary concern is compassionate support for vulnerable people rather than Harm.",,,,,1536,79,0,1615,"{""label"":""Care"",""confidence"":88,""brief_reason"":""Several visibly distressed mourners lean over and embrace one another beside what appears to be a casket, while surrounding people offer physical support. Grief and loss are prominent, but no harmful act is shown, so the primary concern is compassionate support for vulnerable people rather than Harm.""}",
prompt-results-v1,visual-cue-prompt-pilot-v1,010ecf86752795948c65f735a12ca5ef23a0b79726346feeeec6b2e8a0d97fd9,20260905,4abacadab7776f19f410667a58dab254f25527fef3a254f29b2f95a6ed48d37c,29fc0a5f39b61a3e8e9bfb3b9b604a8b26667ea097b47bea05dfd7e91a359615,,109,3,5,1,p1,p1-structured-control-v1-2026-09-05,b9621814e5a2bb839e6f399c5bf42940989a14efca909b15427ab68e3ae9432d,b0df04e619c332a72d33e5061a92e225ef3b9a537c9dcb40ee78e063f56dfcdd,35-3,35-3.jpg,images/35-3.jpg,10205cc5ff7b04e752488d2961e48affc5f0a07ee8b10d130097b4f6c44be1db,gpt56,OpenAI,gpt-5.6,gpt-5.6-sol,2.48.0,0,"{""effort"": ""none""}",high,2026-09-06T00:11:38.256771+00:00,2026-09-06T00:11:41.838955+00:00,3.582,1,success,None of these / Not clearly moral in nature,96,"The image shows a formal wedding reception with a bride, groom, guests applauding, a cake, and a celebratory banner. Although marriage can involve commitment and tradition, no specific moral concern or violation is visibly emphasized.",,,,,2462,76,0,2538,"{""label"":""None of these / Not clearly moral in nature"",""confidence"":96,""brief_reason"":""The image shows a formal wedding reception with a bride, groom, guests applauding, a cake, and a celebratory banner. Although marriage can involve commitment and tradition, no specific moral concern or violation is visibly emphasized.""}",
prompt-results-v1,visual-cue-prompt-pilot-v1,010ecf86752795948c65f735a12ca5ef23a0b79726346feeeec6b2e8a0d97fd9,20260905,4abacadab7776f19f410667a58dab254f25527fef3a254f29b2f95a6ed48d37c,9a848f7c2c60c7b7d9235cd99684133866934782e6b62db3122d02a933e84778,,110,3,5,2,p2,p2-blind-nonoverlap-cues-v1-2026-09-05,482dce5b0ed5faf3ec20bdf32b51d0eb2212e901d18dde12a59c1f710160df8d,b0df04e619c332a72d33e5061a92e225ef3b9a537c9dcb40ee78e063f56dfcdd,35-3,35-3.jpg,images/35-3.jpg,10205cc5ff7b04e752488d2961e48affc5f0a07ee8b10d130097b4f6c44be1db,gpt56,OpenAI,gpt-5.6,gpt-5.6-sol,2.48.0,0,"{""effort"": ""none""}",high,2026-09-06T00:11:42.369905+00:00,2026-09-06T00:11:49.160446+00:00,6.791,1,success,None of these / Not clearly moral in nature,96,"The image shows a formal wedding reception with a bride, groom, cake, and applauding guests. It depicts a celebratory social event without a clearly visible moral concern such as harm, unfairness, betrayal, or care for vulnerability.",,,,,2638,79,0,2717,"{""label"":""None of these / Not clearly moral in nature"",""confidence"":96,""brief_reason"":""The image shows a formal wedding reception with a bride, groom, cake, and applauding guests. It depicts a celebratory social event without a clearly visible moral concern such as harm, unfairness, betrayal, or care for vulnerability.""}",
prompt-results-v1,visual-cue-prompt-pilot-v1,010ecf86752795948c65f735a12ca5ef23a0b79726346feeeec6b2e8a0d97fd9,20260905,4abacadab7776f19f410667a58dab254f25527fef3a254f29b2f95a6ed48d37c,a642dcf2ee84d431b9a5c34003acd6451ccda5f3ced2a70c13cdc0e46f1bb902,,111,3,5,3,p0,p0-baseline-v2,1c1a1676abde21bda6ea8cf6eef5a6ca2bb99ecef928005f0fe5aed4769d0fa1,b0df04e619c332a72d33e5061a92e225ef3b9a537c9dcb40ee78e063f56dfcdd,35-3,35-3.jpg,images/35-3.jpg,10205cc5ff7b04e752488d2961e48affc5f0a07ee8b10d130097b4f6c44be1db,gpt56,OpenAI,gpt-5.6,gpt-5.6-sol,2.48.0,0,"{""effort"": ""none""}",high,2026-09-06T00:11:49.688475+00:00,2026-09-06T00:11:55.231847+00:00,5.543,1,success,None of these / Not clearly moral in nature,97,"The image shows a formal wedding reception with a newly married couple, guests applauding, and a wedding cake. It conveys celebration but no clear moral concern such as harm, unfairness, betrayal, or care for vulnerability.",,,,,2231,76,0,2307,"{""label"":""None of these / Not clearly moral in nature"",""confidence"":97,""brief_reason"":""The image shows a formal wedding reception with a newly married couple, guests applauding, and a wedding cake. It conveys celebration but no clear moral concern such as harm, unfairness, betrayal, or care for vulnerability.""}",
prompt-results-v1,visual-cue-prompt-pilot-v1,010ecf86752795948c65f735a12ca5ef23a0b79726346feeeec6b2e8a0d97fd9,20260905,4abacadab7776f19f410667a58dab254f25527fef3a254f29b2f95a6ed48d37c,86395fa498f759b3d8551c82b5740a89fb2c277963f484d794380cefcb53c033,,112,3,6,1,p0,p0-baseline-v2,1c1a1676abde21bda6ea8cf6eef5a6ca2bb99ecef928005f0fe5aed4769d0fa1,b0df04e619c332a72d33e5061a92e225ef3b9a537c9dcb40ee78e063f56dfcdd,37-3,37-3.jpg,images/37-3.jpg,368cf7b7ef47e0933e9b60541ae321361571d2dbc8bd6b7deb0dc657f9a54e21,gpt56,OpenAI,gpt-5.6,gpt-5.6-sol,2.48.0,0,"{""effort"": ""none""}",high,2026-09-06T00:11:55.764273+00:00,2026-09-06T00:12:00.020359+00:00,4.256,1,success,Care,78,"The woman appears visibly distressed and isolated while looking at a social-media image, with discarded tissues and a disordered setting reinforcing vulnerability and a need for emotional support. Harm is plausible because emotional suffering is emphasized, but no harmful act or perpetrator is visibly shown, so concern for her welfare is primary.",,,,,2231,84,0,2315,"{""label"":""Care"",""confidence"":78,""brief_reason"":""The woman appears visibly distressed and isolated while looking at a social-media image, with discarded tissues and a disordered setting reinforcing vulnerability and a need for emotional support. Harm is plausible because emotional suffering is emphasized, but no harmful act or perpetrator is visibly shown, so concern for her welfare is primary.""}",
prompt-results-v1,visual-cue-prompt-pilot-v1,010ecf86752795948c65f735a12ca5ef23a0b79726346feeeec6b2e8a0d97fd9,20260905,4abacadab7776f19f410667a58dab254f25527fef3a254f29b2f95a6ed48d37c,f30a1453cfcdf6b581d206d71de13f569c3d6152157d54facd18ff9ab003eabb,,113,3,6,2,p1,p1-structured-control-v1-2026-09-05,b9621814e5a2bb839e6f399c5bf42940989a14efca909b15427ab68e3ae9432d,b0df04e619c332a72d33e5061a92e225ef3b9a537c9dcb40ee78e063f56dfcdd,37-3,37-3.jpg,images/37-3.jpg,368cf7b7ef47e0933e9b60541ae321361571d2dbc8bd6b7deb0dc657f9a54e21,gpt56,OpenAI,gpt-5.6,gpt-5.6-sol,2.48.0,0,"{""effort"": ""none""}",high,2026-09-06T00:12:00.545759+00:00,2026-09-06T00:12:06.986509+00:00,6.441,1,success,Care,76,"A woman sits alone in a disordered room, holding her head and staring tearfully at a phone, visibly conveying emotional vulnerability and a need for support. Harm is plausible because she appears distressed, but no harmful act or perpetrator is visible, so concern for her welfare is primary.",,,,,2462,81,0,2543,"{""label"":""Care"",""confidence"":76,""brief_reason"":""A woman sits alone in a disordered room, holding her head and staring tearfully at a phone, visibly conveying emotional vulnerability and a need for support. Harm is plausible because she appears distressed, but no harmful act or perpetrator is visible, so concern for her welfare is primary.""}",
prompt-results-v1,visual-cue-prompt-pilot-v1,010ecf86752795948c65f735a12ca5ef23a0b79726346feeeec6b2e8a0d97fd9,20260905,4abacadab7776f19f410667a58dab254f25527fef3a254f29b2f95a6ed48d37c,8b7f6021df6afe49d3cea6666dffe3cce6ffce8a580217bf833c66a6908e4cd7,,114,3,6,3,p2,p2-blind-nonoverlap-cues-v1-2026-09-05,482dce5b0ed5faf3ec20bdf32b51d0eb2212e901d18dde12a59c1f710160df8d,b0df04e619c332a72d33e5061a92e225ef3b9a537c9dcb40ee78e063f56dfcdd,37-3,37-3.jpg,images/37-3.jpg,368cf7b7ef47e0933e9b60541ae321361571d2dbc8bd6b7deb0dc657f9a54e21,gpt56,OpenAI,gpt-5.6,gpt-5.6-sol,2.48.0,0,"{""effort"": ""none""}",high,2026-09-06T00:12:07.515098+00:00,2026-09-06T00:12:12.847051+00:00,5.332,1,success,Care,68,"The woman appears visibly distressed and isolated, with tears, a downcast expression, and a hand held to her head, conveying emotional vulnerability and concern for her well-being. Harm is also plausible because she appears to be suffering, but no harmful act or cause is visibly established.",,,,,2638,79,0,2717,"{""label"":""Care"",""confidence"":68,""brief_reason"":""The woman appears visibly distressed and isolated, with tears, a downcast expression, and a hand held to her head, conveying emotional vulnerability and concern for her well-being. Harm is also plausible because she appears to be suffering, but no harmful act or cause is visibly established.""}",
prompt-results-v1,visual-cue-prompt-pilot-v1,010ecf86752795948c65f735a12ca5ef23a0b79726346feeeec6b2e8a0d97fd9,20260905,4abacadab7776f19f410667a58dab254f25527fef3a254f29b2f95a6ed48d37c,6a514d7b5fa78359cf26cf5034a14511209528983f370e8221aa90a238d0a5cc,,115,3,7,1,p0,p0-baseline-v2,1c1a1676abde21bda6ea8cf6eef5a6ca2bb99ecef928005f0fe5aed4769d0fa1,b0df04e619c332a72d33e5061a92e225ef3b9a537c9dcb40ee78e063f56dfcdd,7-2,7-2.jpg,images/7-2.jpg,f05fbbbb98ff0f700f0dd0c5f9cb1d846a5f597327839a92b88e1fcef6ffbd63,gpt56,OpenAI,gpt-5.6,gpt-5.6-sol,2.48.0,0,"{""effort"": ""none""}",high,2026-09-06T00:12:13.379116+00:00,2026-09-06T00:12:16.439132+00:00,3.06,1,success,Respect / Authority,88,"Two formally dressed people are visibly bowing to one another in a professional setting, conveying a conventional gesture of respect and social etiquette. Their exact roles or hierarchy are not visible, but the mutual bow most strongly supports respect rather than submission to a specific authority.",,,,,2107,77,0,2184,"{""label"":""Respect / Authority"",""confidence"":88,""brief_reason"":""Two formally dressed people are visibly bowing to one another in a professional setting, conveying a conventional gesture of respect and social etiquette. Their exact roles or hierarchy are not visible, but the mutual bow most strongly supports respect rather than submission to a specific authority.""}",
prompt-results-v1,visual-cue-prompt-pilot-v1,010ecf86752795948c65f735a12ca5ef23a0b79726346feeeec6b2e8a0d97fd9,20260905,4abacadab7776f19f410667a58dab254f25527fef3a254f29b2f95a6ed48d37c,6f1fb1609f218ba60380f4017f16ed5b5ee1e8f35b7966460eda889ca747052b,,116,3,7,2,p1,p1-structured-control-v1-2026-09-05,b9621814e5a2bb839e6f399c5bf42940989a14efca909b15427ab68e3ae9432d,b0df04e619c332a72d33e5061a92e225ef3b9a537c9dcb40ee78e063f56dfcdd,7-2,7-2.jpg,images/7-2.jpg,f05fbbbb98ff0f700f0dd0c5f9cb1d846a5f597327839a92b88e1fcef6ffbd63,gpt56,OpenAI,gpt-5.6,gpt-5.6-sol,2.48.0,0,"{""effort"": ""none""}",high,2026-09-06T00:12:16.963134+00:00,2026-09-06T00:12:21.709333+00:00,4.746,1,success,Respect / Authority,84,"Two formally dressed people are visibly bowing toward one another in a business setting, conveying a conventional gesture of respect and social etiquette. Their exact roles or hierarchy are not visible, so the authority aspect is uncertain, but respect is the clearest moral theme.",,,,,2338,77,0,2415,"{""label"":""Respect / Authority"",""confidence"":84,""brief_reason"":""Two formally dressed people are visibly bowing toward one another in a business setting, conveying a conventional gesture of respect and social etiquette. Their exact roles or hierarchy are not visible, so the authority aspect is uncertain, but respect is the clearest moral theme.""}",
prompt-results-v1,visual-cue-prompt-pilot-v1,010ecf86752795948c65f735a12ca5ef23a0b79726346feeeec6b2e8a0d97fd9,20260905,4abacadab7776f19f410667a58dab254f25527fef3a254f29b2f95a6ed48d37c,028822b486276dbbeca64ef2dbb59f2ba7edea513f62c8132728c771fac94958,,117,3,7,3,p2,p2-blind-nonoverlap-cues-v1-2026-09-05,482dce5b0ed5faf3ec20bdf32b51d0eb2212e901d18dde12a59c1f710160df8d,b0df04e619c332a72d33e5061a92e225ef3b9a537c9dcb40ee78e063f56dfcdd,7-2,7-2.jpg,images/7-2.jpg,f05fbbbb98ff0f700f0dd0c5f9cb1d846a5f597327839a92b88e1fcef6ffbd63,gpt56,OpenAI,gpt-5.6,gpt-5.6-sol,2.48.0,0,"{""effort"": ""none""}",high,2026-09-06T00:12:22.232183+00:00,2026-09-06T00:12:28.004209+00:00,5.772,1,success,Respect / Authority,82,"Two formally dressed people are visibly bowing to one another in a professional setting, a conventional gesture of respect and social etiquette. The exact relationship or hierarchy is not visible, so this could be mutual courtesy rather than deference to authority.",,,,,2514,73,0,2587,"{""label"":""Respect / Authority"",""confidence"":82,""brief_reason"":""Two formally dressed people are visibly bowing to one another in a professional setting, a conventional gesture of respect and social etiquette. The exact relationship or hierarchy is not visible, so this could be mutual courtesy rather than deference to authority.""}",
prompt-results-v1,visual-cue-prompt-pilot-v1,010ecf86752795948c65f735a12ca5ef23a0b79726346feeeec6b2e8a0d97fd9,20260905,4abacadab7776f19f410667a58dab254f25527fef3a254f29b2f95a6ed48d37c,a253aa959a78c4fa76dafbea52016c42320347755edc81e0b487c5f5f1f205e4,,118,3,8,1,p2,p2-blind-nonoverlap-cues-v1-2026-09-05,482dce5b0ed5faf3ec20bdf32b51d0eb2212e901d18dde12a59c1f710160df8d,b0df04e619c332a72d33e5061a92e225ef3b9a537c9dcb40ee78e063f56dfcdd,25-2,25-2.jpg,images/25-2.jpg,f2c8b7b650119d1d77c11d0589ceb662f0e41da70262e74f89249661c27fd484,gpt56,OpenAI,gpt-5.6,gpt-5.6-sol,2.48.0,0,"{""effort"": ""none""}",high,2026-09-06T00:12:28.535829+00:00,2026-09-06T00:12:32.678864+00:00,4.143,1,success,Fairness,72,"A large street demonstration prominently displays a rainbow flag, with participants chanting, raising fists, and marching together, which reasonably conveys advocacy for equal rights and fair treatment. The exact cause is not stated in clearly readable text, so Loyalty or Subversion could also fit the solidarity or protest setting, but the equality symbolism makes Fairness the strongest interpretation.",,,,,2638,93,0,2731,"{""label"":""Fairness"",""confidence"":72,""brief_reason"":""A large street demonstration prominently displays a rainbow flag, with participants chanting, raising fists, and marching together, which reasonably conveys advocacy for equal rights and fair treatment. The exact cause is not stated in clearly readable text, so Loyalty or Subversion could also fit the solidarity or protest setting, but the equality symbolism makes Fairness the strongest interpretation.""}",
prompt-results-v1,visual-cue-prompt-pilot-v1,010ecf86752795948c65f735a12ca5ef23a0b79726346feeeec6b2e8a0d97fd9,20260905,4abacadab7776f19f410667a58dab254f25527fef3a254f29b2f95a6ed48d37c,fde4d6a3202da5b90507a39de0e917be960d6bec1b6cb8e08d01bc28b15045ec,,119,3,8,2,p0,p0-baseline-v2,1c1a1676abde21bda6ea8cf6eef5a6ca2bb99ecef928005f0fe5aed4769d0fa1,b0df04e619c332a72d33e5061a92e225ef3b9a537c9dcb40ee78e063f56dfcdd,25-2,25-2.jpg,images/25-2.jpg,f2c8b7b650119d1d77c11d0589ceb662f0e41da70262e74f89249661c27fd484,gpt56,OpenAI,gpt-5.6,gpt-5.6-sol,2.48.0,0,"{""effort"": ""none""}",high,2026-09-06T00:12:33.212964+00:00,2026-09-06T00:12:37.026886+00:00,3.814,1,success,Fairness,78,"A large public march prominently displays a rainbow flag, with participants chanting and raising fists, visually suggesting advocacy for equal rights and treatment. Subversion is also plausible because the crowd is protesting in the street, but no specific authority or rule is visibly being defied, so fairness is the stronger primary concern.",,,,,2231,85,0,2316,"{""label"":""Fairness"",""confidence"":78,""brief_reason"":""A large public march prominently displays a rainbow flag, with participants chanting and raising fists, visually suggesting advocacy for equal rights and treatment. Subversion is also plausible because the crowd is protesting in the street, but no specific authority or rule is visibly being defied, so fairness is the stronger primary concern.""}",
prompt-results-v1,visual-cue-prompt-pilot-v1,010ecf86752795948c65f735a12ca5ef23a0b79726346feeeec6b2e8a0d97fd9,20260905,4abacadab7776f19f410667a58dab254f25527fef3a254f29b2f95a6ed48d37c,1c6d6466c3b8cc809f55eb1f93810abd38068a618ff31a6bf99a68ec3a548d3e,,120,3,8,3,p1,p1-structured-control-v1-2026-09-05,b9621814e5a2bb839e6f399c5bf42940989a14efca909b15427ab68e3ae9432d,b0df04e619c332a72d33e5061a92e225ef3b9a537c9dcb40ee78e063f56dfcdd,25-2,25-2.jpg,images/25-2.jpg,f2c8b7b650119d1d77c11d0589ceb662f0e41da70262e74f89249661c27fd484,gpt56,OpenAI,gpt-5.6,gpt-5.6-sol,2.48.0,0,"{""effort"": ""none""}",high,2026-09-06T00:12:37.556800+00:00,2026-09-06T00:12:45.485762+00:00,7.929,1,success,Fairness,82,"A large public march is visibly organized beneath a rainbow flag, with participants chanting, raising fists, and carrying signs. This strongly suggests advocacy for equal rights and treatment. Subversion is a plausible alternative because the crowd is protesting in the street, but no specific authority or rule is visibly being attacked, so fairness is the clearer primary concern.",,,,,2462,92,0,2554,"{""label"":""Fairness"",""confidence"":82,""brief_reason"":""A large public march is visibly organized beneath a rainbow flag, with participants chanting, raising fists, and carrying signs. This strongly suggests advocacy for equal rights and treatment. Subversion is a plausible alternative because the crowd is protesting in the street, but no specific authority or rule is visibly being attacked, so fairness is the clearer primary concern.""}",
prompt-results-v1,visual-cue-prompt-pilot-v1,010ecf86752795948c65f735a12ca5ef23a0b79726346feeeec6b2e8a0d97fd9,20260905,4abacadab7776f19f410667a58dab254f25527fef3a254f29b2f95a6ed48d37c,f4e5cde9e5f7dbe70df787a56b30d6af73406c5fd86ca0da890b060c318539f5,,121,3,9,1,p0,p0-baseline-v2,1c1a1676abde21bda6ea8cf6eef5a6ca2bb99ecef928005f0fe5aed4769d0fa1,b0df04e619c332a72d33e5061a92e225ef3b9a537c9dcb40ee78e063f56dfcdd,1-1,1-1.jpg,images/1-1.jpg,16c8b6ef21bd106f6229643ab02fee435a73563485160c64d5eac9e5c19d2f44,gpt56,OpenAI,gpt-5.6,gpt-5.6-sol,2.48.0,0,"{""effort"": ""none""}",high,2026-09-06T00:12:46.013520+00:00,2026-09-06T00:12:49.760955+00:00,3.747,1,success,Care,94,"A smiling adult is visibly holding and supporting a laughing young child, conveying nurturing affection and attention to the child's well-being. The scene is unambiguous, though the exact relationship between them is not visible.",,,,,1067,65,0,1132,"{""label"":""Care"",""confidence"":94,""brief_reason"":""A smiling adult is visibly holding and supporting a laughing young child, conveying nurturing affection and attention to the child's well-being. The scene is unambiguous, though the exact relationship between them is not visible.""}",
prompt-results-v1,visual-cue-prompt-pilot-v1,010ecf86752795948c65f735a12ca5ef23a0b79726346feeeec6b2e8a0d97fd9,20260905,4abacadab7776f19f410667a58dab254f25527fef3a254f29b2f95a6ed48d37c,52467177b7b6e3c4ff258f0519790a016700450d712a7735e8a5cdd3895b454a,,122,3,9,2,p1,p1-structured-control-v1-2026-09-05,b9621814e5a2bb839e6f399c5bf42940989a14efca909b15427ab68e3ae9432d,b0df04e619c332a72d33e5061a92e225ef3b9a537c9dcb40ee78e063f56dfcdd,1-1,1-1.jpg,images/1-1.jpg,16c8b6ef21bd106f6229643ab02fee435a73563485160c64d5eac9e5c19d2f44,gpt56,OpenAI,gpt-5.6,gpt-5.6-sol,2.48.0,0,"{""effort"": ""none""}",high,2026-09-06T00:12:50.287838+00:00,2026-09-06T00:12:52.887306+00:00,2.599,1,success,Care,94,"A smiling adult is visibly holding and supporting a laughing young child, conveying nurturing affection and attention to the child's well-being. No clear signs of distress or harm are visible.",,,,,1298,58,0,1356,"{""label"":""Care"",""confidence"":94,""brief_reason"":""A smiling adult is visibly holding and supporting a laughing young child, conveying nurturing affection and attention to the child's well-being. No clear signs of distress or harm are visible.""}",
prompt-results-v1,visual-cue-prompt-pilot-v1,010ecf86752795948c65f735a12ca5ef23a0b79726346feeeec6b2e8a0d97fd9,20260905,4abacadab7776f19f410667a58dab254f25527fef3a254f29b2f95a6ed48d37c,e0875ece6972165164b986f922a7452e0e25037b53f74014e4ba35ef2ccc333b,,123,3,9,3,p2,p2-blind-nonoverlap-cues-v1-2026-09-05,482dce5b0ed5faf3ec20bdf32b51d0eb2212e901d18dde12a59c1f710160df8d,b0df04e619c332a72d33e5061a92e225ef3b9a537c9dcb40ee78e063f56dfcdd,1-1,1-1.jpg,images/1-1.jpg,16c8b6ef21bd106f6229643ab02fee435a73563485160c64d5eac9e5c19d2f44,gpt56,OpenAI,gpt-5.6,gpt-5.6-sol,2.48.0,0,"{""effort"": ""none""}",high,2026-09-06T00:12:53.413388+00:00,2026-09-06T00:12:56.690397+00:00,3.277,1,success,Care,88,"An adult is visibly holding and supporting a smiling young child in a close, affectionate interaction, conveying nurturing and concern for the child's well-being. The exact relationship and context are not visible, but the caregiving posture is clear.",,,,,1474,69,0,1543,"{""label"":""Care"",""confidence"":88,""brief_reason"":""An adult is visibly holding and supporting a smiling young child in a close, affectionate interaction, conveying nurturing and concern for the child's well-being. The exact relationship and context are not visible, but the caregiving posture is clear.""}",
prompt-results-v1,visual-cue-prompt-pilot-v1,010ecf86752795948c65f735a12ca5ef23a0b79726346feeeec6b2e8a0d97fd9,20260905,4abacadab7776f19f410667a58dab254f25527fef3a254f29b2f95a6ed48d37c,b263135dfec82af47688cd275e382487580ea537be0ac46c97aad8c0f772187f,,124,3,10,1,p2,p2-blind-nonoverlap-cues-v1-2026-09-05,482dce5b0ed5faf3ec20bdf32b51d0eb2212e901d18dde12a59c1f710160df8d,b0df04e619c332a72d33e5061a92e225ef3b9a537c9dcb40ee78e063f56dfcdd,o-1,o-1.jpg,images/o-1.jpg,465ce5e16a46ae2345602e9171dd9d71e3f2541db1587e0b00b60a3ad76e919e,gpt56,OpenAI,gpt-5.6,gpt-5.6-sol,2.48.0,0,"{""effort"": ""none""}",high,2026-09-06T00:12:57.221193+00:00,2026-09-06T00:13:02.306456+00:00,5.085,1,success,Cheating,88,"The young man is visibly looking toward the young woman's paper while both are writing, strongly suggesting copying or seeking an unfair advantage. Some uncertainty remains because the image does not explicitly show an exam or confirm that looking at her work violates a rule.",,,,,2071,73,0,2144,"{""label"":""Cheating"",""confidence"":88,""brief_reason"":""The young man is visibly looking toward the young woman's paper while both are writing, strongly suggesting copying or seeking an unfair advantage. Some uncertainty remains because the image does not explicitly show an exam or confirm that looking at her work violates a rule.""}",
prompt-results-v1,visual-cue-prompt-pilot-v1,010ecf86752795948c65f735a12ca5ef23a0b79726346feeeec6b2e8a0d97fd9,20260905,4abacadab7776f19f410667a58dab254f25527fef3a254f29b2f95a6ed48d37c,4ce7c30d7f414d9f09a251770bc56536290862a292fa82ba8c585387eac0d39e,,125,3,10,2,p0,p0-baseline-v2,1c1a1676abde21bda6ea8cf6eef5a6ca2bb99ecef928005f0fe5aed4769d0fa1,b0df04e619c332a72d33e5061a92e225ef3b9a537c9dcb40ee78e063f56dfcdd,o-1,o-1.jpg,images/o-1.jpg,465ce5e16a46ae2345602e9171dd9d71e3f2541db1587e0b00b60a3ad76e919e,gpt56,OpenAI,gpt-5.6,gpt-5.6-sol,2.48.0,0,"{""effort"": ""none""}",high,2026-09-06T00:13:02.834992+00:00,2026-09-06T00:13:07.051360+00:00,4.216,1,success,Cheating,88,"The young man is visibly looking toward the young woman's paper while both are writing, strongly suggesting copying or seeking an unfair advantage. The exact context is not explicit, so he could merely be glancing over, but cheating is the clearest implied moral concern.",,,,,1664,76,0,1740,"{""label"":""Cheating"",""confidence"":88,""brief_reason"":""The young man is visibly looking toward the young woman's paper while both are writing, strongly suggesting copying or seeking an unfair advantage. The exact context is not explicit, so he could merely be glancing over, but cheating is the clearest implied moral concern.""}",
prompt-results-v1,visual-cue-prompt-pilot-v1,010ecf86752795948c65f735a12ca5ef23a0b79726346feeeec6b2e8a0d97fd9,20260905,4abacadab7776f19f410667a58dab254f25527fef3a254f29b2f95a6ed48d37c,3b805597958d9c3cbc488d51f35ca467ebc2f073e3e85647d206d1185246f68a,,126,3,10,3,p1,p1-structured-control-v1-2026-09-05,b9621814e5a2bb839e6f399c5bf42940989a14efca909b15427ab68e3ae9432d,b0df04e619c332a72d33e5061a92e225ef3b9a537c9dcb40ee78e063f56dfcdd,o-1,o-1.jpg,images/o-1.jpg,465ce5e16a46ae2345602e9171dd9d71e3f2541db1587e0b00b60a3ad76e919e,gpt56,OpenAI,gpt-5.6,gpt-5.6-sol,2.48.0,0,"{""effort"": ""none""}",high,2026-09-06T00:13:07.581215+00:00,2026-09-06T00:13:10.355733+00:00,2.775,1,success,Cheating,88,"The young man is visibly looking toward the young woman's paper while both are writing, strongly suggesting he is copying her work to gain an unfair advantage. There is slight uncertainty because the image does not explicitly establish that this is a test or that looking at her paper is prohibited.",,,,,1895,79,0,1974,"{""label"":""Cheating"",""confidence"":88,""brief_reason"":""The young man is visibly looking toward the young woman's paper while both are writing, strongly suggesting he is copying her work to gain an unfair advantage. There is slight uncertainty because the image does not explicitly establish that this is a test or that looking at her paper is prohibited.""}",
prompt-results-v1,visual-cue-prompt-pilot-v1,010ecf86752795948c65f735a12ca5ef23a0b79726346feeeec6b2e8a0d97fd9,20260905,4abacadab7776f19f410667a58dab254f25527fef3a254f29b2f95a6ed48d37c,ea437ce7542cf0b22b81e3ae7a68b3d6c1457a1027c2429ec1f3967bd2bb0d73,,127,3,11,1,p2,p2-blind-nonoverlap-cues-v1-2026-09-05,482dce5b0ed5faf3ec20bdf32b51d0eb2212e901d18dde12a59c1f710160df8d,b0df04e619c332a72d33e5061a92e225ef3b9a537c9dcb40ee78e063f56dfcdd,2-1,2-1.jpg,images/2-1.jpg,4c390cab45d7793acde1917cc6c343bfdece7f98faca8ae93220ba7b58bad292,gpt56,OpenAI,gpt-5.6,gpt-5.6-sol,2.48.0,0,"{""effort"": ""none""}",high,2026-09-06T00:13:10.885180+00:00,2026-09-06T00:13:14.095219+00:00,3.21,1,success,Care,88,"The image shows a person in a makeshift, cluttered shelter warming themselves over a small fire, visibly suggesting vulnerability and unmet needs. No active assistance is shown, but concern for the person's welfare is the dominant moral theme; Harm is less fitting because no direct injury or violence is visible.",,,,,2550,82,0,2632,"{""label"":""Care"",""confidence"":88,""brief_reason"":""The image shows a person in a makeshift, cluttered shelter warming themselves over a small fire, visibly suggesting vulnerability and unmet needs. No active assistance is shown, but concern for the person's welfare is the dominant moral theme; Harm is less fitting because no direct injury or violence is visible.""}",
prompt-results-v1,visual-cue-prompt-pilot-v1,010ecf86752795948c65f735a12ca5ef23a0b79726346feeeec6b2e8a0d97fd9,20260905,4abacadab7776f19f410667a58dab254f25527fef3a254f29b2f95a6ed48d37c,c7a62b2ae7cb18624f8d37a56cb4e0f53fbc6fcd1f38d00e9e06ce4e2647e097,,128,3,11,2,p0,p0-baseline-v2,1c1a1676abde21bda6ea8cf6eef5a6ca2bb99ecef928005f0fe5aed4769d0fa1,b0df04e619c332a72d33e5061a92e225ef3b9a537c9dcb40ee78e063f56dfcdd,2-1,2-1.jpg,images/2-1.jpg,4c390cab45d7793acde1917cc6c343bfdece7f98faca8ae93220ba7b58bad292,gpt56,OpenAI,gpt-5.6,gpt-5.6-sol,2.48.0,0,"{""effort"": ""none""}",high,2026-09-06T00:13:14.624130+00:00,2026-09-06T00:13:18.602645+00:00,3.979,1,success,Care,88,"A person is visibly living or sheltering amid makeshift coverings, clutter, and a small open fire, conveying significant vulnerability and unmet needs. No active assistance is shown, but concern for the person's welfare is the dominant moral theme; Harm is less fitting because no clear injury, violence, or abuse is visible.",,,,,2143,86,0,2229,"{""label"":""Care"",""confidence"":88,""brief_reason"":""A person is visibly living or sheltering amid makeshift coverings, clutter, and a small open fire, conveying significant vulnerability and unmet needs. No active assistance is shown, but concern for the person's welfare is the dominant moral theme; Harm is less fitting because no clear injury, violence, or abuse is visible.""}",
prompt-results-v1,visual-cue-prompt-pilot-v1,010ecf86752795948c65f735a12ca5ef23a0b79726346feeeec6b2e8a0d97fd9,20260905,4abacadab7776f19f410667a58dab254f25527fef3a254f29b2f95a6ed48d37c,143ca732fa196403223d989a8bbd23fa94b00d9fc373845b69888e6c22784d65,,129,3,11,3,p1,p1-structured-control-v1-2026-09-05,b9621814e5a2bb839e6f399c5bf42940989a14efca909b15427ab68e3ae9432d,b0df04e619c332a72d33e5061a92e225ef3b9a537c9dcb40ee78e063f56dfcdd,2-1,2-1.jpg,images/2-1.jpg,4c390cab45d7793acde1917cc6c343bfdece7f98faca8ae93220ba7b58bad292,gpt56,OpenAI,gpt-5.6,gpt-5.6-sol,2.48.0,0,"{""effort"": ""none""}",high,2026-09-06T00:13:19.130704+00:00,2026-09-06T00:13:23.296031+00:00,4.165,1,success,Care,88,"A person is visibly living or sheltering amid makeshift coverings, worn belongings, and a small open fire, conveying significant vulnerability and unmet welfare needs. No active injury or violence is shown, so Care is more central than Harm, though the exact circumstances cannot be confirmed from the image alone.",,,,,2374,82,0,2456,"{""label"":""Care"",""confidence"":88,""brief_reason"":""A person is visibly living or sheltering amid makeshift coverings, worn belongings, and a small open fire, conveying significant vulnerability and unmet welfare needs. No active injury or violence is shown, so Care is more central than Harm, though the exact circumstances cannot be confirmed from the image alone.""}",
prompt-results-v1,visual-cue-prompt-pilot-v1,010ecf86752795948c65f735a12ca5ef23a0b79726346feeeec6b2e8a0d97fd9,20260905,4abacadab7776f19f410667a58dab254f25527fef3a254f29b2f95a6ed48d37c,25730d6f6b075f4a1603e03b03cf7f08a6a895bbfce73673adebd4dc9c4e8b76,,130,3,12,1,p1,p1-structured-control-v1-2026-09-05,b9621814e5a2bb839e6f399c5bf42940989a14efca909b15427ab68e3ae9432d,b0df04e619c332a72d33e5061a92e225ef3b9a537c9dcb40ee78e063f56dfcdd,g-2,g-2.png,images/g-2.png,81625f82d1617b53b838379a4be27cbc819155fbabf5b2dc8260886504801ba6,gpt56,OpenAI,gpt-5.6,gpt-5.6-sol,2.48.0,0,"{""effort"": ""none""}",high,2026-09-06T00:13:23.824523+00:00,2026-09-06T00:13:28.535572+00:00,4.711,1,success,Fairness,98,"The visible presentation explicitly centers on an “AI Fairness Initiative” and a “Gender Parity Testing Framework,” with the group reviewing bias, parity, and fairness test results. This directly conveys concern for equitable treatment; there is little meaningful ambiguity.",,,,,2501,74,0,2575,"{""label"":""Fairness"",""confidence"":98,""brief_reason"":""The visible presentation explicitly centers on an “AI Fairness Initiative” and a “Gender Parity Testing Framework,” with the group reviewing bias, parity, and fairness test results. This directly conveys concern for equitable treatment; there is little meaningful ambiguity.""}",
prompt-results-v1,visual-cue-prompt-pilot-v1,010ecf86752795948c65f735a12ca5ef23a0b79726346feeeec6b2e8a0d97fd9,20260905,4abacadab7776f19f410667a58dab254f25527fef3a254f29b2f95a6ed48d37c,4694ef8d836f428e0082567840eafb55dadcdd5370cd137a5d32976c06801e70,,131,3,12,2,p2,p2-blind-nonoverlap-cues-v1-2026-09-05,482dce5b0ed5faf3ec20bdf32b51d0eb2212e901d18dde12a59c1f710160df8d,b0df04e619c332a72d33e5061a92e225ef3b9a537c9dcb40ee78e063f56dfcdd,g-2,g-2.png,images/g-2.png,81625f82d1617b53b838379a4be27cbc819155fbabf5b2dc8260886504801ba6,gpt56,OpenAI,gpt-5.6,gpt-5.6-sol,2.48.0,0,"{""effort"": ""none""}",high,2026-09-06T00:13:29.061619+00:00,2026-09-06T00:13:33.226872+00:00,4.165,1,success,Fairness,97,"The visible presentation explicitly centers on an “AI Fairness Initiative” and a “Gender Parity Testing Framework,” with charts and test results about bias and parity. The scene strongly conveys concern for equitable treatment in an AI system; no visible unfair act makes Cheating the primary category.",,,,,2677,81,0,2758,"{""label"":""Fairness"",""confidence"":97,""brief_reason"":""The visible presentation explicitly centers on an “AI Fairness Initiative” and a “Gender Parity Testing Framework,” with charts and test results about bias and parity. The scene strongly conveys concern for equitable treatment in an AI system; no visible unfair act makes Cheating the primary category.""}",
prompt-results-v1,visual-cue-prompt-pilot-v1,010ecf86752795948c65f735a12ca5ef23a0b79726346feeeec6b2e8a0d97fd9,20260905,4abacadab7776f19f410667a58dab254f25527fef3a254f29b2f95a6ed48d37c,7ed45e9b44590df0e48c1d1be391df5d652edd1dc648fbca22bdf1291de796d5,,132,3,12,3,p0,p0-baseline-v2,1c1a1676abde21bda6ea8cf6eef5a6ca2bb99ecef928005f0fe5aed4769d0fa1,b0df04e619c332a72d33e5061a92e225ef3b9a537c9dcb40ee78e063f56dfcdd,g-2,g-2.png,images/g-2.png,81625f82d1617b53b838379a4be27cbc819155fbabf5b2dc8260886504801ba6,gpt56,OpenAI,gpt-5.6,gpt-5.6-sol,2.48.0,0,"{""effort"": ""none""}",high,2026-09-06T00:13:33.756808+00:00,2026-09-06T00:13:39.822645+00:00,6.066,1,success,Fairness,98,"The visible presentation explicitly centers on an “AI Fairness Initiative” and a “Gender Parity Testing Framework,” with the group reviewing bias and parity test results. This clearly conveys concern for equitable treatment; no meaningful competing category is emphasized.",,,,,2270,72,0,2342,"{""label"":""Fairness"",""confidence"":98,""brief_reason"":""The visible presentation explicitly centers on an “AI Fairness Initiative” and a “Gender Parity Testing Framework,” with the group reviewing bias and parity test results. This clearly conveys concern for equitable treatment; no meaningful competing category is emphasized.""}",
prompt-results-v1,visual-cue-prompt-pilot-v1,010ecf86752795948c65f735a12ca5ef23a0b79726346feeeec6b2e8a0d97fd9,20260905,4abacadab7776f19f410667a58dab254f25527fef3a254f29b2f95a6ed48d37c,b6ac3da8cfe3e02f4abd5bd2df1757190f396f6d3ef783887a8d6f7b8385e2ec,,133,3,13,1,p2,p2-blind-nonoverlap-cues-v1-2026-09-05,482dce5b0ed5faf3ec20bdf32b51d0eb2212e901d18dde12a59c1f710160df8d,b0df04e619c332a72d33e5061a92e225ef3b9a537c9dcb40ee78e063f56dfcdd,g-1,g-1.png,images/g-1.png,943338cbf3221f686e7f8eab88ffc3c7ca097f6fc19aae82b4af59fa203117af,gpt56,OpenAI,gpt-5.6,gpt-5.6-sol,2.48.0,0,"{""effort"": ""none""}",high,2026-09-06T00:13:40.355401+00:00,2026-09-06T00:13:45.429669+00:00,5.074,1,success,Fairness,88,"A wheelchair user faces a prominent staircase at the apparent building entrance, with no visible ramp or other accessible route nearby. This strongly conveys unequal access; Care is also plausible because the person is in a vulnerable situation, but the dominant concern is accessibility and equal opportunity to enter.",,,,,2677,79,0,2756,"{""label"":""Fairness"",""confidence"":88,""brief_reason"":""A wheelchair user faces a prominent staircase at the apparent building entrance, with no visible ramp or other accessible route nearby. This strongly conveys unequal access; Care is also plausible because the person is in a vulnerable situation, but the dominant concern is accessibility and equal opportunity to enter.""}",
prompt-results-v1,visual-cue-prompt-pilot-v1,010ecf86752795948c65f735a12ca5ef23a0b79726346feeeec6b2e8a0d97fd9,20260905,4abacadab7776f19f410667a58dab254f25527fef3a254f29b2f95a6ed48d37c,1235ac26f0ee831c2e3494a804077ca108f3034eeb4c7ef79344808544cfb658,,134,3,13,2,p0,p0-baseline-v2,1c1a1676abde21bda6ea8cf6eef5a6ca2bb99ecef928005f0fe5aed4769d0fa1,b0df04e619c332a72d33e5061a92e225ef3b9a537c9dcb40ee78e063f56dfcdd,g-1,g-1.png,images/g-1.png,943338cbf3221f686e7f8eab88ffc3c7ca097f6fc19aae82b4af59fa203117af,gpt56,OpenAI,gpt-5.6,gpt-5.6-sol,2.48.0,0,"{""effort"": ""none""}",high,2026-09-06T00:13:45.964504+00:00,2026-09-06T00:13:50.845623+00:00,4.881,1,success,Fairness,94,"A wheelchair user faces a prominent staircase at the building entrance, with no visible ramp or other accessible route. The scene strongly conveys unequal access and exclusion; Care is also plausible because the person is in a vulnerable situation, but the dominant concern is equitable access.",,,,,2270,76,0,2346,"{""label"":""Fairness"",""confidence"":94,""brief_reason"":""A wheelchair user faces a prominent staircase at the building entrance, with no visible ramp or other accessible route. The scene strongly conveys unequal access and exclusion; Care is also plausible because the person is in a vulnerable situation, but the dominant concern is equitable access.""}",
prompt-results-v1,visual-cue-prompt-pilot-v1,010ecf86752795948c65f735a12ca5ef23a0b79726346feeeec6b2e8a0d97fd9,20260905,4abacadab7776f19f410667a58dab254f25527fef3a254f29b2f95a6ed48d37c,9c26a3606f058a951f6164f1228e2707b9d3aaedfb86a3eb68088062aa2cb51c,,135,3,13,3,p1,p1-structured-control-v1-2026-09-05,b9621814e5a2bb839e6f399c5bf42940989a14efca909b15427ab68e3ae9432d,b0df04e619c332a72d33e5061a92e225ef3b9a537c9dcb40ee78e063f56dfcdd,g-1,g-1.png,images/g-1.png,943338cbf3221f686e7f8eab88ffc3c7ca097f6fc19aae82b4af59fa203117af,gpt56,OpenAI,gpt-5.6,gpt-5.6-sol,2.48.0,0,"{""effort"": ""none""}",high,2026-09-06T00:13:51.379681+00:00,2026-09-06T00:13:56.036223+00:00,4.657,1,success,Fairness,94,"A wheelchair user faces a prominent entrance reachable only by a long staircase, with no visible ramp or lift. The scene strongly conveys unequal access to the building; Care is also plausible because of the person's vulnerability, but the architectural barrier makes accessibility and equitable opportunity the primary concern.",,,,,2501,79,0,2580,"{""label"":""Fairness"",""confidence"":94,""brief_reason"":""A wheelchair user faces a prominent entrance reachable only by a long staircase, with no visible ramp or lift. The scene strongly conveys unequal access to the building; Care is also plausible because of the person's vulnerability, but the architectural barrier makes accessibility and equitable opportunity the primary concern.""}",
prompt-results-v1,visual-cue-prompt-pilot-v1,010ecf86752795948c65f735a12ca5ef23a0b79726346feeeec6b2e8a0d97fd9,20260905,4abacadab7776f19f410667a58dab254f25527fef3a254f29b2f95a6ed48d37c,7441408b97531a25405bb3eeed45ba18db3aa6062087c018c3f6a7a9c7f83c6a,,136,3,14,1,p0,p0-baseline-v2,1c1a1676abde21bda6ea8cf6eef5a6ca2bb99ecef928005f0fe5aed4769d0fa1,b0df04e619c332a72d33e5061a92e225ef3b9a537c9dcb40ee78e063f56dfcdd,34-4,34-4.jpg,images/34-4.jpg,54b77dd8508b18cc320701e2e5d4c650978915a6fa05d172f0e86ddea6abe0a1,gpt56,OpenAI,gpt-5.6,gpt-5.6-sol,2.48.0,0,"{""effort"": ""none""}",high,2026-09-06T00:13:56.563411+00:00,2026-09-06T00:14:04.438583+00:00,7.875,1,success,Harm,91,"A visibly distressed, isolated person sits barefoot in a deteriorated locked observation room under multiple surveillance cameras, while monitors indicate critical stress and irregular vital signs. The scene strongly emphasizes emotional suffering and harmful confinement; Care is plausible because the person is vulnerable and needs support, but no helping action is visible and the dominant tone is distress.",,,,,2231,90,0,2321,"{""label"":""Harm"",""confidence"":91,""brief_reason"":""A visibly distressed, isolated person sits barefoot in a deteriorated locked observation room under multiple surveillance cameras, while monitors indicate critical stress and irregular vital signs. The scene strongly emphasizes emotional suffering and harmful confinement; Care is plausible because the person is vulnerable and needs support, but no helping action is visible and the dominant tone is distress.""}",
prompt-results-v1,visual-cue-prompt-pilot-v1,010ecf86752795948c65f735a12ca5ef23a0b79726346feeeec6b2e8a0d97fd9,20260905,4abacadab7776f19f410667a58dab254f25527fef3a254f29b2f95a6ed48d37c,e4c13b7145bf58a2aa76bf0a8fe87e8d74a5bb52158aaf4aea42f77efdfc2275,,137,3,14,2,p1,p1-structured-control-v1-2026-09-05,b9621814e5a2bb839e6f399c5bf42940989a14efca909b15427ab68e3ae9432d,b0df04e619c332a72d33e5061a92e225ef3b9a537c9dcb40ee78e063f56dfcdd,34-4,34-4.jpg,images/34-4.jpg,54b77dd8508b18cc320701e2e5d4c650978915a6fa05d172f0e86ddea6abe0a1,gpt56,OpenAI,gpt-5.6,gpt-5.6-sol,2.48.0,0,"{""effort"": ""none""}",high,2026-09-06T00:14:04.968866+00:00,2026-09-06T00:14:08.870065+00:00,3.901,1,success,Harm,91,"A visibly distressed, isolated person sits barefoot in a deteriorated observation cell under numerous surveillance cameras. Monitors indicate critical stress and irregular vital signs, making suffering and harmful confinement the dominant concern; degradation is also plausible, but the clearest emphasis is the person's distress and endangered well-being.",,,,,2462,82,0,2544,"{""label"":""Harm"",""confidence"":91,""brief_reason"":""A visibly distressed, isolated person sits barefoot in a deteriorated observation cell under numerous surveillance cameras. Monitors indicate critical stress and irregular vital signs, making suffering and harmful confinement the dominant concern; degradation is also plausible, but the clearest emphasis is the person's distress and endangered well-being.""}",
prompt-results-v1,visual-cue-prompt-pilot-v1,010ecf86752795948c65f735a12ca5ef23a0b79726346feeeec6b2e8a0d97fd9,20260905,4abacadab7776f19f410667a58dab254f25527fef3a254f29b2f95a6ed48d37c,33eed6ee6351bdbb5da540d46ceeb0dcc76329446d9b642d17a8526c381727e7,,138,3,14,3,p2,p2-blind-nonoverlap-cues-v1-2026-09-05,482dce5b0ed5faf3ec20bdf32b51d0eb2212e901d18dde12a59c1f710160df8d,b0df04e619c332a72d33e5061a92e225ef3b9a537c9dcb40ee78e063f56dfcdd,34-4,34-4.jpg,images/34-4.jpg,54b77dd8508b18cc320701e2e5d4c650978915a6fa05d172f0e86ddea6abe0a1,gpt56,OpenAI,gpt-5.6,gpt-5.6-sol,2.48.0,0,"{""effort"": ""none""}",high,2026-09-06T00:14:09.400554+00:00,2026-09-06T00:14:16.068881+00:00,6.668,1,success,Harm,88,"A visibly distressed, isolated person is confined in a deteriorated observation room under intensive surveillance, while monitors indicate critical stress and irregular respiration. The scene strongly conveys emotional suffering and harmful confinement; Care is also plausible because the person is vulnerable, but no support or protection is visibly being provided.",,,,,2638,82,0,2720,"{""label"":""Harm"",""confidence"":88,""brief_reason"":""A visibly distressed, isolated person is confined in a deteriorated observation room under intensive surveillance, while monitors indicate critical stress and irregular respiration. The scene strongly conveys emotional suffering and harmful confinement; Care is also plausible because the person is vulnerable, but no support or protection is visibly being provided.""}",
prompt-results-v1,visual-cue-prompt-pilot-v1,010ecf86752795948c65f735a12ca5ef23a0b79726346feeeec6b2e8a0d97fd9,20260905,4abacadab7776f19f410667a58dab254f25527fef3a254f29b2f95a6ed48d37c,d4ba9bfdc501804803c5ceef9aed997a527d74da5d316da8616450fbb1257e91,,139,3,15,1,p1,p1-structured-control-v1-2026-09-05,b9621814e5a2bb839e6f399c5bf42940989a14efca909b15427ab68e3ae9432d,b0df04e619c332a72d33e5061a92e225ef3b9a537c9dcb40ee78e063f56dfcdd,16-2,16-2.jpg,images/16-2.jpg,b19fe338347260d6f82e12bf5b43634b2f0503089cdbb715f9dfe13c1d5639b4,gpt56,OpenAI,gpt-5.6,gpt-5.6-sol,2.48.0,0,"{""effort"": ""none""}",high,2026-09-06T00:14:16.597285+00:00,2026-09-06T00:14:20.167653+00:00,3.57,1,success,Harm,88,"One man is visibly restraining the other from behind with an arm around his neck and chest, while the restrained man grimaces and grips the arm, conveying physical distress. The exact context could be staged or playful, but the dominant visible impression is a painful or violent struggle.",,,,,1896,80,0,1976,"{""label"":""Harm"",""confidence"":88,""brief_reason"":""One man is visibly restraining the other from behind with an arm around his neck and chest, while the restrained man grimaces and grips the arm, conveying physical distress. The exact context could be staged or playful, but the dominant visible impression is a painful or violent struggle.""}",
prompt-results-v1,visual-cue-prompt-pilot-v1,010ecf86752795948c65f735a12ca5ef23a0b79726346feeeec6b2e8a0d97fd9,20260905,4abacadab7776f19f410667a58dab254f25527fef3a254f29b2f95a6ed48d37c,d3f61ffe72a3a009eacc2eb6e9b540acc5d28d04d3acf0664d352e3a255ea0de,,140,3,15,2,p2,p2-blind-nonoverlap-cues-v1-2026-09-05,482dce5b0ed5faf3ec20bdf32b51d0eb2212e901d18dde12a59c1f710160df8d,b0df04e619c332a72d33e5061a92e225ef3b9a537c9dcb40ee78e063f56dfcdd,16-2,16-2.jpg,images/16-2.jpg,b19fe338347260d6f82e12bf5b43634b2f0503089cdbb715f9dfe13c1d5639b4,gpt56,OpenAI,gpt-5.6,gpt-5.6-sol,2.48.0,0,"{""effort"": ""none""}",high,2026-09-06T00:14:20.695970+00:00,2026-09-06T00:14:26.901477+00:00,6.206,1,success,Harm,88,"One man is visibly restraining the other from behind with an arm around his neck and chest, while both show intense expressions and the restrained man appears distressed. The exact context could be staged or playful, but the depicted physical struggle makes harm the primary concern.",,,,,2072,76,0,2148,"{""label"":""Harm"",""confidence"":88,""brief_reason"":""One man is visibly restraining the other from behind with an arm around his neck and chest, while both show intense expressions and the restrained man appears distressed. The exact context could be staged or playful, but the depicted physical struggle makes harm the primary concern.""}",
prompt-results-v1,visual-cue-prompt-pilot-v1,010ecf86752795948c65f735a12ca5ef23a0b79726346feeeec6b2e8a0d97fd9,20260905,4abacadab7776f19f410667a58dab254f25527fef3a254f29b2f95a6ed48d37c,e5f387769ce1bf07c293c413f7928ae18e229c52499aae196f7648b2382e58b3,,141,3,15,3,p0,p0-baseline-v2,1c1a1676abde21bda6ea8cf6eef5a6ca2bb99ecef928005f0fe5aed4769d0fa1,b0df04e619c332a72d33e5061a92e225ef3b9a537c9dcb40ee78e063f56dfcdd,16-2,16-2.jpg,images/16-2.jpg,b19fe338347260d6f82e12bf5b43634b2f0503089cdbb715f9dfe13c1d5639b4,gpt56,OpenAI,gpt-5.6,gpt-5.6-sol,2.48.0,0,"{""effort"": ""none""}",high,2026-09-06T00:14:27.429908+00:00,2026-09-06T00:14:31.714266+00:00,4.284,1,success,Harm,88,"One man is visibly restraining the other from behind with an arm around his neck and chest; both show strained or distressed expressions. This strongly suggests a painful physical struggle, though the still image leaves some uncertainty about whether it is genuine violence or staged rough play.",,,,,1665,77,0,1742,"{""label"":""Harm"",""confidence"":88,""brief_reason"":""One man is visibly restraining the other from behind with an arm around his neck and chest; both show strained or distressed expressions. This strongly suggests a painful physical struggle, though the still image leaves some uncertainty about whether it is genuine violence or staged rough play.""}",
prompt-results-v1,visual-cue-prompt-pilot-v1,010ecf86752795948c65f735a12ca5ef23a0b79726346feeeec6b2e8a0d97fd9,20260905,4abacadab7776f19f410667a58dab254f25527fef3a254f29b2f95a6ed48d37c,5279d77d496c8b17a10c94583ac90d62dca1f8b56a4628786ebe993ab597ef30,,142,3,16,1,p0,p0-baseline-v2,1c1a1676abde21bda6ea8cf6eef5a6ca2bb99ecef928005f0fe5aed4769d0fa1,b0df04e619c332a72d33e5061a92e225ef3b9a537c9dcb40ee78e063f56dfcdd,o-2,o-2.jpg,images/o-2.jpg,21aa96fa08ee7513fe40f6f363813482ecc5d47bee6902d10ca1e7f04b65a45c,gpt56,OpenAI,gpt-5.6,gpt-5.6-sol,2.48.0,0,"{""effort"": ""none""}",high,2026-09-06T00:14:32.236291+00:00,2026-09-06T00:14:35.027539+00:00,2.791,1,success,None of these / Not clearly moral in nature,98,"The image shows athletes beginning a track race under ordinary competitive conditions, with no visible harm, unfair conduct, rule violation, or other clear moral concern.",,,,,1809,62,0,1871,"{""label"":""None of these / Not clearly moral in nature"",""confidence"":98,""brief_reason"":""The image shows athletes beginning a track race under ordinary competitive conditions, with no visible harm, unfair conduct, rule violation, or other clear moral concern.""}",
prompt-results-v1,visual-cue-prompt-pilot-v1,010ecf86752795948c65f735a12ca5ef23a0b79726346feeeec6b2e8a0d97fd9,20260905,4abacadab7776f19f410667a58dab254f25527fef3a254f29b2f95a6ed48d37c,d36c688435ae0d20062840d72bb41fb75d2e739986aad1aeab4f03db6d8a4f8e,,143,3,16,2,p1,p1-structured-control-v1-2026-09-05,b9621814e5a2bb839e6f399c5bf42940989a14efca909b15427ab68e3ae9432d,b0df04e619c332a72d33e5061a92e225ef3b9a537c9dcb40ee78e063f56dfcdd,o-2,o-2.jpg,images/o-2.jpg,21aa96fa08ee7513fe40f6f363813482ecc5d47bee6902d10ca1e7f04b65a45c,gpt56,OpenAI,gpt-5.6,gpt-5.6-sol,2.48.0,0,"{""effort"": ""none""}",high,2026-09-06T00:14:35.555145+00:00,2026-09-06T00:14:38.850846+00:00,3.296,1,success,None of these / Not clearly moral in nature,98,"The image shows athletes beginning a track race in marked lanes, with no visible injury, misconduct, unfair treatment, or other clear moral concern.",,,,,2040,60,0,2100,"{""label"":""None of these / Not clearly moral in nature"",""confidence"":98,""brief_reason"":""The image shows athletes beginning a track race in marked lanes, with no visible injury, misconduct, unfair treatment, or other clear moral concern.""}",
prompt-results-v1,visual-cue-prompt-pilot-v1,010ecf86752795948c65f735a12ca5ef23a0b79726346feeeec6b2e8a0d97fd9,20260905,4abacadab7776f19f410667a58dab254f25527fef3a254f29b2f95a6ed48d37c,d507307dfa4b5b28c4be35305270fedfe7246286993185ead16d2fdfd2bae258,,144,3,16,3,p2,p2-blind-nonoverlap-cues-v1-2026-09-05,482dce5b0ed5faf3ec20bdf32b51d0eb2212e901d18dde12a59c1f710160df8d,b0df04e619c332a72d33e5061a92e225ef3b9a537c9dcb40ee78e063f56dfcdd,o-2,o-2.jpg,images/o-2.jpg,21aa96fa08ee7513fe40f6f363813482ecc5d47bee6902d10ca1e7f04b65a45c,gpt56,OpenAI,gpt-5.6,gpt-5.6-sol,2.48.0,0,"{""effort"": ""none""}",high,2026-09-06T00:14:39.377076+00:00,2026-09-06T00:14:43.272814+00:00,3.896,1,success,None of these / Not clearly moral in nature,98,"The image shows athletes beginning a track race under ordinary competitive conditions. No visible harm, unfair conduct, rule violation, or other clear moral concern is depicted.",,,,,2216,63,0,2279,"{""label"":""None of these / Not clearly moral in nature"",""confidence"":98,""brief_reason"":""The image shows athletes beginning a track race under ordinary competitive conditions. No visible harm, unfair conduct, rule violation, or other clear moral concern is depicted.""}",
prompt-results-v1,visual-cue-prompt-pilot-v1,010ecf86752795948c65f735a12ca5ef23a0b79726346feeeec6b2e8a0d97fd9,20260905,4abacadab7776f19f410667a58dab254f25527fef3a254f29b2f95a6ed48d37c,af62d87c5d562c6353ee810e1cc2c980f7d09de02b12aaec515723c08b98a2c9,,1,1,1,1,p2,p2-blind-nonoverlap-cues-v1-2026-09-05,482dce5b0ed5faf3ec20bdf32b51d0eb2212e901d18dde12a59c1f710160df8d,b0df04e619c332a72d33e5061a92e225ef3b9a537c9dcb40ee78e063f56dfcdd,16-2,16-2.jpg,images/16-2.jpg,b19fe338347260d6f82e12bf5b43634b2f0503089cdbb715f9dfe13c1d5639b4,gpt4o,OpenAI,gpt-4o,gpt-4o-2024-08-06,2.48.0,0,{},high,2026-09-06T00:14:43.799659+00:00,2026-09-06T00:14:46.366908+00:00,2.567,1,success,Harm,90,"The image shows one person grabbing another from behind, with both displaying expressions of pain or distress. This suggests a physical altercation or struggle, indicating harm.",,,,,2175,46,0,2221,"{""label"":""Harm"",""confidence"":90,""brief_reason"":""The image shows one person grabbing another from behind, with both displaying expressions of pain or distress. This suggests a physical altercation or struggle, indicating harm.""}",
prompt-results-v1,visual-cue-prompt-pilot-v1,010ecf86752795948c65f735a12ca5ef23a0b79726346feeeec6b2e8a0d97fd9,20260905,4abacadab7776f19f410667a58dab254f25527fef3a254f29b2f95a6ed48d37c,941ce073be0827509f4bafab2d5d31b3c0029a2438e60a05b3b12789ae08df15,,2,1,1,2,p0,p0-baseline-v2,1c1a1676abde21bda6ea8cf6eef5a6ca2bb99ecef928005f0fe5aed4769d0fa1,b0df04e619c332a72d33e5061a92e225ef3b9a537c9dcb40ee78e063f56dfcdd,16-2,16-2.jpg,images/16-2.jpg,b19fe338347260d6f82e12bf5b43634b2f0503089cdbb715f9dfe13c1d5639b4,gpt4o,OpenAI,gpt-4o,gpt-4o-2024-08-06,2.48.0,0,{},high,2026-09-06T00:14:46.901579+00:00,2026-09-06T00:14:49.006209+00:00,2.105,1,success,Harm,90,"The image shows one person grabbing another in a way that suggests physical aggression or struggle, indicating potential harm or violence.",,,,,1768,38,0,1806,"{""label"":""Harm"",""confidence"":90,""brief_reason"":""The image shows one person grabbing another in a way that suggests physical aggression or struggle, indicating potential harm or violence.""}",
prompt-results-v1,visual-cue-prompt-pilot-v1,010ecf86752795948c65f735a12ca5ef23a0b79726346feeeec6b2e8a0d97fd9,20260905,4abacadab7776f19f410667a58dab254f25527fef3a254f29b2f95a6ed48d37c,d69adaa4067fa61be31c5e7fcf121419f5ee89c62c9f10567286d771c25b2908,,3,1,1,3,p1,p1-structured-control-v1-2026-09-05,b9621814e5a2bb839e6f399c5bf42940989a14efca909b15427ab68e3ae9432d,b0df04e619c332a72d33e5061a92e225ef3b9a537c9dcb40ee78e063f56dfcdd,16-2,16-2.jpg,images/16-2.jpg,b19fe338347260d6f82e12bf5b43634b2f0503089cdbb715f9dfe13c1d5639b4,gpt4o,OpenAI,gpt-4o,gpt-4o-2024-08-06,2.48.0,0,{},high,2026-09-06T00:14:49.539067+00:00,2026-09-06T00:14:52.176458+00:00,2.637,1,success,Harm,90,"The image shows one person grabbing another in a way that suggests physical aggression or struggle, indicating potential harm or violence.",,,,,1999,38,0,2037,"{""label"":""Harm"",""confidence"":90,""brief_reason"":""The image shows one person grabbing another in a way that suggests physical aggression or struggle, indicating potential harm or violence.""}",
prompt-results-v1,visual-cue-prompt-pilot-v1,010ecf86752795948c65f735a12ca5ef23a0b79726346feeeec6b2e8a0d97fd9,20260905,4abacadab7776f19f410667a58dab254f25527fef3a254f29b2f95a6ed48d37c,c555a05f4c2c1861c96c35c3548e5a8e5df00be07d4823a9b28cbd5cd8898a36,,4,1,2,1,p0,p0-baseline-v2,1c1a1676abde21bda6ea8cf6eef5a6ca2bb99ecef928005f0fe5aed4769d0fa1,b0df04e619c332a72d33e5061a92e225ef3b9a537c9dcb40ee78e063f56dfcdd,o-1,o-1.jpg,images/o-1.jpg,465ce5e16a46ae2345602e9171dd9d71e3f2541db1587e0b00b60a3ad76e919e,gpt4o,OpenAI,gpt-4o,gpt-4o-2024-08-06,2.48.0,0,{},high,2026-09-06T00:14:52.703258+00:00,2026-09-06T00:14:54.965186+00:00,2.262,1,success,Cheating,85,"The image shows a person looking at another's paper during what appears to be a test or exam, suggesting potential cheating. The primary moral concern is the violation of fairness through possible deception or gaining an unfair advantage. There is some ambiguity as the intent is not explicitly clear, but the visual evidence strongly suggests cheating.",,,,,1768,77,0,1845,"{""label"":""Cheating"",""confidence"":85,""brief_reason"":""The image shows a person looking at another's paper during what appears to be a test or exam, suggesting potential cheating. The primary moral concern is the violation of fairness through possible deception or gaining an unfair advantage. There is some ambiguity as the intent is not explicitly clear, but the visual evidence strongly suggests cheating.""}",
prompt-results-v1,visual-cue-prompt-pilot-v1,010ecf86752795948c65f735a12ca5ef23a0b79726346feeeec6b2e8a0d97fd9,20260905,4abacadab7776f19f410667a58dab254f25527fef3a254f29b2f95a6ed48d37c,9ebea9f96950af81b04f9f5be6f97d144c2d92c558c9af20bde967e166091c65,,5,1,2,2,p1,p1-structured-control-v1-2026-09-05,b9621814e5a2bb839e6f399c5bf42940989a14efca909b15427ab68e3ae9432d,b0df04e619c332a72d33e5061a92e225ef3b9a537c9dcb40ee78e063f56dfcdd,o-1,o-1.jpg,images/o-1.jpg,465ce5e16a46ae2345602e9171dd9d71e3f2541db1587e0b00b60a3ad76e919e,gpt4o,OpenAI,gpt-4o,gpt-4o-2024-08-06,2.48.0,0,{},high,2026-09-06T00:14:55.495535+00:00,2026-09-06T00:14:58.018251+00:00,2.523,1,success,Cheating,85,"The image shows a person looking at another's paper during what appears to be a test or exam, suggesting potential cheating. The primary moral concern is the violation of fairness through possible deception or gaining an unfair advantage.",,,,,1999,57,0,2056,"{""label"":""Cheating"",""confidence"":85,""brief_reason"":""The image shows a person looking at another's paper during what appears to be a test or exam, suggesting potential cheating. The primary moral concern is the violation of fairness through possible deception or gaining an unfair advantage.""}",
prompt-results-v1,visual-cue-prompt-pilot-v1,010ecf86752795948c65f735a12ca5ef23a0b79726346feeeec6b2e8a0d97fd9,20260905,4abacadab7776f19f410667a58dab254f25527fef3a254f29b2f95a6ed48d37c,9f566e8cedf47f068b1640da69e5b1e7a174ed6d5e1a031d7681d112b98fba9d,,6,1,2,3,p2,p2-blind-nonoverlap-cues-v1-2026-09-05,482dce5b0ed5faf3ec20bdf32b51d0eb2212e901d18dde12a59c1f710160df8d,b0df04e619c332a72d33e5061a92e225ef3b9a537c9dcb40ee78e063f56dfcdd,o-1,o-1.jpg,images/o-1.jpg,465ce5e16a46ae2345602e9171dd9d71e3f2541db1587e0b00b60a3ad76e919e,gpt4o,OpenAI,gpt-4o,gpt-4o-2024-08-06,2.48.0,0,{},high,2026-09-06T00:14:58.546552+00:00,2026-09-06T00:15:02.105508+00:00,3.559,1,success,Cheating,85,"The image shows a person looking at another's paper during what appears to be a test or exam, suggesting potential cheating.",,,,,2175,39,0,2214,"{""label"":""Cheating"",""confidence"":85,""brief_reason"":""The image shows a person looking at another's paper during what appears to be a test or exam, suggesting potential cheating.""}",
prompt-results-v1,visual-cue-prompt-pilot-v1,010ecf86752795948c65f735a12ca5ef23a0b79726346feeeec6b2e8a0d97fd9,20260905,4abacadab7776f19f410667a58dab254f25527fef3a254f29b2f95a6ed48d37c,4eaac0d1242f4a289efd5e133e0e82311d75c0e6906873585441a87a7ac12512,,7,1,3,1,p1,p1-structured-control-v1-2026-09-05,b9621814e5a2bb839e6f399c5bf42940989a14efca909b15427ab68e3ae9432d,b0df04e619c332a72d33e5061a92e225ef3b9a537c9dcb40ee78e063f56dfcdd,37-3,37-3.jpg,images/37-3.jpg,368cf7b7ef47e0933e9b60541ae321361571d2dbc8bd6b7deb0dc657f9a54e21,gpt4o,OpenAI,gpt-4o,gpt-4o-2024-08-06,2.48.0,0,{},high,2026-09-06T00:15:02.637281+00:00,2026-09-06T00:15:05.933548+00:00,3.296,1,success,Care,80,"The image shows a person looking distressed while holding a phone, suggesting emotional vulnerability. The primary moral concern appears to be the need for care or support due to visible signs of distress. The setting implies loneliness or exclusion, but the focus is on the individual's emotional state.",,,,,1999,67,0,2066,"{""label"":""Care"",""confidence"":80,""brief_reason"":""The image shows a person looking distressed while holding a phone, suggesting emotional vulnerability. The primary moral concern appears to be the need for care or support due to visible signs of distress. The setting implies loneliness or exclusion, but the focus is on the individual's emotional state.""}",
prompt-results-v1,visual-cue-prompt-pilot-v1,010ecf86752795948c65f735a12ca5ef23a0b79726346feeeec6b2e8a0d97fd9,20260905,4abacadab7776f19f410667a58dab254f25527fef3a254f29b2f95a6ed48d37c,41314a0b256f4625677e398f09c013adb9fd9f078f000a1d7d190c01049858cc,,8,1,3,2,p2,p2-blind-nonoverlap-cues-v1-2026-09-05,482dce5b0ed5faf3ec20bdf32b51d0eb2212e901d18dde12a59c1f710160df8d,b0df04e619c332a72d33e5061a92e225ef3b9a537c9dcb40ee78e063f56dfcdd,37-3,37-3.jpg,images/37-3.jpg,368cf7b7ef47e0933e9b60541ae321361571d2dbc8bd6b7deb0dc657f9a54e21,gpt4o,OpenAI,gpt-4o,gpt-4o-2024-08-06,2.48.0,0,{},high,2026-09-06T00:15:06.463123+00:00,2026-09-06T00:15:09.901442+00:00,3.438,1,success,Care,80,"The image shows a person looking distressed while holding a phone, suggesting emotional vulnerability. The setting, with tissues and a messy room, implies a need for emotional support or care. The primary moral concern appears to be the person's well-being.",,,,,2175,61,0,2236,"{""label"":""Care"",""confidence"":80,""brief_reason"":""The image shows a person looking distressed while holding a phone, suggesting emotional vulnerability. The setting, with tissues and a messy room, implies a need for emotional support or care. The primary moral concern appears to be the person's well-being.""}",
prompt-results-v1,visual-cue-prompt-pilot-v1,010ecf86752795948c65f735a12ca5ef23a0b79726346feeeec6b2e8a0d97fd9,20260905,4abacadab7776f19f410667a58dab254f25527fef3a254f29b2f95a6ed48d37c,d064996e245c152afaa7963ec806c4e79176772a317dc8b5ee01cb9ad56fad81,,9,1,3,3,p0,p0-baseline-v2,1c1a1676abde21bda6ea8cf6eef5a6ca2bb99ecef928005f0fe5aed4769d0fa1,b0df04e619c332a72d33e5061a92e225ef3b9a537c9dcb40ee78e063f56dfcdd,37-3,37-3.jpg,images/37-3.jpg,368cf7b7ef47e0933e9b60541ae321361571d2dbc8bd6b7deb0dc657f9a54e21,gpt4o,OpenAI,gpt-4o,gpt-4o-2024-08-06,2.48.0,0,{},high,2026-09-06T00:15:10.431169+00:00,2026-09-06T00:15:13.483975+00:00,3.053,1,success,Harm,85,"The image shows a person looking distressed while viewing social media on their phone, suggesting emotional suffering or distress. The setting and expression indicate a focus on harm, possibly due to feelings of exclusion or inadequacy. The primary concern appears to be the emotional impact, rather than fairness or care.",,,,,1768,72,0,1840,"{""label"":""Harm"",""confidence"":85,""brief_reason"":""The image shows a person looking distressed while viewing social media on their phone, suggesting emotional suffering or distress. The setting and expression indicate a focus on harm, possibly due to feelings of exclusion or inadequacy. The primary concern appears to be the emotional impact, rather than fairness or care.""}",
prompt-results-v1,visual-cue-prompt-pilot-v1,010ecf86752795948c65f735a12ca5ef23a0b79726346feeeec6b2e8a0d97fd9,20260905,4abacadab7776f19f410667a58dab254f25527fef3a254f29b2f95a6ed48d37c,b077a0cbec6325351ffa837b55f527d1e617e8b405fe1369aad59e8adead9a9f,,10,1,4,1,p0,p0-baseline-v2,1c1a1676abde21bda6ea8cf6eef5a6ca2bb99ecef928005f0fe5aed4769d0fa1,b0df04e619c332a72d33e5061a92e225ef3b9a537c9dcb40ee78e063f56dfcdd,g-1,g-1.png,images/g-1.png,943338cbf3221f686e7f8eab88ffc3c7ca097f6fc19aae82b4af59fa203117af,gpt4o,OpenAI,gpt-4o,gpt-4o-2024-08-06,2.48.0,0,{},high,2026-09-06T00:15:14.014319+00:00,2026-09-06T00:15:18.221645+00:00,4.207,1,success,Fairness,90,"The image shows a person in a wheelchair facing a staircase without an accessible ramp, highlighting a lack of equitable access to the building. This suggests a primary concern with fairness and equal opportunity.",,,,,2108,52,0,2160,"{""label"":""Fairness"",""confidence"":90,""brief_reason"":""The image shows a person in a wheelchair facing a staircase without an accessible ramp, highlighting a lack of equitable access to the building. This suggests a primary concern with fairness and equal opportunity.""}",
prompt-results-v1,visual-cue-prompt-pilot-v1,010ecf86752795948c65f735a12ca5ef23a0b79726346feeeec6b2e8a0d97fd9,20260905,4abacadab7776f19f410667a58dab254f25527fef3a254f29b2f95a6ed48d37c,83925ec7cf0d41c6bcca5600479ea95e82c612135a2628bc27d9630b568ab4ad,,11,1,4,2,p1,p1-structured-control-v1-2026-09-05,b9621814e5a2bb839e6f399c5bf42940989a14efca909b15427ab68e3ae9432d,b0df04e619c332a72d33e5061a92e225ef3b9a537c9dcb40ee78e063f56dfcdd,g-1,g-1.png,images/g-1.png,943338cbf3221f686e7f8eab88ffc3c7ca097f6fc19aae82b4af59fa203117af,gpt4o,OpenAI,gpt-4o,gpt-4o-2024-08-06,2.48.0,0,{},high,2026-09-06T00:15:18.756192+00:00,2026-09-06T00:15:23.218944+00:00,4.463,1,success,Care,85,"The image shows a person in a wheelchair facing a staircase, suggesting a concern for accessibility and the need for support or accommodation. This indicates a primary moral concern of Care, focusing on the person's well-being and access needs. The lack of a ramp or alternative access highlights this concern.",,,,,2339,70,0,2409,"{""label"":""Care"",""confidence"":85,""brief_reason"":""The image shows a person in a wheelchair facing a staircase, suggesting a concern for accessibility and the need for support or accommodation. This indicates a primary moral concern of Care, focusing on the person's well-being and access needs. The lack of a ramp or alternative access highlights this concern.""}",
prompt-results-v1,visual-cue-prompt-pilot-v1,010ecf86752795948c65f735a12ca5ef23a0b79726346feeeec6b2e8a0d97fd9,20260905,4abacadab7776f19f410667a58dab254f25527fef3a254f29b2f95a6ed48d37c,bb05c7bbe583ba0228e147c6447384e34a17be20e8dfb6ed1f084cb1bac08ad3,,12,1,4,3,p2,p2-blind-nonoverlap-cues-v1-2026-09-05,482dce5b0ed5faf3ec20bdf32b51d0eb2212e901d18dde12a59c1f710160df8d,b0df04e619c332a72d33e5061a92e225ef3b9a537c9dcb40ee78e063f56dfcdd,g-1,g-1.png,images/g-1.png,943338cbf3221f686e7f8eab88ffc3c7ca097f6fc19aae82b4af59fa203117af,gpt4o,OpenAI,gpt-4o,gpt-4o-2024-08-06,2.48.0,0,{},high,2026-09-06T00:15:23.750856+00:00,2026-09-06T00:15:28.426913+00:00,4.676,1,success,Fairness,85,"The image shows a person in a wheelchair facing a staircase without an accessible ramp, indicating a lack of equitable access to the building. This suggests a primary concern with fairness and equal opportunity.",,,,,2515,52,0,2567,"{""label"":""Fairness"",""confidence"":85,""brief_reason"":""The image shows a person in a wheelchair facing a staircase without an accessible ramp, indicating a lack of equitable access to the building. This suggests a primary concern with fairness and equal opportunity.""}",
prompt-results-v1,visual-cue-prompt-pilot-v1,010ecf86752795948c65f735a12ca5ef23a0b79726346feeeec6b2e8a0d97fd9,20260905,4abacadab7776f19f410667a58dab254f25527fef3a254f29b2f95a6ed48d37c,8ff6654af4ddb83f28ca2d27fc8879ee323a274dfc8fc87f21619035a6975e23,,13,1,5,1,p2,p2-blind-nonoverlap-cues-v1-2026-09-05,482dce5b0ed5faf3ec20bdf32b51d0eb2212e901d18dde12a59c1f710160df8d,b0df04e619c332a72d33e5061a92e225ef3b9a537c9dcb40ee78e063f56dfcdd,35-3,35-3.jpg,images/35-3.jpg,10205cc5ff7b04e752488d2961e48affc5f0a07ee8b10d130097b4f6c44be1db,gpt4o,OpenAI,gpt-4o,gpt-4o-2024-08-06,2.48.0,0,{},high,2026-09-06T00:15:28.955381+00:00,2026-09-06T00:15:33.244164+00:00,4.289,1,success,None of these / Not clearly moral in nature,95,"The image depicts a wedding celebration with people dressed formally, smiling, and clapping. There is no clear moral concern such as care, harm, fairness, or any other category visibly conveyed. It appears to be a joyful social event without a specific moral issue highlighted.",,,,,2175,75,0,2250,"{""label"":""None of these / Not clearly moral in nature"",""confidence"":95,""brief_reason"":""The image depicts a wedding celebration with people dressed formally, smiling, and clapping. There is no clear moral concern such as care, harm, fairness, or any other category visibly conveyed. It appears to be a joyful social event without a specific moral issue highlighted.""}",
prompt-results-v1,visual-cue-prompt-pilot-v1,010ecf86752795948c65f735a12ca5ef23a0b79726346feeeec6b2e8a0d97fd9,20260905,4abacadab7776f19f410667a58dab254f25527fef3a254f29b2f95a6ed48d37c,c3d56c4de27df86192542746d8dc3c9bba45bcd69b4bd452294c6c6d47da75de,,14,1,5,2,p0,p0-baseline-v2,1c1a1676abde21bda6ea8cf6eef5a6ca2bb99ecef928005f0fe5aed4769d0fa1,b0df04e619c332a72d33e5061a92e225ef3b9a537c9dcb40ee78e063f56dfcdd,35-3,35-3.jpg,images/35-3.jpg,10205cc5ff7b04e752488d2961e48affc5f0a07ee8b10d130097b4f6c44be1db,gpt4o,OpenAI,gpt-4o,gpt-4o-2024-08-06,2.48.0,0,{},high,2026-09-06T00:15:33.772317+00:00,2026-09-06T00:15:37.350641+00:00,3.578,1,success,None of these / Not clearly moral in nature,95,"The image depicts a wedding celebration with people dressed formally, smiling, and clapping. There is no clear moral concern such as care, harm, fairness, or any other category visibly conveyed. The scene appears to be a joyful social event without evident moral implications.",,,,,1768,74,0,1842,"{""label"":""None of these / Not clearly moral in nature"",""confidence"":95,""brief_reason"":""The image depicts a wedding celebration with people dressed formally, smiling, and clapping. There is no clear moral concern such as care, harm, fairness, or any other category visibly conveyed. The scene appears to be a joyful social event without evident moral implications.""}",
prompt-results-v1,visual-cue-prompt-pilot-v1,010ecf86752795948c65f735a12ca5ef23a0b79726346feeeec6b2e8a0d97fd9,20260905,4abacadab7776f19f410667a58dab254f25527fef3a254f29b2f95a6ed48d37c,32e9ff6862eb243825844a74660ea984618cb4106e631eb65e3a938664a8b4b1,,15,1,5,3,p1,p1-structured-control-v1-2026-09-05,b9621814e5a2bb839e6f399c5bf42940989a14efca909b15427ab68e3ae9432d,b0df04e619c332a72d33e5061a92e225ef3b9a537c9dcb40ee78e063f56dfcdd,35-3,35-3.jpg,images/35-3.jpg,10205cc5ff7b04e752488d2961e48affc5f0a07ee8b10d130097b4f6c44be1db,gpt4o,OpenAI,gpt-4o,gpt-4o-2024-08-06,2.48.0,0,{},high,2026-09-06T00:15:37.881803+00:00,2026-09-06T00:15:41.079895+00:00,3.198,1,success,None of these / Not clearly moral in nature,95,"The image depicts a wedding celebration with people dressed formally, smiling, and clapping. There is no clear moral concern such as care, harm, fairness, or any other category visibly conveyed. It appears to be a joyful social event without a specific moral issue highlighted.",,,,,1999,75,0,2074,"{""label"":""None of these / Not clearly moral in nature"",""confidence"":95,""brief_reason"":""The image depicts a wedding celebration with people dressed formally, smiling, and clapping. There is no clear moral concern such as care, harm, fairness, or any other category visibly conveyed. It appears to be a joyful social event without a specific moral issue highlighted.""}",
prompt-results-v1,visual-cue-prompt-pilot-v1,010ecf86752795948c65f735a12ca5ef23a0b79726346feeeec6b2e8a0d97fd9,20260905,4abacadab7776f19f410667a58dab254f25527fef3a254f29b2f95a6ed48d37c,00c79c2e70d24f44f19aa70afc66ee1de1e9bc40f00f88bcde8de60ab6a2d975,,16,1,6,1,p0,p0-baseline-v2,1c1a1676abde21bda6ea8cf6eef5a6ca2bb99ecef928005f0fe5aed4769d0fa1,b0df04e619c332a72d33e5061a92e225ef3b9a537c9dcb40ee78e063f56dfcdd,25-2,25-2.jpg,images/25-2.jpg,f2c8b7b650119d1d77c11d0589ceb662f0e41da70262e74f89249661c27fd484,gpt4o,OpenAI,gpt-4o,gpt-4o-2024-08-06,2.48.0,0,{},high,2026-09-06T00:15:41.612264+00:00,2026-09-06T00:15:45.086013+00:00,3.474,1,success,Loyalty,85,"The image shows a group of people marching together with a large rainbow flag, suggesting solidarity and support for a cause or community. The presence of the flag and the unified action of the group indicate a primary concern of loyalty to a shared identity or movement. While subversion could be plausible due to the protest nature, the emphasis on unity and support is stronger.",,,,,1768,87,0,1855,"{""label"":""Loyalty"",""confidence"":85,""brief_reason"":""The image shows a group of people marching together with a large rainbow flag, suggesting solidarity and support for a cause or community. The presence of the flag and the unified action of the group indicate a primary concern of loyalty to a shared identity or movement. While subversion could be plausible due to the protest nature, the emphasis on unity and support is stronger.""}",
prompt-results-v1,visual-cue-prompt-pilot-v1,010ecf86752795948c65f735a12ca5ef23a0b79726346feeeec6b2e8a0d97fd9,20260905,4abacadab7776f19f410667a58dab254f25527fef3a254f29b2f95a6ed48d37c,0b241f562643e26502cf6e8cd9c2ebd35458a2cbc38716a2e6aa858911b168fc,,17,1,6,2,p1,p1-structured-control-v1-2026-09-05,b9621814e5a2bb839e6f399c5bf42940989a14efca909b15427ab68e3ae9432d,b0df04e619c332a72d33e5061a92e225ef3b9a537c9dcb40ee78e063f56dfcdd,25-2,25-2.jpg,images/25-2.jpg,f2c8b7b650119d1d77c11d0589ceb662f0e41da70262e74f89249661c27fd484,gpt4o,OpenAI,gpt-4o,gpt-4o-2024-08-06,2.48.0,0,{},high,2026-09-06T00:15:45.612607+00:00,2026-09-06T00:15:49.290059+00:00,3.677,1,success,Loyalty,85,"The image shows a group of people marching together with a large rainbow flag, suggesting solidarity and support for a cause. The presence of the flag and the unified action of the group indicate a commitment to a shared identity or movement, which aligns with the concept of Loyalty. The primary moral concern appears to be the expression of allegiance to a community or cause.",,,,,1999,86,0,2085,"{""label"":""Loyalty"",""confidence"":85,""brief_reason"":""The image shows a group of people marching together with a large rainbow flag, suggesting solidarity and support for a cause. The presence of the flag and the unified action of the group indicate a commitment to a shared identity or movement, which aligns with the concept of Loyalty. The primary moral concern appears to be the expression of allegiance to a community or cause.""}",
prompt-results-v1,visual-cue-prompt-pilot-v1,010ecf86752795948c65f735a12ca5ef23a0b79726346feeeec6b2e8a0d97fd9,20260905,4abacadab7776f19f410667a58dab254f25527fef3a254f29b2f95a6ed48d37c,2ebaf1be8ca9c7d858897e70e43b2fb30c5e69bd45a016b6eb3edfec8925c782,,18,1,6,3,p2,p2-blind-nonoverlap-cues-v1-2026-09-05,482dce5b0ed5faf3ec20bdf32b51d0eb2212e901d18dde12a59c1f710160df8d,b0df04e619c332a72d33e5061a92e225ef3b9a537c9dcb40ee78e063f56dfcdd,25-2,25-2.jpg,images/25-2.jpg,f2c8b7b650119d1d77c11d0589ceb662f0e41da70262e74f89249661c27fd484,gpt4o,OpenAI,gpt-4o,gpt-4o-2024-08-06,2.48.0,0,{},high,2026-09-06T00:15:49.821064+00:00,2026-09-06T00:15:53.518318+00:00,3.697,1,success,Loyalty,85,"The image shows a group of people marching together with a large rainbow flag, suggesting solidarity and support for a cause. The presence of the flag and the unified action of the group indicate a commitment to a shared identity or movement, which aligns with the concept of Loyalty. There is no clear evidence of other moral concerns such as Harm or Fairness.",,,,,2175,85,0,2260,"{""label"":""Loyalty"",""confidence"":85,""brief_reason"":""The image shows a group of people marching together with a large rainbow flag, suggesting solidarity and support for a cause. The presence of the flag and the unified action of the group indicate a commitment to a shared identity or movement, which aligns with the concept of Loyalty. There is no clear evidence of other moral concerns such as Harm or Fairness.""}",
prompt-results-v1,visual-cue-prompt-pilot-v1,010ecf86752795948c65f735a12ca5ef23a0b79726346feeeec6b2e8a0d97fd9,20260905,4abacadab7776f19f410667a58dab254f25527fef3a254f29b2f95a6ed48d37c,a685909c1eba52a0b59a8534a2fc454e3a47c0442bbce98b5b9b013e3b27cc32,,19,1,7,1,p1,p1-structured-control-v1-2026-09-05,b9621814e5a2bb839e6f399c5bf42940989a14efca909b15427ab68e3ae9432d,b0df04e619c332a72d33e5061a92e225ef3b9a537c9dcb40ee78e063f56dfcdd,34-4,34-4.jpg,images/34-4.jpg,54b77dd8508b18cc320701e2e5d4c650978915a6fa05d172f0e86ddea6abe0a1,gpt4o,OpenAI,gpt-4o,gpt-4o-2024-08-06,2.48.0,0,{},high,2026-09-06T00:15:54.051578+00:00,2026-09-06T00:15:58.129104+00:00,4.078,1,success,Harm,90,"The image shows a person in a confined, monitored space with signs indicating stress and critical conditions. The setting suggests potential emotional or physical suffering, making Harm the primary moral concern.",,,,,1999,50,0,2049,"{""label"":""Harm"",""confidence"":90,""brief_reason"":""The image shows a person in a confined, monitored space with signs indicating stress and critical conditions. The setting suggests potential emotional or physical suffering, making Harm the primary moral concern.""}",
prompt-results-v1,visual-cue-prompt-pilot-v1,010ecf86752795948c65f735a12ca5ef23a0b79726346feeeec6b2e8a0d97fd9,20260905,4abacadab7776f19f410667a58dab254f25527fef3a254f29b2f95a6ed48d37c,2c3aa4ed3e304ef9055560e0506fae409f9eaa2e6b41b3fc81ec058e76bd5dd2,,20,1,7,2,p2,p2-blind-nonoverlap-cues-v1-2026-09-05,482dce5b0ed5faf3ec20bdf32b51d0eb2212e901d18dde12a59c1f710160df8d,b0df04e619c332a72d33e5061a92e225ef3b9a537c9dcb40ee78e063f56dfcdd,34-4,34-4.jpg,images/34-4.jpg,54b77dd8508b18cc320701e2e5d4c650978915a6fa05d172f0e86ddea6abe0a1,gpt4o,OpenAI,gpt-4o,gpt-4o-2024-08-06,2.48.0,0,{},high,2026-09-06T00:15:58.654067+00:00,2026-09-06T00:16:02.514317+00:00,3.86,1,success,Harm,90,"The image shows a person in a confined, deteriorating room, monitored by cameras, with signs indicating stress and protocol failure. The setting suggests a lack of care and potential emotional or physical harm, as the person appears vulnerable and isolated.",,,,,2175,62,0,2237,"{""label"":""Harm"",""confidence"":90,""brief_reason"":""The image shows a person in a confined, deteriorating room, monitored by cameras, with signs indicating stress and protocol failure. The setting suggests a lack of care and potential emotional or physical harm, as the person appears vulnerable and isolated.""}",
prompt-results-v1,visual-cue-prompt-pilot-v1,010ecf86752795948c65f735a12ca5ef23a0b79726346feeeec6b2e8a0d97fd9,20260905,4abacadab7776f19f410667a58dab254f25527fef3a254f29b2f95a6ed48d37c,8f07f4c117d5c6afa92332f2c8942c88b7d0160e2c8f20e15a0ce4117f80424c,,21,1,7,3,p0,p0-baseline-v2,1c1a1676abde21bda6ea8cf6eef5a6ca2bb99ecef928005f0fe5aed4769d0fa1,b0df04e619c332a72d33e5061a92e225ef3b9a537c9dcb40ee78e063f56dfcdd,34-4,34-4.jpg,images/34-4.jpg,54b77dd8508b18cc320701e2e5d4c650978915a6fa05d172f0e86ddea6abe0a1,gpt4o,OpenAI,gpt-4o,gpt-4o-2024-08-06,2.48.0,0,{},high,2026-09-06T00:16:03.046676+00:00,2026-09-06T00:16:06.658830+00:00,3.612,1,success,Harm,90,"The image shows a person in a confined, monitored space with signs indicating stress and protocol failure. The environment suggests potential emotional or physical suffering, highlighting harm as the primary concern.",,,,,1768,50,0,1818,"{""label"":""Harm"",""confidence"":90,""brief_reason"":""The image shows a person in a confined, monitored space with signs indicating stress and protocol failure. The environment suggests potential emotional or physical suffering, highlighting harm as the primary concern.""}",
prompt-results-v1,visual-cue-prompt-pilot-v1,010ecf86752795948c65f735a12ca5ef23a0b79726346feeeec6b2e8a0d97fd9,20260905,4abacadab7776f19f410667a58dab254f25527fef3a254f29b2f95a6ed48d37c,2cad6299ccf7d6005f86fb753727b90b2a6ae6f935b25f2ccf06af5d807ce0a4,,22,1,8,1,p2,p2-blind-nonoverlap-cues-v1-2026-09-05,482dce5b0ed5faf3ec20bdf32b51d0eb2212e901d18dde12a59c1f710160df8d,b0df04e619c332a72d33e5061a92e225ef3b9a537c9dcb40ee78e063f56dfcdd,g-2,g-2.png,images/g-2.png,81625f82d1617b53b838379a4be27cbc819155fbabf5b2dc8260886504801ba6,gpt4o,OpenAI,gpt-4o,gpt-4o-2024-08-06,2.48.0,0,{},high,2026-09-06T00:16:07.186092+00:00,2026-09-06T00:16:10.544107+00:00,3.358,1,success,Fairness,90,The image shows a group of people discussing a 'Gender Parity Testing Framework' as part of an 'AI Fairness Initiative.' The focus on testing for gender parity and fairness in datasets indicates a primary concern with fairness and equality.,,,,,2515,61,0,2576,"{""label"":""Fairness"",""confidence"":90,""brief_reason"":""The image shows a group of people discussing a 'Gender Parity Testing Framework' as part of an 'AI Fairness Initiative.' The focus on testing for gender parity and fairness in datasets indicates a primary concern with fairness and equality.""}",
prompt-results-v1,visual-cue-prompt-pilot-v1,010ecf86752795948c65f735a12ca5ef23a0b79726346feeeec6b2e8a0d97fd9,20260905,4abacadab7776f19f410667a58dab254f25527fef3a254f29b2f95a6ed48d37c,61410734c5301a19845b9931df2af439f2f373edec9e9739e32bf3884bcc3dfd,,23,1,8,2,p0,p0-baseline-v2,1c1a1676abde21bda6ea8cf6eef5a6ca2bb99ecef928005f0fe5aed4769d0fa1,b0df04e619c332a72d33e5061a92e225ef3b9a537c9dcb40ee78e063f56dfcdd,g-2,g-2.png,images/g-2.png,81625f82d1617b53b838379a4be27cbc819155fbabf5b2dc8260886504801ba6,gpt4o,OpenAI,gpt-4o,gpt-4o-2024-08-06,2.48.0,0,{},high,2026-09-06T00:16:11.076815+00:00,2026-09-06T00:16:14.673662+00:00,3.597,1,success,Fairness,95,The image shows a group of people discussing a 'Gender Parity Testing Framework' as part of an 'AI Fairness Initiative.' The focus on gender parity and fairness testing indicates a primary concern with ensuring justice and equality in AI systems.,,,,,2108,62,0,2170,"{""label"":""Fairness"",""confidence"":95,""brief_reason"":""The image shows a group of people discussing a 'Gender Parity Testing Framework' as part of an 'AI Fairness Initiative.' The focus on gender parity and fairness testing indicates a primary concern with ensuring justice and equality in AI systems.""}",
prompt-results-v1,visual-cue-prompt-pilot-v1,010ecf86752795948c65f735a12ca5ef23a0b79726346feeeec6b2e8a0d97fd9,20260905,4abacadab7776f19f410667a58dab254f25527fef3a254f29b2f95a6ed48d37c,1b5a57114e785da2f93191e5673a5fa6f1abffa205cb37c19f52be3afc7f4fc8,,24,1,8,3,p1,p1-structured-control-v1-2026-09-05,b9621814e5a2bb839e6f399c5bf42940989a14efca909b15427ab68e3ae9432d,b0df04e619c332a72d33e5061a92e225ef3b9a537c9dcb40ee78e063f56dfcdd,g-2,g-2.png,images/g-2.png,81625f82d1617b53b838379a4be27cbc819155fbabf5b2dc8260886504801ba6,gpt4o,OpenAI,gpt-4o,gpt-4o-2024-08-06,2.48.0,0,{},high,2026-09-06T00:16:15.206614+00:00,2026-09-06T00:16:18.707066+00:00,3.501,1,success,Fairness,95,The image shows a group of people discussing a 'Gender Parity Testing Framework' as part of an 'AI Fairness Initiative.' The focus on testing for gender parity and fairness in datasets indicates a primary concern with fairness and equality.,,,,,2339,61,0,2400,"{""label"":""Fairness"",""confidence"":95,""brief_reason"":""The image shows a group of people discussing a 'Gender Parity Testing Framework' as part of an 'AI Fairness Initiative.' The focus on testing for gender parity and fairness in datasets indicates a primary concern with fairness and equality.""}",
prompt-results-v1,visual-cue-prompt-pilot-v1,010ecf86752795948c65f735a12ca5ef23a0b79726346feeeec6b2e8a0d97fd9,20260905,4abacadab7776f19f410667a58dab254f25527fef3a254f29b2f95a6ed48d37c,0eed0013a93c371f77dea7c1086dead0f7fbf71cbaef338d8abda58ab3e7cba8,,25,1,9,1,p1,p1-structured-control-v1-2026-09-05,b9621814e5a2bb839e6f399c5bf42940989a14efca909b15427ab68e3ae9432d,b0df04e619c332a72d33e5061a92e225ef3b9a537c9dcb40ee78e063f56dfcdd,7-2,7-2.jpg,images/7-2.jpg,f05fbbbb98ff0f700f0dd0c5f9cb1d846a5f597327839a92b88e1fcef6ffbd63,gpt4o,OpenAI,gpt-4o,gpt-4o-2024-08-06,2.48.0,0,{},high,2026-09-06T00:16:19.234178+00:00,2026-09-06T00:16:20.757405+00:00,1.523,1,success,Respect / Authority,90,"The image shows two people bowing to each other in a formal setting, which is a gesture of respect. This suggests a primary moral concern of respect for social roles or traditions.",,,,,2339,52,0,2391,"{""label"":""Respect / Authority"",""confidence"":90,""brief_reason"":""The image shows two people bowing to each other in a formal setting, which is a gesture of respect. This suggests a primary moral concern of respect for social roles or traditions.""}",
prompt-results-v1,visual-cue-prompt-pilot-v1,010ecf86752795948c65f735a12ca5ef23a0b79726346feeeec6b2e8a0d97fd9,20260905,4abacadab7776f19f410667a58dab254f25527fef3a254f29b2f95a6ed48d37c,42fbd1c6f9168ac8d0019e96c14f4f4419f9a0196cc9f2f2631ebb805821fe48,,26,1,9,2,p2,p2-blind-nonoverlap-cues-v1-2026-09-05,482dce5b0ed5faf3ec20bdf32b51d0eb2212e901d18dde12a59c1f710160df8d,b0df04e619c332a72d33e5061a92e225ef3b9a537c9dcb40ee78e063f56dfcdd,7-2,7-2.jpg,images/7-2.jpg,f05fbbbb98ff0f700f0dd0c5f9cb1d846a5f597327839a92b88e1fcef6ffbd63,gpt4o,OpenAI,gpt-4o,gpt-4o-2024-08-06,2.48.0,0,{},high,2026-09-06T00:16:21.285500+00:00,2026-09-06T00:16:22.633012+00:00,1.348,1,success,Respect / Authority,90,"The image shows two people bowing to each other, which is a gesture of respect. The setting appears formal, suggesting a professional or cultural context where respect for authority or social roles is important.",,,,,2515,55,0,2570,"{""label"":""Respect / Authority"",""confidence"":90,""brief_reason"":""The image shows two people bowing to each other, which is a gesture of respect. The setting appears formal, suggesting a professional or cultural context where respect for authority or social roles is important.""}",
prompt-results-v1,visual-cue-prompt-pilot-v1,010ecf86752795948c65f735a12ca5ef23a0b79726346feeeec6b2e8a0d97fd9,20260905,4abacadab7776f19f410667a58dab254f25527fef3a254f29b2f95a6ed48d37c,8744fdfe8e825cfa7188b0f69588628e2d0e58f32e7e74982a421866fe921569,,27,1,9,3,p0,p0-baseline-v2,1c1a1676abde21bda6ea8cf6eef5a6ca2bb99ecef928005f0fe5aed4769d0fa1,b0df04e619c332a72d33e5061a92e225ef3b9a537c9dcb40ee78e063f56dfcdd,7-2,7-2.jpg,images/7-2.jpg,f05fbbbb98ff0f700f0dd0c5f9cb1d846a5f597327839a92b88e1fcef6ffbd63,gpt4o,OpenAI,gpt-4o,gpt-4o-2024-08-06,2.48.0,0,{},high,2026-09-06T00:16:23.161835+00:00,2026-09-06T00:16:26.110612+00:00,2.949,1,success,Respect / Authority,90,"The image shows two individuals bowing to each other, which is a gesture commonly associated with respect and acknowledgment of social roles or hierarchy. This suggests a primary moral concern of respect for authority or social norms.",,,,,2108,57,0,2165,"{""label"":""Respect / Authority"",""confidence"":90,""brief_reason"":""The image shows two individuals bowing to each other, which is a gesture commonly associated with respect and acknowledgment of social roles or hierarchy. This suggests a primary moral concern of respect for authority or social norms.""}",
prompt-results-v1,visual-cue-prompt-pilot-v1,010ecf86752795948c65f735a12ca5ef23a0b79726346feeeec6b2e8a0d97fd9,20260905,4abacadab7776f19f410667a58dab254f25527fef3a254f29b2f95a6ed48d37c,235c69758f52f3da23bfec4b37e24ca674154f28ff4c1fccf1f2393ae58caafe,,28,1,10,1,p0,p0-baseline-v2,1c1a1676abde21bda6ea8cf6eef5a6ca2bb99ecef928005f0fe5aed4769d0fa1,b0df04e619c332a72d33e5061a92e225ef3b9a537c9dcb40ee78e063f56dfcdd,9-2,9-2.jpg,images/9-2.jpg,62142986ca8108d3f29fee7e17e6af5650e1c7bdfdc9a95870bf910fa30abc0d,gpt4o,OpenAI,gpt-4o,gpt-4o-2024-08-06,2.48.0,0,{},high,2026-09-06T00:16:26.643918+00:00,2026-09-06T00:16:29.418916+00:00,2.775,1,success,Care,85,"The image shows a crowded living space with children and an adult, suggesting a situation where care and support are needed due to visible vulnerability and potential lack of resources. The primary moral concern appears to be the well-being of the individuals in this environment. Fairness could be considered due to the living conditions, but the focus on care is more evident.",,,,,2108,83,0,2191,"{""label"":""Care"",""confidence"":85,""brief_reason"":""The image shows a crowded living space with children and an adult, suggesting a situation where care and support are needed due to visible vulnerability and potential lack of resources. The primary moral concern appears to be the well-being of the individuals in this environment. Fairness could be considered due to the living conditions, but the focus on care is more evident.""}",
prompt-results-v1,visual-cue-prompt-pilot-v1,010ecf86752795948c65f735a12ca5ef23a0b79726346feeeec6b2e8a0d97fd9,20260905,4abacadab7776f19f410667a58dab254f25527fef3a254f29b2f95a6ed48d37c,44fa3adb1638e2d2693d56ad5feaee9c06870d26e4d9923db3c77f1d5f8833a3,,29,1,10,2,p1,p1-structured-control-v1-2026-09-05,b9621814e5a2bb839e6f399c5bf42940989a14efca909b15427ab68e3ae9432d,b0df04e619c332a72d33e5061a92e225ef3b9a537c9dcb40ee78e063f56dfcdd,9-2,9-2.jpg,images/9-2.jpg,62142986ca8108d3f29fee7e17e6af5650e1c7bdfdc9a95870bf910fa30abc0d,gpt4o,OpenAI,gpt-4o,gpt-4o-2024-08-06,2.48.0,0,{},high,2026-09-06T00:16:29.948695+00:00,2026-09-06T00:16:32.638637+00:00,2.69,1,success,Care,85,"The image shows a crowded living space with children and an adult, suggesting a situation where care and support are important due to visible vulnerability and need for well-being. The presence of children in a cluttered environment indicates a primary concern for their welfare.",,,,,2339,63,0,2402,"{""label"":""Care"",""confidence"":85,""brief_reason"":""The image shows a crowded living space with children and an adult, suggesting a situation where care and support are important due to visible vulnerability and need for well-being. The presence of children in a cluttered environment indicates a primary concern for their welfare.""}",
prompt-results-v1,visual-cue-prompt-pilot-v1,010ecf86752795948c65f735a12ca5ef23a0b79726346feeeec6b2e8a0d97fd9,20260905,4abacadab7776f19f410667a58dab254f25527fef3a254f29b2f95a6ed48d37c,659d288834374fc7f0477bad74baf587fea5b08532c9d952a8b35426c806f425,,30,1,10,3,p2,p2-blind-nonoverlap-cues-v1-2026-09-05,482dce5b0ed5faf3ec20bdf32b51d0eb2212e901d18dde12a59c1f710160df8d,b0df04e619c332a72d33e5061a92e225ef3b9a537c9dcb40ee78e063f56dfcdd,9-2,9-2.jpg,images/9-2.jpg,62142986ca8108d3f29fee7e17e6af5650e1c7bdfdc9a95870bf910fa30abc0d,gpt4o,OpenAI,gpt-4o,gpt-4o-2024-08-06,2.48.0,0,{},high,2026-09-06T00:16:33.166265+00:00,2026-09-06T00:16:35.500104+00:00,2.334,1,success,Care,85,"The image shows a crowded living space with children and an adult, suggesting a situation where care and support are needed due to visible vulnerability and potential need for better living conditions. The primary concern appears to be the well-being of the individuals in this environment.",,,,,2515,64,0,2579,"{""label"":""Care"",""confidence"":85,""brief_reason"":""The image shows a crowded living space with children and an adult, suggesting a situation where care and support are needed due to visible vulnerability and potential need for better living conditions. The primary concern appears to be the well-being of the individuals in this environment.""}",
prompt-results-v1,visual-cue-prompt-pilot-v1,010ecf86752795948c65f735a12ca5ef23a0b79726346feeeec6b2e8a0d97fd9,20260905,4abacadab7776f19f410667a58dab254f25527fef3a254f29b2f95a6ed48d37c,2d05d011a7770663bf72155cc12be17960e987ca744cf017ebbe13fd877dabc3,,31,1,11,1,p0,p0-baseline-v2,1c1a1676abde21bda6ea8cf6eef5a6ca2bb99ecef928005f0fe5aed4769d0fa1,b0df04e619c332a72d33e5061a92e225ef3b9a537c9dcb40ee78e063f56dfcdd,3-1,3-1.jpg,images/3-1.jpg,6d4b129168c70ae11059197ac5a1d1784bd9673b751937d98539e1347809284a,gpt4o,OpenAI,gpt-4o,gpt-4o-2024-08-06,2.48.0,0,{},high,2026-09-06T00:16:36.026055+00:00,2026-09-06T00:16:37.243475+00:00,1.217,1,success,Care,90,"The image shows a group of people gathered around a casket, with visible expressions of grief and support. The primary moral concern is the care and compassion for those mourning, as they are comforting each other in a moment of vulnerability and loss.",,,,,1428,62,0,1490,"{""label"":""Care"",""confidence"":90,""brief_reason"":""The image shows a group of people gathered around a casket, with visible expressions of grief and support. The primary moral concern is the care and compassion for those mourning, as they are comforting each other in a moment of vulnerability and loss.""}",
prompt-results-v1,visual-cue-prompt-pilot-v1,010ecf86752795948c65f735a12ca5ef23a0b79726346feeeec6b2e8a0d97fd9,20260905,4abacadab7776f19f410667a58dab254f25527fef3a254f29b2f95a6ed48d37c,6fda47af14976e0436d1a395b3341d3772415da3cc1a652f919375170047352c,,32,1,11,2,p1,p1-structured-control-v1-2026-09-05,b9621814e5a2bb839e6f399c5bf42940989a14efca909b15427ab68e3ae9432d,b0df04e619c332a72d33e5061a92e225ef3b9a537c9dcb40ee78e063f56dfcdd,3-1,3-1.jpg,images/3-1.jpg,6d4b129168c70ae11059197ac5a1d1784bd9673b751937d98539e1347809284a,gpt4o,OpenAI,gpt-4o,gpt-4o-2024-08-06,2.48.0,0,{},high,2026-09-06T00:16:37.769444+00:00,2026-09-06T00:16:38.894732+00:00,1.125,1,success,Care,90,"The image shows people comforting and supporting a grieving individual at a funeral, indicating concern for her well-being and emotional support.",,,,,1659,38,0,1697,"{""label"":""Care"",""confidence"":90,""brief_reason"":""The image shows people comforting and supporting a grieving individual at a funeral, indicating concern for her well-being and emotional support.""}",
prompt-results-v1,visual-cue-prompt-pilot-v1,010ecf86752795948c65f735a12ca5ef23a0b79726346feeeec6b2e8a0d97fd9,20260905,4abacadab7776f19f410667a58dab254f25527fef3a254f29b2f95a6ed48d37c,9aabca348765237b15e405900e8e5db4faf8a5232ff7969682abf0f93c684972,,33,1,11,3,p2,p2-blind-nonoverlap-cues-v1-2026-09-05,482dce5b0ed5faf3ec20bdf32b51d0eb2212e901d18dde12a59c1f710160df8d,b0df04e619c332a72d33e5061a92e225ef3b9a537c9dcb40ee78e063f56dfcdd,3-1,3-1.jpg,images/3-1.jpg,6d4b129168c70ae11059197ac5a1d1784bd9673b751937d98539e1347809284a,gpt4o,OpenAI,gpt-4o,gpt-4o-2024-08-06,2.48.0,0,{},high,2026-09-06T00:16:39.424801+00:00,2026-09-06T00:16:40.774747+00:00,1.35,1,success,Care,90,"The image shows people gathered around a casket, with visible expressions of grief and support. The primary moral concern is the care and compassion for those mourning, as others are comforting and supporting them.",,,,,1835,53,0,1888,"{""label"":""Care"",""confidence"":90,""brief_reason"":""The image shows people gathered around a casket, with visible expressions of grief and support. The primary moral concern is the care and compassion for those mourning, as others are comforting and supporting them.""}",
prompt-results-v1,visual-cue-prompt-pilot-v1,010ecf86752795948c65f735a12ca5ef23a0b79726346feeeec6b2e8a0d97fd9,20260905,4abacadab7776f19f410667a58dab254f25527fef3a254f29b2f95a6ed48d37c,1b3fc12943d7de3bf33c71ee3803e9fcfdd813c09193fafd39599a72343c7ef7,,34,1,12,1,p0,p0-baseline-v2,1c1a1676abde21bda6ea8cf6eef5a6ca2bb99ecef928005f0fe5aed4769d0fa1,b0df04e619c332a72d33e5061a92e225ef3b9a537c9dcb40ee78e063f56dfcdd,5-1,5-1.jpg,images/5-1.jpg,589bad34aefce12c54edbac3b2719b2364fea38829d953c2dd548960607a1ff1,gpt4o,OpenAI,gpt-4o,gpt-4o-2024-08-06,2.48.0,0,{},high,2026-09-06T00:16:41.301654+00:00,2026-09-06T00:16:42.810561+00:00,1.509,1,success,Care,90,"The image shows a crowd of people, including children, with expressions of distress and need. The primary moral concern is the visible vulnerability and need for support, indicating a concern for their well-being.",,,,,1768,53,0,1821,"{""label"":""Care"",""confidence"":90,""brief_reason"":""The image shows a crowd of people, including children, with expressions of distress and need. The primary moral concern is the visible vulnerability and need for support, indicating a concern for their well-being.""}",
prompt-results-v1,visual-cue-prompt-pilot-v1,010ecf86752795948c65f735a12ca5ef23a0b79726346feeeec6b2e8a0d97fd9,20260905,4abacadab7776f19f410667a58dab254f25527fef3a254f29b2f95a6ed48d37c,6167377fc293ed685a4f60360cf4626b2fd0d89ed3b255bceb457aaceae18feb,,35,1,12,2,p1,p1-structured-control-v1-2026-09-05,b9621814e5a2bb839e6f399c5bf42940989a14efca909b15427ab68e3ae9432d,b0df04e619c332a72d33e5061a92e225ef3b9a537c9dcb40ee78e063f56dfcdd,5-1,5-1.jpg,images/5-1.jpg,589bad34aefce12c54edbac3b2719b2364fea38829d953c2dd548960607a1ff1,gpt4o,OpenAI,gpt-4o,gpt-4o-2024-08-06,2.48.0,0,{},high,2026-09-06T00:16:43.336228+00:00,2026-09-06T00:16:45.324975+00:00,1.989,1,success,Care,90,"The image shows a crowd of people, including children, with expressions of distress and need. The primary moral concern is the visible vulnerability and need for support, indicating a concern for their well-being.",,,,,1999,53,0,2052,"{""label"":""Care"",""confidence"":90,""brief_reason"":""The image shows a crowd of people, including children, with expressions of distress and need. The primary moral concern is the visible vulnerability and need for support, indicating a concern for their well-being.""}",
prompt-results-v1,visual-cue-prompt-pilot-v1,010ecf86752795948c65f735a12ca5ef23a0b79726346feeeec6b2e8a0d97fd9,20260905,4abacadab7776f19f410667a58dab254f25527fef3a254f29b2f95a6ed48d37c,df3372a5595b0779a8da9d1dc4b3a66d4455fa20e03cfc4b230ff336bdc8e543,,36,1,12,3,p2,p2-blind-nonoverlap-cues-v1-2026-09-05,482dce5b0ed5faf3ec20bdf32b51d0eb2212e901d18dde12a59c1f710160df8d,b0df04e619c332a72d33e5061a92e225ef3b9a537c9dcb40ee78e063f56dfcdd,5-1,5-1.jpg,images/5-1.jpg,589bad34aefce12c54edbac3b2719b2364fea38829d953c2dd548960607a1ff1,gpt4o,OpenAI,gpt-4o,gpt-4o-2024-08-06,2.48.0,0,{},high,2026-09-06T00:16:45.853767+00:00,2026-09-06T00:16:47.615013+00:00,1.761,1,success,Care,90,"The image shows a large group of people, including children, with expressions of distress and need. The primary moral concern is the visible vulnerability and need for support, indicating a concern for their well-being.",,,,,2175,54,0,2229,"{""label"":""Care"",""confidence"":90,""brief_reason"":""The image shows a large group of people, including children, with expressions of distress and need. The primary moral concern is the visible vulnerability and need for support, indicating a concern for their well-being.""}",
prompt-results-v1,visual-cue-prompt-pilot-v1,010ecf86752795948c65f735a12ca5ef23a0b79726346feeeec6b2e8a0d97fd9,20260905,4abacadab7776f19f410667a58dab254f25527fef3a254f29b2f95a6ed48d37c,0b59ff4821f301603d2fd337314fbee639def41c94c63a867bff2476802a2b51,,37,1,13,1,p1,p1-structured-control-v1-2026-09-05,b9621814e5a2bb839e6f399c5bf42940989a14efca909b15427ab68e3ae9432d,b0df04e619c332a72d33e5061a92e225ef3b9a537c9dcb40ee78e063f56dfcdd,15-3,15-3.jpg,images/15-3.jpg,6f28dbc5170e67ac96e4ab80c38be2299d567d14bc2e675cad060a9c0181f35c,gpt4o,OpenAI,gpt-4o,gpt-4o-2024-08-06,2.48.0,0,{},high,2026-09-06T00:16:48.148797+00:00,2026-09-06T00:16:54.475822+00:00,6.327,1,success,Care,85,"The presence of a person in a Red Cross vest suggests a focus on providing aid or support, indicating a concern for the well-being of others. The military personnel and individuals with bandages imply a situation where care or assistance is needed.",,,,,2339,61,0,2400,"{""label"":""Care"",""confidence"":85,""brief_reason"":""The presence of a person in a Red Cross vest suggests a focus on providing aid or support, indicating a concern for the well-being of others. The military personnel and individuals with bandages imply a situation where care or assistance is needed.""}",
prompt-results-v1,visual-cue-prompt-pilot-v1,010ecf86752795948c65f735a12ca5ef23a0b79726346feeeec6b2e8a0d97fd9,20260905,4abacadab7776f19f410667a58dab254f25527fef3a254f29b2f95a6ed48d37c,f277564dcd2827ab5d8a6fb34894176c17d2de1b6f8b37af0221c0db4ec97833,,38,1,13,2,p2,p2-blind-nonoverlap-cues-v1-2026-09-05,482dce5b0ed5faf3ec20bdf32b51d0eb2212e901d18dde12a59c1f710160df8d,b0df04e619c332a72d33e5061a92e225ef3b9a537c9dcb40ee78e063f56dfcdd,15-3,15-3.jpg,images/15-3.jpg,6f28dbc5170e67ac96e4ab80c38be2299d567d14bc2e675cad060a9c0181f35c,gpt4o,OpenAI,gpt-4o,gpt-4o-2024-08-06,2.48.0,0,{},high,2026-09-06T00:16:55.007520+00:00,2026-09-06T00:17:01.294310+00:00,6.287,1,success,Care,85,"The presence of a person in a Red Cross vest suggests a focus on providing aid or support, indicating a concern for the well-being of others. The military personnel and individuals with bandages imply a situation where care or assistance is needed.",,,,,2515,61,0,2576,"{""label"":""Care"",""confidence"":85,""brief_reason"":""The presence of a person in a Red Cross vest suggests a focus on providing aid or support, indicating a concern for the well-being of others. The military personnel and individuals with bandages imply a situation where care or assistance is needed.""}",
prompt-results-v1,visual-cue-prompt-pilot-v1,010ecf86752795948c65f735a12ca5ef23a0b79726346feeeec6b2e8a0d97fd9,20260905,4abacadab7776f19f410667a58dab254f25527fef3a254f29b2f95a6ed48d37c,59f5f45d386b7d16b3736eea7cf402e93461be22a912636664236e14ecb7c18a,,39,1,13,3,p0,p0-baseline-v2,1c1a1676abde21bda6ea8cf6eef5a6ca2bb99ecef928005f0fe5aed4769d0fa1,b0df04e619c332a72d33e5061a92e225ef3b9a537c9dcb40ee78e063f56dfcdd,15-3,15-3.jpg,images/15-3.jpg,6f28dbc5170e67ac96e4ab80c38be2299d567d14bc2e675cad060a9c0181f35c,gpt4o,OpenAI,gpt-4o,gpt-4o-2024-08-06,2.48.0,0,{},high,2026-09-06T00:17:01.825820+00:00,2026-09-06T00:17:07.351192+00:00,5.525,1,success,Care,85,"The presence of a person in a Red Cross vest suggests a focus on providing aid or support, indicating a concern for the well-being of others. The bandaged individuals imply a need for care or assistance.",,,,,2108,55,0,2163,"{""label"":""Care"",""confidence"":85,""brief_reason"":""The presence of a person in a Red Cross vest suggests a focus on providing aid or support, indicating a concern for the well-being of others. The bandaged individuals imply a need for care or assistance.""}",
prompt-results-v1,visual-cue-prompt-pilot-v1,010ecf86752795948c65f735a12ca5ef23a0b79726346feeeec6b2e8a0d97fd9,20260905,4abacadab7776f19f410667a58dab254f25527fef3a254f29b2f95a6ed48d37c,5b3b3cebec2cbe3f0f5f11b251802c4cd75702adaa6f465f14f611d1fd37a59f,,40,1,14,1,p1,p1-structured-control-v1-2026-09-05,b9621814e5a2bb839e6f399c5bf42940989a14efca909b15427ab68e3ae9432d,b0df04e619c332a72d33e5061a92e225ef3b9a537c9dcb40ee78e063f56dfcdd,1-1,1-1.jpg,images/1-1.jpg,16c8b6ef21bd106f6229643ab02fee435a73563485160c64d5eac9e5c19d2f44,gpt4o,OpenAI,gpt-4o,gpt-4o-2024-08-06,2.48.0,0,{},high,2026-09-06T00:17:07.878788+00:00,2026-09-06T00:17:09.085040+00:00,1.206,1,success,Care,90,"The image shows a woman holding a laughing child, suggesting a nurturing and supportive interaction. The primary moral concern conveyed is care for the child's well-being and happiness. There is little ambiguity as the scene clearly depicts a positive, caring relationship.",,,,,1489,61,0,1550,"{""label"":""Care"",""confidence"":90,""brief_reason"":""The image shows a woman holding a laughing child, suggesting a nurturing and supportive interaction. The primary moral concern conveyed is care for the child's well-being and happiness. There is little ambiguity as the scene clearly depicts a positive, caring relationship.""}",
prompt-results-v1,visual-cue-prompt-pilot-v1,010ecf86752795948c65f735a12ca5ef23a0b79726346feeeec6b2e8a0d97fd9,20260905,4abacadab7776f19f410667a58dab254f25527fef3a254f29b2f95a6ed48d37c,9c1281fbd8eb4f556db1825e61f89b0fea44fbeba6d2bb90470f3148c733412a,,41,1,14,2,p2,p2-blind-nonoverlap-cues-v1-2026-09-05,482dce5b0ed5faf3ec20bdf32b51d0eb2212e901d18dde12a59c1f710160df8d,b0df04e619c332a72d33e5061a92e225ef3b9a537c9dcb40ee78e063f56dfcdd,1-1,1-1.jpg,images/1-1.jpg,16c8b6ef21bd106f6229643ab02fee435a73563485160c64d5eac9e5c19d2f44,gpt4o,OpenAI,gpt-4o,gpt-4o-2024-08-06,2.48.0,0,{},high,2026-09-06T00:17:09.610581+00:00,2026-09-06T00:17:10.826156+00:00,1.216,1,success,Care,90,"The image shows a woman and a child in a joyful interaction, suggesting a nurturing and supportive relationship. The child's laughter and the woman's gentle embrace indicate a concern for the child's well-being and happiness. There is little ambiguity in the depiction of care and affection.",,,,,1665,65,0,1730,"{""label"":""Care"",""confidence"":90,""brief_reason"":""The image shows a woman and a child in a joyful interaction, suggesting a nurturing and supportive relationship. The child's laughter and the woman's gentle embrace indicate a concern for the child's well-being and happiness. There is little ambiguity in the depiction of care and affection.""}",
prompt-results-v1,visual-cue-prompt-pilot-v1,010ecf86752795948c65f735a12ca5ef23a0b79726346feeeec6b2e8a0d97fd9,20260905,4abacadab7776f19f410667a58dab254f25527fef3a254f29b2f95a6ed48d37c,96daa3333f4bcac71f96c0496d5ffe5e23f7dfb09b953599c435c5f380a19d63,,42,1,14,3,p0,p0-baseline-v2,1c1a1676abde21bda6ea8cf6eef5a6ca2bb99ecef928005f0fe5aed4769d0fa1,b0df04e619c332a72d33e5061a92e225ef3b9a537c9dcb40ee78e063f56dfcdd,1-1,1-1.jpg,images/1-1.jpg,16c8b6ef21bd106f6229643ab02fee435a73563485160c64d5eac9e5c19d2f44,gpt4o,OpenAI,gpt-4o,gpt-4o-2024-08-06,2.48.0,0,{},high,2026-09-06T00:17:11.351650+00:00,2026-09-06T00:17:12.725662+00:00,1.374,1,success,Care,90,"The image shows a woman holding a laughing child, suggesting a nurturing and supportive interaction. The primary moral concern is the well-being and happiness of the child, indicating Care.",,,,,1258,48,0,1306,"{""label"":""Care"",""confidence"":90,""brief_reason"":""The image shows a woman holding a laughing child, suggesting a nurturing and supportive interaction. The primary moral concern is the well-being and happiness of the child, indicating Care.""}",
prompt-results-v1,visual-cue-prompt-pilot-v1,010ecf86752795948c65f735a12ca5ef23a0b79726346feeeec6b2e8a0d97fd9,20260905,4abacadab7776f19f410667a58dab254f25527fef3a254f29b2f95a6ed48d37c,15b4785d4334250aabdafc29490dd186352e93a8c8b953178a35fb5ed208b2dd,,43,1,15,1,p0,p0-baseline-v2,1c1a1676abde21bda6ea8cf6eef5a6ca2bb99ecef928005f0fe5aed4769d0fa1,b0df04e619c332a72d33e5061a92e225ef3b9a537c9dcb40ee78e063f56dfcdd,2-1,2-1.jpg,images/2-1.jpg,4c390cab45d7793acde1917cc6c343bfdece7f98faca8ae93220ba7b58bad292,gpt4o,OpenAI,gpt-4o,gpt-4o-2024-08-06,2.48.0,0,{},high,2026-09-06T00:17:13.252162+00:00,2026-09-06T00:17:14.693036+00:00,1.441,1,success,Care,90,"The image shows a person in a vulnerable situation, possibly experiencing homelessness, surrounded by makeshift shelter and belongings. The primary moral concern is the individual's well-being and need for support.",,,,,2108,50,0,2158,"{""label"":""Care"",""confidence"":90,""brief_reason"":""The image shows a person in a vulnerable situation, possibly experiencing homelessness, surrounded by makeshift shelter and belongings. The primary moral concern is the individual's well-being and need for support.""}",
prompt-results-v1,visual-cue-prompt-pilot-v1,010ecf86752795948c65f735a12ca5ef23a0b79726346feeeec6b2e8a0d97fd9,20260905,4abacadab7776f19f410667a58dab254f25527fef3a254f29b2f95a6ed48d37c,2d07a20eee4af67b0566933bcd288571152307cf0378d5f37ab663f71d06d370,,44,1,15,2,p1,p1-structured-control-v1-2026-09-05,b9621814e5a2bb839e6f399c5bf42940989a14efca909b15427ab68e3ae9432d,b0df04e619c332a72d33e5061a92e225ef3b9a537c9dcb40ee78e063f56dfcdd,2-1,2-1.jpg,images/2-1.jpg,4c390cab45d7793acde1917cc6c343bfdece7f98faca8ae93220ba7b58bad292,gpt4o,OpenAI,gpt-4o,gpt-4o-2024-08-06,2.48.0,0,{},high,2026-09-06T00:17:15.220300+00:00,2026-09-06T00:17:16.783966+00:00,1.564,1,success,Care,85,"The image shows a person in a vulnerable situation, possibly homeless, surrounded by makeshift shelter and belongings. The primary moral concern is the person's well-being and need for support, indicating Care. The setting suggests a need for compassion and assistance.",,,,,2339,62,0,2401,"{""label"":""Care"",""confidence"":85,""brief_reason"":""The image shows a person in a vulnerable situation, possibly homeless, surrounded by makeshift shelter and belongings. The primary moral concern is the person's well-being and need for support, indicating Care. The setting suggests a need for compassion and assistance.""}",
prompt-results-v1,visual-cue-prompt-pilot-v1,010ecf86752795948c65f735a12ca5ef23a0b79726346feeeec6b2e8a0d97fd9,20260905,4abacadab7776f19f410667a58dab254f25527fef3a254f29b2f95a6ed48d37c,24ae39dea127777e6cedb309eb1fc03acea05e966efdce78b6096a6b8ebcb569,,45,1,15,3,p2,p2-blind-nonoverlap-cues-v1-2026-09-05,482dce5b0ed5faf3ec20bdf32b51d0eb2212e901d18dde12a59c1f710160df8d,b0df04e619c332a72d33e5061a92e225ef3b9a537c9dcb40ee78e063f56dfcdd,2-1,2-1.jpg,images/2-1.jpg,4c390cab45d7793acde1917cc6c343bfdece7f98faca8ae93220ba7b58bad292,gpt4o,OpenAI,gpt-4o,gpt-4o-2024-08-06,2.48.0,0,{},high,2026-09-06T00:17:17.310917+00:00,2026-09-06T00:17:18.907648+00:00,1.597,1,success,Care,85,"The image shows a person in a makeshift shelter, suggesting vulnerability and a need for support. The primary moral concern is the well-being and care for individuals in such conditions. The setting indicates a lack of basic necessities, which aligns with the Care category.",,,,,2515,65,0,2580,"{""label"":""Care"",""confidence"":85,""brief_reason"":""The image shows a person in a makeshift shelter, suggesting vulnerability and a need for support. The primary moral concern is the well-being and care for individuals in such conditions. The setting indicates a lack of basic necessities, which aligns with the Care category.""}",
prompt-results-v1,visual-cue-prompt-pilot-v1,010ecf86752795948c65f735a12ca5ef23a0b79726346feeeec6b2e8a0d97fd9,20260905,4abacadab7776f19f410667a58dab254f25527fef3a254f29b2f95a6ed48d37c,a0832c17dd5094c7a69dcb39a348da05b1c20a06c432842217f83c948bdd262e,,46,1,16,1,p1,p1-structured-control-v1-2026-09-05,b9621814e5a2bb839e6f399c5bf42940989a14efca909b15427ab68e3ae9432d,b0df04e619c332a72d33e5061a92e225ef3b9a537c9dcb40ee78e063f56dfcdd,o-2,o-2.jpg,images/o-2.jpg,21aa96fa08ee7513fe40f6f363813482ecc5d47bee6902d10ca1e7f04b65a45c,gpt4o,OpenAI,gpt-4o,gpt-4o-2024-08-06,2.48.0,0,{},high,2026-09-06T00:17:19.437304+00:00,2026-09-06T00:17:21.559369+00:00,2.122,1,success,None of these / Not clearly moral in nature,95,"The image shows athletes starting a race, which is a neutral sporting event without a clear moral concern. There is no visible evidence of harm, fairness issues, or other moral categories.",,,,,1999,58,0,2057,"{""label"":""None of these / Not clearly moral in nature"",""confidence"":95,""brief_reason"":""The image shows athletes starting a race, which is a neutral sporting event without a clear moral concern. There is no visible evidence of harm, fairness issues, or other moral categories.""}",
prompt-results-v1,visual-cue-prompt-pilot-v1,010ecf86752795948c65f735a12ca5ef23a0b79726346feeeec6b2e8a0d97fd9,20260905,4abacadab7776f19f410667a58dab254f25527fef3a254f29b2f95a6ed48d37c,a5e174d3ddc09e866d7dcaeed39f2c4bdeff32b24d80b8985cd95a7cd1b699ee,,47,1,16,2,p2,p2-blind-nonoverlap-cues-v1-2026-09-05,482dce5b0ed5faf3ec20bdf32b51d0eb2212e901d18dde12a59c1f710160df8d,b0df04e619c332a72d33e5061a92e225ef3b9a537c9dcb40ee78e063f56dfcdd,o-2,o-2.jpg,images/o-2.jpg,21aa96fa08ee7513fe40f6f363813482ecc5d47bee6902d10ca1e7f04b65a45c,gpt4o,OpenAI,gpt-4o,gpt-4o-2024-08-06,2.48.0,0,{},high,2026-09-06T00:17:22.084167+00:00,2026-09-06T00:17:24.140726+00:00,2.057,1,success,None of these / Not clearly moral in nature,95,"The image shows athletes starting a race, which is a neutral sporting event. There is no visible evidence of moral concerns such as fairness, cheating, or harm. The scene is focused on competition, which does not inherently convey a primary moral concern.",,,,,2175,71,0,2246,"{""label"":""None of these / Not clearly moral in nature"",""confidence"":95,""brief_reason"":""The image shows athletes starting a race, which is a neutral sporting event. There is no visible evidence of moral concerns such as fairness, cheating, or harm. The scene is focused on competition, which does not inherently convey a primary moral concern.""}",
prompt-results-v1,visual-cue-prompt-pilot-v1,010ecf86752795948c65f735a12ca5ef23a0b79726346feeeec6b2e8a0d97fd9,20260905,4abacadab7776f19f410667a58dab254f25527fef3a254f29b2f95a6ed48d37c,5b9a2bd2e61b5ee3e8a2a94e8d32970c508584cb3aecb882ac4e9c5b229e5bae,,48,1,16,3,p0,p0-baseline-v2,1c1a1676abde21bda6ea8cf6eef5a6ca2bb99ecef928005f0fe5aed4769d0fa1,b0df04e619c332a72d33e5061a92e225ef3b9a537c9dcb40ee78e063f56dfcdd,o-2,o-2.jpg,images/o-2.jpg,21aa96fa08ee7513fe40f6f363813482ecc5d47bee6902d10ca1e7f04b65a45c,gpt4o,OpenAI,gpt-4o,gpt-4o-2024-08-06,2.48.0,0,{},high,2026-09-06T00:17:24.660289+00:00,2026-09-06T00:17:27.154822+00:00,2.495,1,success,None of these / Not clearly moral in nature,95,"The image shows athletes starting a race, which is a competitive sports event. There is no clear moral concern such as fairness, harm, or care visibly depicted. The scene is primarily about athletic competition, not a moral issue.",,,,,1768,67,0,1835,"{""label"":""None of these / Not clearly moral in nature"",""confidence"":95,""brief_reason"":""The image shows athletes starting a race, which is a competitive sports event. There is no clear moral concern such as fairness, harm, or care visibly depicted. The scene is primarily about athletic competition, not a moral issue.""}",
prompt-results-v1,visual-cue-prompt-pilot-v1,010ecf86752795948c65f735a12ca5ef23a0b79726346feeeec6b2e8a0d97fd9,20260905,4abacadab7776f19f410667a58dab254f25527fef3a254f29b2f95a6ed48d37c,dacf2540334ae13a366521ab60f7564ab4bad3d089f22c402a900e93bdcb8a50,,49,2,1,1,p0,p0-baseline-v2,1c1a1676abde21bda6ea8cf6eef5a6ca2bb99ecef928005f0fe5aed4769d0fa1,b0df04e619c332a72d33e5061a92e225ef3b9a537c9dcb40ee78e063f56dfcdd,35-3,35-3.jpg,images/35-3.jpg,10205cc5ff7b04e752488d2961e48affc5f0a07ee8b10d130097b4f6c44be1db,gpt4o,OpenAI,gpt-4o,gpt-4o-2024-08-06,2.48.0,0,{},high,2026-09-06T00:17:27.687280+00:00,2026-09-06T00:17:31.845222+00:00,4.158,1,success,None of these / Not clearly moral in nature,95,"The image depicts a wedding celebration with people dressed formally, smiling, and clapping. There is no clear moral concern such as care, harm, fairness, or any other category visibly conveyed. The scene is primarily celebratory and social in nature.",,,,,1768,71,0,1839,"{""label"":""None of these / Not clearly moral in nature"",""confidence"":95,""brief_reason"":""The image depicts a wedding celebration with people dressed formally, smiling, and clapping. There is no clear moral concern such as care, harm, fairness, or any other category visibly conveyed. The scene is primarily celebratory and social in nature.""}",
prompt-results-v1,visual-cue-prompt-pilot-v1,010ecf86752795948c65f735a12ca5ef23a0b79726346feeeec6b2e8a0d97fd9,20260905,4abacadab7776f19f410667a58dab254f25527fef3a254f29b2f95a6ed48d37c,1eadee335b986e37d14dbde3111d2dd05e19df3bc7939753da8c5c5dbec1f766,,50,2,1,2,p1,p1-structured-control-v1-2026-09-05,b9621814e5a2bb839e6f399c5bf42940989a14efca909b15427ab68e3ae9432d,b0df04e619c332a72d33e5061a92e225ef3b9a537c9dcb40ee78e063f56dfcdd,35-3,35-3.jpg,images/35-3.jpg,10205cc5ff7b04e752488d2961e48affc5f0a07ee8b10d130097b4f6c44be1db,gpt4o,OpenAI,gpt-4o,gpt-4o-2024-08-06,2.48.0,0,{},high,2026-09-06T00:17:32.379559+00:00,2026-09-06T00:17:36.235122+00:00,3.856,1,success,None of these / Not clearly moral in nature,95,"The image depicts a wedding celebration with people dressed formally, smiling, and clapping. There is no clear moral concern such as care, harm, fairness, or any other category visibly conveyed. It appears to be a joyful social event without a specific moral issue highlighted.",,,,,1999,75,0,2074,"{""label"":""None of these / Not clearly moral in nature"",""confidence"":95,""brief_reason"":""The image depicts a wedding celebration with people dressed formally, smiling, and clapping. There is no clear moral concern such as care, harm, fairness, or any other category visibly conveyed. It appears to be a joyful social event without a specific moral issue highlighted.""}",
prompt-results-v1,visual-cue-prompt-pilot-v1,010ecf86752795948c65f735a12ca5ef23a0b79726346feeeec6b2e8a0d97fd9,20260905,4abacadab7776f19f410667a58dab254f25527fef3a254f29b2f95a6ed48d37c,da02d00477fa2846010bc683bf87ad3fc1b93f161cd7885ca3ec6b98c5a0471f,,51,2,1,3,p2,p2-blind-nonoverlap-cues-v1-2026-09-05,482dce5b0ed5faf3ec20bdf32b51d0eb2212e901d18dde12a59c1f710160df8d,b0df04e619c332a72d33e5061a92e225ef3b9a537c9dcb40ee78e063f56dfcdd,35-3,35-3.jpg,images/35-3.jpg,10205cc5ff7b04e752488d2961e48affc5f0a07ee8b10d130097b4f6c44be1db,gpt4o,OpenAI,gpt-4o,gpt-4o-2024-08-06,2.48.0,0,{},high,2026-09-06T00:17:36.761722+00:00,2026-09-06T00:17:40.217962+00:00,3.456,1,success,None of these / Not clearly moral in nature,95,"The image depicts a wedding celebration with people dressed formally, smiling, and clapping. There is no clear moral concern such as care, harm, fairness, or any other category visibly conveyed. It appears to be a joyful social event without evident moral implications.",,,,,2175,73,0,2248,"{""label"":""None of these / Not clearly moral in nature"",""confidence"":95,""brief_reason"":""The image depicts a wedding celebration with people dressed formally, smiling, and clapping. There is no clear moral concern such as care, harm, fairness, or any other category visibly conveyed. It appears to be a joyful social event without evident moral implications.""}",
prompt-results-v1,visual-cue-prompt-pilot-v1,010ecf86752795948c65f735a12ca5ef23a0b79726346feeeec6b2e8a0d97fd9,20260905,4abacadab7776f19f410667a58dab254f25527fef3a254f29b2f95a6ed48d37c,afa3ed3c52e26298153a8455cdc80de70932017e876b464a4e0442a2366917c0,,52,2,2,1,p1,p1-structured-control-v1-2026-09-05,b9621814e5a2bb839e6f399c5bf42940989a14efca909b15427ab68e3ae9432d,b0df04e619c332a72d33e5061a92e225ef3b9a537c9dcb40ee78e063f56dfcdd,9-2,9-2.jpg,images/9-2.jpg,62142986ca8108d3f29fee7e17e6af5650e1c7bdfdc9a95870bf910fa30abc0d,gpt4o,OpenAI,gpt-4o,gpt-4o-2024-08-06,2.48.0,0,{},high,2026-09-06T00:17:40.744621+00:00,2026-09-06T00:17:42.893777+00:00,2.149,1,success,Care,85,"The image shows a crowded living space with children and an adult, suggesting a situation where care and support might be needed due to visible signs of limited resources and space. The primary moral concern appears to be the well-being and support of the individuals in this environment. The evidence is strong, but there is some ambiguity as the image could also suggest fairness issues.",,,,,2339,85,0,2424,"{""label"":""Care"",""confidence"":85,""brief_reason"":""The image shows a crowded living space with children and an adult, suggesting a situation where care and support might be needed due to visible signs of limited resources and space. The primary moral concern appears to be the well-being and support of the individuals in this environment. The evidence is strong, but there is some ambiguity as the image could also suggest fairness issues.""}",
prompt-results-v1,visual-cue-prompt-pilot-v1,010ecf86752795948c65f735a12ca5ef23a0b79726346feeeec6b2e8a0d97fd9,20260905,4abacadab7776f19f410667a58dab254f25527fef3a254f29b2f95a6ed48d37c,5385804a1022c210977bbe4b0472fc917333179354b56b9db12c2922414773c3,,53,2,2,2,p2,p2-blind-nonoverlap-cues-v1-2026-09-05,482dce5b0ed5faf3ec20bdf32b51d0eb2212e901d18dde12a59c1f710160df8d,b0df04e619c332a72d33e5061a92e225ef3b9a537c9dcb40ee78e063f56dfcdd,9-2,9-2.jpg,images/9-2.jpg,62142986ca8108d3f29fee7e17e6af5650e1c7bdfdc9a95870bf910fa30abc0d,gpt4o,OpenAI,gpt-4o,gpt-4o-2024-08-06,2.48.0,0,{},high,2026-09-06T00:17:43.419343+00:00,2026-09-06T00:17:46.116839+00:00,2.698,1,success,Care,85,"The image shows a crowded living space with children and an adult, suggesting a situation where care and support are needed due to visible vulnerability and potential need for better living conditions. The primary moral concern is the well-being of the individuals in this environment.",,,,,2515,63,0,2578,"{""label"":""Care"",""confidence"":85,""brief_reason"":""The image shows a crowded living space with children and an adult, suggesting a situation where care and support are needed due to visible vulnerability and potential need for better living conditions. The primary moral concern is the well-being of the individuals in this environment.""}",
prompt-results-v1,visual-cue-prompt-pilot-v1,010ecf86752795948c65f735a12ca5ef23a0b79726346feeeec6b2e8a0d97fd9,20260905,4abacadab7776f19f410667a58dab254f25527fef3a254f29b2f95a6ed48d37c,c9c5c0e5b58f444925777e053cf719626fc36d024f25fac37899d9e268d72546,,54,2,2,3,p0,p0-baseline-v2,1c1a1676abde21bda6ea8cf6eef5a6ca2bb99ecef928005f0fe5aed4769d0fa1,b0df04e619c332a72d33e5061a92e225ef3b9a537c9dcb40ee78e063f56dfcdd,9-2,9-2.jpg,images/9-2.jpg,62142986ca8108d3f29fee7e17e6af5650e1c7bdfdc9a95870bf910fa30abc0d,gpt4o,OpenAI,gpt-4o,gpt-4o-2024-08-06,2.48.0,0,{},high,2026-09-06T00:17:46.645329+00:00,2026-09-06T00:17:49.348771+00:00,2.703,1,success,Care,85,"The image shows a crowded living space with children and an adult, suggesting a situation where care and support might be needed due to visible signs of limited resources and space. The primary concern appears to be the well-being and support of the individuals in this environment. The evidence of vulnerability and need for support is strong, though not definitive, as the scene could also suggest resilience or adaptation.",,,,,2108,90,0,2198,"{""label"":""Care"",""confidence"":85,""brief_reason"":""The image shows a crowded living space with children and an adult, suggesting a situation where care and support might be needed due to visible signs of limited resources and space. The primary concern appears to be the well-being and support of the individuals in this environment. The evidence of vulnerability and need for support is strong, though not definitive, as the scene could also suggest resilience or adaptation.""}",
prompt-results-v1,visual-cue-prompt-pilot-v1,010ecf86752795948c65f735a12ca5ef23a0b79726346feeeec6b2e8a0d97fd9,20260905,4abacadab7776f19f410667a58dab254f25527fef3a254f29b2f95a6ed48d37c,51ac6331593dbd40c0cacd294c853f3dfe60515b25a41f15fc928e9eae650796,,55,2,3,1,p0,p0-baseline-v2,1c1a1676abde21bda6ea8cf6eef5a6ca2bb99ecef928005f0fe5aed4769d0fa1,b0df04e619c332a72d33e5061a92e225ef3b9a537c9dcb40ee78e063f56dfcdd,g-2,g-2.png,images/g-2.png,81625f82d1617b53b838379a4be27cbc819155fbabf5b2dc8260886504801ba6,gpt4o,OpenAI,gpt-4o,gpt-4o-2024-08-06,2.48.0,0,{},high,2026-09-06T00:17:49.879820+00:00,2026-09-06T00:17:53.630899+00:00,3.751,1,success,Fairness,95,"The image shows a group of people discussing a 'Gender Parity Testing Framework' as part of an 'AI Fairness Initiative.' This indicates a focus on ensuring justice and equality in AI systems, specifically regarding gender parity. The presence of terms like 'unbiased sample' and 'known-bias sample' further supports the emphasis on fairness.",,,,,2108,83,0,2191,"{""label"":""Fairness"",""confidence"":95,""brief_reason"":""The image shows a group of people discussing a 'Gender Parity Testing Framework' as part of an 'AI Fairness Initiative.' This indicates a focus on ensuring justice and equality in AI systems, specifically regarding gender parity. The presence of terms like 'unbiased sample' and 'known-bias sample' further supports the emphasis on fairness.""}",
prompt-results-v1,visual-cue-prompt-pilot-v1,010ecf86752795948c65f735a12ca5ef23a0b79726346feeeec6b2e8a0d97fd9,20260905,4abacadab7776f19f410667a58dab254f25527fef3a254f29b2f95a6ed48d37c,5c2d9ad1f0289321e886a28f783603206df420c5c43b864d31e9ea2bc45dfb17,,56,2,3,2,p1,p1-structured-control-v1-2026-09-05,b9621814e5a2bb839e6f399c5bf42940989a14efca909b15427ab68e3ae9432d,b0df04e619c332a72d33e5061a92e225ef3b9a537c9dcb40ee78e063f56dfcdd,g-2,g-2.png,images/g-2.png,81625f82d1617b53b838379a4be27cbc819155fbabf5b2dc8260886504801ba6,gpt4o,OpenAI,gpt-4o,gpt-4o-2024-08-06,2.48.0,0,{},high,2026-09-06T00:17:54.160138+00:00,2026-09-06T00:17:57.365168+00:00,3.205,1,success,Fairness,95,The image shows a group of people discussing a 'Gender Parity Testing Framework' as part of an 'AI Fairness Initiative.' The focus on gender parity and fairness testing indicates a primary concern with fairness and equality.,,,,,2339,58,0,2397,"{""label"":""Fairness"",""confidence"":95,""brief_reason"":""The image shows a group of people discussing a 'Gender Parity Testing Framework' as part of an 'AI Fairness Initiative.' The focus on gender parity and fairness testing indicates a primary concern with fairness and equality.""}",
prompt-results-v1,visual-cue-prompt-pilot-v1,010ecf86752795948c65f735a12ca5ef23a0b79726346feeeec6b2e8a0d97fd9,20260905,4abacadab7776f19f410667a58dab254f25527fef3a254f29b2f95a6ed48d37c,255ee76145203123b116518be3c7c4ba62a11db542fbfc7f8a4b98ba746304cc,,57,2,3,3,p2,p2-blind-nonoverlap-cues-v1-2026-09-05,482dce5b0ed5faf3ec20bdf32b51d0eb2212e901d18dde12a59c1f710160df8d,b0df04e619c332a72d33e5061a92e225ef3b9a537c9dcb40ee78e063f56dfcdd,g-2,g-2.png,images/g-2.png,81625f82d1617b53b838379a4be27cbc819155fbabf5b2dc8260886504801ba6,gpt4o,OpenAI,gpt-4o,gpt-4o-2024-08-06,2.48.0,0,{},high,2026-09-06T00:17:57.894695+00:00,2026-09-06T00:18:01.838639+00:00,3.944,1,success,Fairness,95,The image shows a group of people discussing a 'Gender Parity Testing Framework' as part of an 'AI Fairness Initiative.' The focus on testing for gender parity and fairness in datasets indicates a primary concern with ensuring justice and equality.,,,,,2515,62,0,2577,"{""label"":""Fairness"",""confidence"":95,""brief_reason"":""The image shows a group of people discussing a 'Gender Parity Testing Framework' as part of an 'AI Fairness Initiative.' The focus on testing for gender parity and fairness in datasets indicates a primary concern with ensuring justice and equality.""}",
prompt-results-v1,visual-cue-prompt-pilot-v1,010ecf86752795948c65f735a12ca5ef23a0b79726346feeeec6b2e8a0d97fd9,20260905,4abacadab7776f19f410667a58dab254f25527fef3a254f29b2f95a6ed48d37c,f9c47ee0613cc05646a5c6fac9aaf092647f4913cfc5593406b969712dc1bbd2,,58,2,4,1,p1,p1-structured-control-v1-2026-09-05,b9621814e5a2bb839e6f399c5bf42940989a14efca909b15427ab68e3ae9432d,b0df04e619c332a72d33e5061a92e225ef3b9a537c9dcb40ee78e063f56dfcdd,3-1,3-1.jpg,images/3-1.jpg,6d4b129168c70ae11059197ac5a1d1784bd9673b751937d98539e1347809284a,gpt4o,OpenAI,gpt-4o,gpt-4o-2024-08-06,2.48.0,0,{},high,2026-09-06T00:18:02.370176+00:00,2026-09-06T00:18:04.626235+00:00,2.256,1,success,Care,90,"The image shows people gathered around a casket, with visible expressions of grief and support. The primary moral concern is the care and compassion for those mourning, as others are seen comforting and supporting them.",,,,,1659,54,0,1713,"{""label"":""Care"",""confidence"":90,""brief_reason"":""The image shows people gathered around a casket, with visible expressions of grief and support. The primary moral concern is the care and compassion for those mourning, as others are seen comforting and supporting them.""}",
prompt-results-v1,visual-cue-prompt-pilot-v1,010ecf86752795948c65f735a12ca5ef23a0b79726346feeeec6b2e8a0d97fd9,20260905,4abacadab7776f19f410667a58dab254f25527fef3a254f29b2f95a6ed48d37c,12bd1d450e9d6aa945754b1dfae1b56f3fc2bcea6210ade58e0e26d2c83e6b7e,,59,2,4,2,p2,p2-blind-nonoverlap-cues-v1-2026-09-05,482dce5b0ed5faf3ec20bdf32b51d0eb2212e901d18dde12a59c1f710160df8d,b0df04e619c332a72d33e5061a92e225ef3b9a537c9dcb40ee78e063f56dfcdd,3-1,3-1.jpg,images/3-1.jpg,6d4b129168c70ae11059197ac5a1d1784bd9673b751937d98539e1347809284a,gpt4o,OpenAI,gpt-4o,gpt-4o-2024-08-06,2.48.0,0,{},high,2026-09-06T00:18:05.159544+00:00,2026-09-06T00:18:06.342559+00:00,1.183,1,success,Care,85,"The image shows a group of people gathered around a casket, with visible expressions of grief and support. The primary moral concern is the care and compassion shown towards those mourning, as evidenced by comforting gestures and emotional support.",,,,,1835,58,0,1893,"{""label"":""Care"",""confidence"":85,""brief_reason"":""The image shows a group of people gathered around a casket, with visible expressions of grief and support. The primary moral concern is the care and compassion shown towards those mourning, as evidenced by comforting gestures and emotional support.""}",
prompt-results-v1,visual-cue-prompt-pilot-v1,010ecf86752795948c65f735a12ca5ef23a0b79726346feeeec6b2e8a0d97fd9,20260905,4abacadab7776f19f410667a58dab254f25527fef3a254f29b2f95a6ed48d37c,3494cd60c174fd9b52e3e898e5247fe44c88071c691b08603fe359a9e91f6c61,,60,2,4,3,p0,p0-baseline-v2,1c1a1676abde21bda6ea8cf6eef5a6ca2bb99ecef928005f0fe5aed4769d0fa1,b0df04e619c332a72d33e5061a92e225ef3b9a537c9dcb40ee78e063f56dfcdd,3-1,3-1.jpg,images/3-1.jpg,6d4b129168c70ae11059197ac5a1d1784bd9673b751937d98539e1347809284a,gpt4o,OpenAI,gpt-4o,gpt-4o-2024-08-06,2.48.0,0,{},high,2026-09-06T00:18:06.867621+00:00,2026-09-06T00:18:08.171479+00:00,1.304,1,success,Care,90,"The image shows a group of people gathered around a casket, with visible expressions of grief and support. The primary moral concern is the care and compassion for those mourning, as they are comforting each other in a moment of vulnerability.",,,,,1428,60,0,1488,"{""label"":""Care"",""confidence"":90,""brief_reason"":""The image shows a group of people gathered around a casket, with visible expressions of grief and support. The primary moral concern is the care and compassion for those mourning, as they are comforting each other in a moment of vulnerability.""}",
prompt-results-v1,visual-cue-prompt-pilot-v1,010ecf86752795948c65f735a12ca5ef23a0b79726346feeeec6b2e8a0d97fd9,20260905,4abacadab7776f19f410667a58dab254f25527fef3a254f29b2f95a6ed48d37c,46aad70934e404ab8ffc2032e8959fad3b4f2ecfebfafe7f77a0c4f4966743de,,61,2,5,1,p2,p2-blind-nonoverlap-cues-v1-2026-09-05,482dce5b0ed5faf3ec20bdf32b51d0eb2212e901d18dde12a59c1f710160df8d,b0df04e619c332a72d33e5061a92e225ef3b9a537c9dcb40ee78e063f56dfcdd,7-2,7-2.jpg,images/7-2.jpg,f05fbbbb98ff0f700f0dd0c5f9cb1d846a5f597327839a92b88e1fcef6ffbd63,gpt4o,OpenAI,gpt-4o,gpt-4o-2024-08-06,2.48.0,0,{},high,2026-09-06T00:18:08.703155+00:00,2026-09-06T00:18:09.894918+00:00,1.192,1,success,Respect / Authority,90,"The image shows two individuals bowing to each other in a formal setting, which is a gesture of respect and acknowledgment of social roles or hierarchy.",,,,,2515,45,0,2560,"{""label"":""Respect / Authority"",""confidence"":90,""brief_reason"":""The image shows two individuals bowing to each other in a formal setting, which is a gesture of respect and acknowledgment of social roles or hierarchy.""}",
prompt-results-v1,visual-cue-prompt-pilot-v1,010ecf86752795948c65f735a12ca5ef23a0b79726346feeeec6b2e8a0d97fd9,20260905,4abacadab7776f19f410667a58dab254f25527fef3a254f29b2f95a6ed48d37c,d9290363d1642e8d7ba3ae029a813c874b1eeb4f725ee2310f13e17ede2e116f,,62,2,5,2,p0,p0-baseline-v2,1c1a1676abde21bda6ea8cf6eef5a6ca2bb99ecef928005f0fe5aed4769d0fa1,b0df04e619c332a72d33e5061a92e225ef3b9a537c9dcb40ee78e063f56dfcdd,7-2,7-2.jpg,images/7-2.jpg,f05fbbbb98ff0f700f0dd0c5f9cb1d846a5f597327839a92b88e1fcef6ffbd63,gpt4o,OpenAI,gpt-4o,gpt-4o-2024-08-06,2.48.0,0,{},high,2026-09-06T00:18:10.419163+00:00,2026-09-06T00:18:11.786584+00:00,1.367,1,success,Respect / Authority,90,"The image shows two individuals bowing to each other, which is a gesture commonly associated with respect and acknowledgment of social roles or hierarchy. The setting appears formal, suggesting a professional or cultural context where respect is emphasized.",,,,,2108,59,0,2167,"{""label"":""Respect / Authority"",""confidence"":90,""brief_reason"":""The image shows two individuals bowing to each other, which is a gesture commonly associated with respect and acknowledgment of social roles or hierarchy. The setting appears formal, suggesting a professional or cultural context where respect is emphasized.""}",
prompt-results-v1,visual-cue-prompt-pilot-v1,010ecf86752795948c65f735a12ca5ef23a0b79726346feeeec6b2e8a0d97fd9,20260905,4abacadab7776f19f410667a58dab254f25527fef3a254f29b2f95a6ed48d37c,24474d236897484e3e9b61cdbcc15583724f19621e097181544750f8ce9e0e72,,63,2,5,3,p1,p1-structured-control-v1-2026-09-05,b9621814e5a2bb839e6f399c5bf42940989a14efca909b15427ab68e3ae9432d,b0df04e619c332a72d33e5061a92e225ef3b9a537c9dcb40ee78e063f56dfcdd,7-2,7-2.jpg,images/7-2.jpg,f05fbbbb98ff0f700f0dd0c5f9cb1d846a5f597327839a92b88e1fcef6ffbd63,gpt4o,OpenAI,gpt-4o,gpt-4o-2024-08-06,2.48.0,0,{},high,2026-09-06T00:18:12.313772+00:00,2026-09-06T00:18:14.624673+00:00,2.311,1,success,Respect / Authority,90,"The image shows two people in business attire bowing to each other, which is a gesture of respect. The setting appears formal, suggesting a professional or cultural context where respect and authority are emphasized.",,,,,2339,55,0,2394,"{""label"":""Respect / Authority"",""confidence"":90,""brief_reason"":""The image shows two people in business attire bowing to each other, which is a gesture of respect. The setting appears formal, suggesting a professional or cultural context where respect and authority are emphasized.""}",
prompt-results-v1,visual-cue-prompt-pilot-v1,010ecf86752795948c65f735a12ca5ef23a0b79726346feeeec6b2e8a0d97fd9,20260905,4abacadab7776f19f410667a58dab254f25527fef3a254f29b2f95a6ed48d37c,2f1e1bc02bc684d71bde18b619bcf288cab5d45efb516842ee8ee4c2032660de,,64,2,6,1,p1,p1-structured-control-v1-2026-09-05,b9621814e5a2bb839e6f399c5bf42940989a14efca909b15427ab68e3ae9432d,b0df04e619c332a72d33e5061a92e225ef3b9a537c9dcb40ee78e063f56dfcdd,2-1,2-1.jpg,images/2-1.jpg,4c390cab45d7793acde1917cc6c343bfdece7f98faca8ae93220ba7b58bad292,gpt4o,OpenAI,gpt-4o,gpt-4o-2024-08-06,2.48.0,0,{},high,2026-09-06T00:18:15.156556+00:00,2026-09-06T00:18:17.700214+00:00,2.544,1,success,Care,85,"The image shows a person in a vulnerable situation, possibly homeless, surrounded by makeshift shelter materials. The primary moral concern is the person's well-being and need for support, indicating Care. The setting suggests a need for compassion and assistance.",,,,,2339,61,0,2400,"{""label"":""Care"",""confidence"":85,""brief_reason"":""The image shows a person in a vulnerable situation, possibly homeless, surrounded by makeshift shelter materials. The primary moral concern is the person's well-being and need for support, indicating Care. The setting suggests a need for compassion and assistance.""}",
prompt-results-v1,visual-cue-prompt-pilot-v1,010ecf86752795948c65f735a12ca5ef23a0b79726346feeeec6b2e8a0d97fd9,20260905,4abacadab7776f19f410667a58dab254f25527fef3a254f29b2f95a6ed48d37c,c4013bd02277b8709706330d721609a9703c6f1e31f710d9f1cb7399c8afeadd,,65,2,6,2,p2,p2-blind-nonoverlap-cues-v1-2026-09-05,482dce5b0ed5faf3ec20bdf32b51d0eb2212e901d18dde12a59c1f710160df8d,b0df04e619c332a72d33e5061a92e225ef3b9a537c9dcb40ee78e063f56dfcdd,2-1,2-1.jpg,images/2-1.jpg,4c390cab45d7793acde1917cc6c343bfdece7f98faca8ae93220ba7b58bad292,gpt4o,OpenAI,gpt-4o,gpt-4o-2024-08-06,2.48.0,0,{},high,2026-09-06T00:18:18.227085+00:00,2026-09-06T00:18:21.441762+00:00,3.215,1,success,Care,85,"The image shows a person in a makeshift shelter, suggesting vulnerability and a need for support. The primary moral concern is the well-being of the individual, indicating a need for care. The setting implies a lack of basic necessities, reinforcing the care category.",,,,,2515,65,0,2580,"{""label"":""Care"",""confidence"":85,""brief_reason"":""The image shows a person in a makeshift shelter, suggesting vulnerability and a need for support. The primary moral concern is the well-being of the individual, indicating a need for care. The setting implies a lack of basic necessities, reinforcing the care category.""}",
prompt-results-v1,visual-cue-prompt-pilot-v1,010ecf86752795948c65f735a12ca5ef23a0b79726346feeeec6b2e8a0d97fd9,20260905,4abacadab7776f19f410667a58dab254f25527fef3a254f29b2f95a6ed48d37c,6c5d816bd85384f4858fed9aa0731df495585523fdfe35cb2f85b278be2ae91d,,66,2,6,3,p0,p0-baseline-v2,1c1a1676abde21bda6ea8cf6eef5a6ca2bb99ecef928005f0fe5aed4769d0fa1,b0df04e619c332a72d33e5061a92e225ef3b9a537c9dcb40ee78e063f56dfcdd,2-1,2-1.jpg,images/2-1.jpg,4c390cab45d7793acde1917cc6c343bfdece7f98faca8ae93220ba7b58bad292,gpt4o,OpenAI,gpt-4o,gpt-4o-2024-08-06,2.48.0,0,{},high,2026-09-06T00:18:21.974855+00:00,2026-09-06T00:18:24.042714+00:00,2.068,1,success,Care,90,"The image shows a person in a vulnerable situation, possibly homeless, surrounded by makeshift shelter materials and belongings. The primary moral concern is the individual's well-being and need for support.",,,,,2108,50,0,2158,"{""label"":""Care"",""confidence"":90,""brief_reason"":""The image shows a person in a vulnerable situation, possibly homeless, surrounded by makeshift shelter materials and belongings. The primary moral concern is the individual's well-being and need for support.""}",
prompt-results-v1,visual-cue-prompt-pilot-v1,010ecf86752795948c65f735a12ca5ef23a0b79726346feeeec6b2e8a0d97fd9,20260905,4abacadab7776f19f410667a58dab254f25527fef3a254f29b2f95a6ed48d37c,fe51d78c574937be6b8f08dee9945526afdb5ca8141db88830fa403a42b0df81,,67,2,7,1,p2,p2-blind-nonoverlap-cues-v1-2026-09-05,482dce5b0ed5faf3ec20bdf32b51d0eb2212e901d18dde12a59c1f710160df8d,b0df04e619c332a72d33e5061a92e225ef3b9a537c9dcb40ee78e063f56dfcdd,1-1,1-1.jpg,images/1-1.jpg,16c8b6ef21bd106f6229643ab02fee435a73563485160c64d5eac9e5c19d2f44,gpt4o,OpenAI,gpt-4o,gpt-4o-2024-08-06,2.48.0,0,{},high,2026-09-06T00:18:24.568624+00:00,2026-09-06T00:18:26.231477+00:00,1.663,1,success,Care,90,"The image shows a woman and a child in a joyful interaction, suggesting a nurturing and supportive relationship. The child's laughter and the woman's gentle hold indicate care and affection. There is little ambiguity in the scene, as it clearly conveys a positive and caring interaction.",,,,,1665,65,0,1730,"{""label"":""Care"",""confidence"":90,""brief_reason"":""The image shows a woman and a child in a joyful interaction, suggesting a nurturing and supportive relationship. The child's laughter and the woman's gentle hold indicate care and affection. There is little ambiguity in the scene, as it clearly conveys a positive and caring interaction.""}",
prompt-results-v1,visual-cue-prompt-pilot-v1,010ecf86752795948c65f735a12ca5ef23a0b79726346feeeec6b2e8a0d97fd9,20260905,4abacadab7776f19f410667a58dab254f25527fef3a254f29b2f95a6ed48d37c,05ba66c8e5df81f03a90748b541a9cde7f2cdb1bd506f08df6cf0363f214e226,,68,2,7,2,p0,p0-baseline-v2,1c1a1676abde21bda6ea8cf6eef5a6ca2bb99ecef928005f0fe5aed4769d0fa1,b0df04e619c332a72d33e5061a92e225ef3b9a537c9dcb40ee78e063f56dfcdd,1-1,1-1.jpg,images/1-1.jpg,16c8b6ef21bd106f6229643ab02fee435a73563485160c64d5eac9e5c19d2f44,gpt4o,OpenAI,gpt-4o,gpt-4o-2024-08-06,2.48.0,0,{},high,2026-09-06T00:18:26.759962+00:00,2026-09-06T00:18:27.856413+00:00,1.096,1,success,Care,90,"The image shows a woman and a child in a joyful and affectionate interaction, suggesting a concern for the child's well-being and happiness. The visible evidence of nurturing and support aligns with the category of Care. There is little ambiguity in the scene.",,,,,1258,62,0,1320,"{""label"":""Care"",""confidence"":90,""brief_reason"":""The image shows a woman and a child in a joyful and affectionate interaction, suggesting a concern for the child's well-being and happiness. The visible evidence of nurturing and support aligns with the category of Care. There is little ambiguity in the scene.""}",
prompt-results-v1,visual-cue-prompt-pilot-v1,010ecf86752795948c65f735a12ca5ef23a0b79726346feeeec6b2e8a0d97fd9,20260905,4abacadab7776f19f410667a58dab254f25527fef3a254f29b2f95a6ed48d37c,067dfb8b90367862795fc95679399ec249eab9bdc70d20ae5ea3d96cad101eec,,69,2,7,3,p1,p1-structured-control-v1-2026-09-05,b9621814e5a2bb839e6f399c5bf42940989a14efca909b15427ab68e3ae9432d,b0df04e619c332a72d33e5061a92e225ef3b9a537c9dcb40ee78e063f56dfcdd,1-1,1-1.jpg,images/1-1.jpg,16c8b6ef21bd106f6229643ab02fee435a73563485160c64d5eac9e5c19d2f44,gpt4o,OpenAI,gpt-4o,gpt-4o-2024-08-06,2.48.0,0,{},high,2026-09-06T00:18:28.380794+00:00,2026-09-06T00:18:29.577772+00:00,1.197,1,success,Care,90,"The image shows a woman holding a laughing child, suggesting a nurturing and supportive interaction. The primary moral concern conveyed is care for the child's well-being and happiness. There is little ambiguity as the scene clearly depicts a positive, caring relationship.",,,,,1489,61,0,1550,"{""label"":""Care"",""confidence"":90,""brief_reason"":""The image shows a woman holding a laughing child, suggesting a nurturing and supportive interaction. The primary moral concern conveyed is care for the child's well-being and happiness. There is little ambiguity as the scene clearly depicts a positive, caring relationship.""}",
prompt-results-v1,visual-cue-prompt-pilot-v1,010ecf86752795948c65f735a12ca5ef23a0b79726346feeeec6b2e8a0d97fd9,20260905,4abacadab7776f19f410667a58dab254f25527fef3a254f29b2f95a6ed48d37c,058dcff64aa3f8a5ed8e301d55373b242d0408ce839333c9d1ea86ee4241e7c7,,70,2,8,1,p2,p2-blind-nonoverlap-cues-v1-2026-09-05,482dce5b0ed5faf3ec20bdf32b51d0eb2212e901d18dde12a59c1f710160df8d,b0df04e619c332a72d33e5061a92e225ef3b9a537c9dcb40ee78e063f56dfcdd,37-3,37-3.jpg,images/37-3.jpg,368cf7b7ef47e0933e9b60541ae321361571d2dbc8bd6b7deb0dc657f9a54e21,gpt4o,OpenAI,gpt-4o,gpt-4o-2024-08-06,2.48.0,0,{},high,2026-09-06T00:18:30.107521+00:00,2026-09-06T00:18:33.583028+00:00,3.476,1,success,Care,75,"The image shows a person looking distressed while holding a phone displaying social media, suggesting emotional vulnerability. The primary moral concern appears to be the need for care or support due to visible signs of distress. The setting with tissues and a messy room supports this interpretation. While 'Harm' could be considered due to the emotional state, 'Care' is more fitting as the focus is on the need for support.",,,,,2175,95,0,2270,"{""label"":""Care"",""confidence"":75,""brief_reason"":""The image shows a person looking distressed while holding a phone displaying social media, suggesting emotional vulnerability. The primary moral concern appears to be the need for care or support due to visible signs of distress. The setting with tissues and a messy room supports this interpretation. While 'Harm' could be considered due to the emotional state, 'Care' is more fitting as the focus is on the need for support.""}",
prompt-results-v1,visual-cue-prompt-pilot-v1,010ecf86752795948c65f735a12ca5ef23a0b79726346feeeec6b2e8a0d97fd9,20260905,4abacadab7776f19f410667a58dab254f25527fef3a254f29b2f95a6ed48d37c,0a1be62480e1d3e23a19eae283772d3cf2bcf692cdedf857e7b15b96c0d653e8,,71,2,8,2,p0,p0-baseline-v2,1c1a1676abde21bda6ea8cf6eef5a6ca2bb99ecef928005f0fe5aed4769d0fa1,b0df04e619c332a72d33e5061a92e225ef3b9a537c9dcb40ee78e063f56dfcdd,37-3,37-3.jpg,images/37-3.jpg,368cf7b7ef47e0933e9b60541ae321361571d2dbc8bd6b7deb0dc657f9a54e21,gpt4o,OpenAI,gpt-4o,gpt-4o-2024-08-06,2.48.0,0,{},high,2026-09-06T00:18:34.108215+00:00,2026-09-06T00:18:37.206672+00:00,3.098,1,success,Care,85,"The image shows a person looking distressed while holding a phone, suggesting emotional vulnerability. The primary moral concern appears to be the need for care or support due to visible signs of distress. The setting implies loneliness or exclusion, but the focus is on the individual's emotional state.",,,,,1768,67,0,1835,"{""label"":""Care"",""confidence"":85,""brief_reason"":""The image shows a person looking distressed while holding a phone, suggesting emotional vulnerability. The primary moral concern appears to be the need for care or support due to visible signs of distress. The setting implies loneliness or exclusion, but the focus is on the individual's emotional state.""}",
prompt-results-v1,visual-cue-prompt-pilot-v1,010ecf86752795948c65f735a12ca5ef23a0b79726346feeeec6b2e8a0d97fd9,20260905,4abacadab7776f19f410667a58dab254f25527fef3a254f29b2f95a6ed48d37c,1687ef361cdf1cb02eb3eb96e36e781e486e3b9be32d7058b70928cfa1387ace,,72,2,8,3,p1,p1-structured-control-v1-2026-09-05,b9621814e5a2bb839e6f399c5bf42940989a14efca909b15427ab68e3ae9432d,b0df04e619c332a72d33e5061a92e225ef3b9a537c9dcb40ee78e063f56dfcdd,37-3,37-3.jpg,images/37-3.jpg,368cf7b7ef47e0933e9b60541ae321361571d2dbc8bd6b7deb0dc657f9a54e21,gpt4o,OpenAI,gpt-4o,gpt-4o-2024-08-06,2.48.0,0,{},high,2026-09-06T00:18:37.734390+00:00,2026-09-06T00:18:40.564209+00:00,2.83,1,success,Harm,85,"The image shows a person looking distressed while viewing social media on their phone, suggesting emotional suffering or distress. The setting, with tissues and a messy room, reinforces a sense of emotional harm or sadness.",,,,,1999,55,0,2054,"{""label"":""Harm"",""confidence"":85,""brief_reason"":""The image shows a person looking distressed while viewing social media on their phone, suggesting emotional suffering or distress. The setting, with tissues and a messy room, reinforces a sense of emotional harm or sadness.""}",
prompt-results-v1,visual-cue-prompt-pilot-v1,010ecf86752795948c65f735a12ca5ef23a0b79726346feeeec6b2e8a0d97fd9,20260905,4abacadab7776f19f410667a58dab254f25527fef3a254f29b2f95a6ed48d37c,14027fa76360058ceef1d8229fd2c2182433f27f32b36f92c51681f7d498caf1,,73,2,9,1,p2,p2-blind-nonoverlap-cues-v1-2026-09-05,482dce5b0ed5faf3ec20bdf32b51d0eb2212e901d18dde12a59c1f710160df8d,b0df04e619c332a72d33e5061a92e225ef3b9a537c9dcb40ee78e063f56dfcdd,34-4,34-4.jpg,images/34-4.jpg,54b77dd8508b18cc320701e2e5d4c650978915a6fa05d172f0e86ddea6abe0a1,gpt4o,OpenAI,gpt-4o,gpt-4o-2024-08-06,2.48.0,0,{},high,2026-09-06T00:18:41.097601+00:00,2026-09-06T00:18:45.183783+00:00,4.086,1,success,Harm,90,"The image shows a person in a confined, monitored space, appearing distressed and vulnerable. The setting suggests a lack of care and potential emotional or physical harm, emphasized by surveillance and isolation.",,,,,2175,52,0,2227,"{""label"":""Harm"",""confidence"":90,""brief_reason"":""The image shows a person in a confined, monitored space, appearing distressed and vulnerable. The setting suggests a lack of care and potential emotional or physical harm, emphasized by surveillance and isolation.""}",
prompt-results-v1,visual-cue-prompt-pilot-v1,010ecf86752795948c65f735a12ca5ef23a0b79726346feeeec6b2e8a0d97fd9,20260905,4abacadab7776f19f410667a58dab254f25527fef3a254f29b2f95a6ed48d37c,7769d81a3116e4f5bde5c85288afc8874fb9b3d97a49bbd614a8fdb7f4ede4f3,,74,2,9,2,p0,p0-baseline-v2,1c1a1676abde21bda6ea8cf6eef5a6ca2bb99ecef928005f0fe5aed4769d0fa1,b0df04e619c332a72d33e5061a92e225ef3b9a537c9dcb40ee78e063f56dfcdd,34-4,34-4.jpg,images/34-4.jpg,54b77dd8508b18cc320701e2e5d4c650978915a6fa05d172f0e86ddea6abe0a1,gpt4o,OpenAI,gpt-4o,gpt-4o-2024-08-06,2.48.0,0,{},high,2026-09-06T00:18:45.711551+00:00,2026-09-06T00:18:49.384539+00:00,3.673,1,success,Harm,90,"The image shows a person in a confined, monitored space with signs indicating stress and critical conditions. The setting suggests potential emotional or physical suffering, highlighting harm as the primary concern.",,,,,1768,50,0,1818,"{""label"":""Harm"",""confidence"":90,""brief_reason"":""The image shows a person in a confined, monitored space with signs indicating stress and critical conditions. The setting suggests potential emotional or physical suffering, highlighting harm as the primary concern.""}",
prompt-results-v1,visual-cue-prompt-pilot-v1,010ecf86752795948c65f735a12ca5ef23a0b79726346feeeec6b2e8a0d97fd9,20260905,4abacadab7776f19f410667a58dab254f25527fef3a254f29b2f95a6ed48d37c,0ca03e30bf5b938b11983542b7e7096257305093f142e8f16076b58385831e38,,75,2,9,3,p1,p1-structured-control-v1-2026-09-05,b9621814e5a2bb839e6f399c5bf42940989a14efca909b15427ab68e3ae9432d,b0df04e619c332a72d33e5061a92e225ef3b9a537c9dcb40ee78e063f56dfcdd,34-4,34-4.jpg,images/34-4.jpg,54b77dd8508b18cc320701e2e5d4c650978915a6fa05d172f0e86ddea6abe0a1,gpt4o,OpenAI,gpt-4o,gpt-4o-2024-08-06,2.48.0,0,{},high,2026-09-06T00:18:49.916282+00:00,2026-09-06T00:18:53.841796+00:00,3.926,1,success,Harm,90,"The image shows a person in a confined, monitored space with signs indicating stress and critical conditions. The setting suggests potential emotional or physical suffering, highlighting harm as the primary concern.",,,,,1999,50,0,2049,"{""label"":""Harm"",""confidence"":90,""brief_reason"":""The image shows a person in a confined, monitored space with signs indicating stress and critical conditions. The setting suggests potential emotional or physical suffering, highlighting harm as the primary concern.""}",
prompt-results-v1,visual-cue-prompt-pilot-v1,010ecf86752795948c65f735a12ca5ef23a0b79726346feeeec6b2e8a0d97fd9,20260905,4abacadab7776f19f410667a58dab254f25527fef3a254f29b2f95a6ed48d37c,021e4afa5d82a85881e593414dd809a710abe97ca100555ab154e7e29b4b164c,,76,2,10,1,p2,p2-blind-nonoverlap-cues-v1-2026-09-05,482dce5b0ed5faf3ec20bdf32b51d0eb2212e901d18dde12a59c1f710160df8d,b0df04e619c332a72d33e5061a92e225ef3b9a537c9dcb40ee78e063f56dfcdd,15-3,15-3.jpg,images/15-3.jpg,6f28dbc5170e67ac96e4ab80c38be2299d567d14bc2e675cad060a9c0181f35c,gpt4o,OpenAI,gpt-4o,gpt-4o-2024-08-06,2.48.0,0,{},high,2026-09-06T00:18:54.368657+00:00,2026-09-06T00:19:00.245564+00:00,5.877,1,success,Care,85,"The presence of a person in a Red Cross vest suggests a focus on providing aid or support, indicating a concern for the well-being of others. The military personnel and individuals with bandages imply a situation where care or assistance is needed.",,,,,2515,61,0,2576,"{""label"":""Care"",""confidence"":85,""brief_reason"":""The presence of a person in a Red Cross vest suggests a focus on providing aid or support, indicating a concern for the well-being of others. The military personnel and individuals with bandages imply a situation where care or assistance is needed.""}",
prompt-results-v1,visual-cue-prompt-pilot-v1,010ecf86752795948c65f735a12ca5ef23a0b79726346feeeec6b2e8a0d97fd9,20260905,4abacadab7776f19f410667a58dab254f25527fef3a254f29b2f95a6ed48d37c,60789b098560a34ffe992da559810d815d08a7503fccfdce30b80133ef2e28f5,,77,2,10,2,p0,p0-baseline-v2,1c1a1676abde21bda6ea8cf6eef5a6ca2bb99ecef928005f0fe5aed4769d0fa1,b0df04e619c332a72d33e5061a92e225ef3b9a537c9dcb40ee78e063f56dfcdd,15-3,15-3.jpg,images/15-3.jpg,6f28dbc5170e67ac96e4ab80c38be2299d567d14bc2e675cad060a9c0181f35c,gpt4o,OpenAI,gpt-4o,gpt-4o-2024-08-06,2.48.0,0,{},high,2026-09-06T00:19:00.770736+00:00,2026-09-06T00:19:06.470071+00:00,5.699,1,success,Care,85,"The presence of a person in a Red Cross vest suggests a focus on providing aid or support, indicating a concern for the well-being of others. The bandaged individuals imply a need for care or assistance.",,,,,2108,55,0,2163,"{""label"":""Care"",""confidence"":85,""brief_reason"":""The presence of a person in a Red Cross vest suggests a focus on providing aid or support, indicating a concern for the well-being of others. The bandaged individuals imply a need for care or assistance.""}",
prompt-results-v1,visual-cue-prompt-pilot-v1,010ecf86752795948c65f735a12ca5ef23a0b79726346feeeec6b2e8a0d97fd9,20260905,4abacadab7776f19f410667a58dab254f25527fef3a254f29b2f95a6ed48d37c,d1ebc6db301184a37256ab81731268c31a1667fe1c33d0f68dbc1c09af981d52,,78,2,10,3,p1,p1-structured-control-v1-2026-09-05,b9621814e5a2bb839e6f399c5bf42940989a14efca909b15427ab68e3ae9432d,b0df04e619c332a72d33e5061a92e225ef3b9a537c9dcb40ee78e063f56dfcdd,15-3,15-3.jpg,images/15-3.jpg,6f28dbc5170e67ac96e4ab80c38be2299d567d14bc2e675cad060a9c0181f35c,gpt4o,OpenAI,gpt-4o,gpt-4o-2024-08-06,2.48.0,0,{},high,2026-09-06T00:19:07.000189+00:00,2026-09-06T00:19:12.944046+00:00,5.944,1,success,Care,85,"The presence of a person in a Red Cross vest suggests a focus on providing aid or support, indicating a concern for the well-being of others. The military personnel and individuals with bandages imply a situation where care or assistance is being provided.",,,,,2339,62,0,2401,"{""label"":""Care"",""confidence"":85,""brief_reason"":""The presence of a person in a Red Cross vest suggests a focus on providing aid or support, indicating a concern for the well-being of others. The military personnel and individuals with bandages imply a situation where care or assistance is being provided.""}",
prompt-results-v1,visual-cue-prompt-pilot-v1,010ecf86752795948c65f735a12ca5ef23a0b79726346feeeec6b2e8a0d97fd9,20260905,4abacadab7776f19f410667a58dab254f25527fef3a254f29b2f95a6ed48d37c,9241b9f0e9b30a04ff3bd00bbf1961d662ad1d07d70c8d0a6ea722c2268b06b0,,79,2,11,1,p1,p1-structured-control-v1-2026-09-05,b9621814e5a2bb839e6f399c5bf42940989a14efca909b15427ab68e3ae9432d,b0df04e619c332a72d33e5061a92e225ef3b9a537c9dcb40ee78e063f56dfcdd,25-2,25-2.jpg,images/25-2.jpg,f2c8b7b650119d1d77c11d0589ceb662f0e41da70262e74f89249661c27fd484,gpt4o,OpenAI,gpt-4o,gpt-4o-2024-08-06,2.48.0,0,{},high,2026-09-06T00:19:13.478843+00:00,2026-09-06T00:19:17.324889+00:00,3.846,1,success,Loyalty,85,"The image shows a group of people marching together with a large rainbow flag, suggesting solidarity and support for a cause. The presence of the flag and the unified action of the group indicate a primary moral concern of loyalty to a community or movement. The confidence is high due to the clear visual evidence of group solidarity.",,,,,1999,78,0,2077,"{""label"":""Loyalty"",""confidence"":85,""brief_reason"":""The image shows a group of people marching together with a large rainbow flag, suggesting solidarity and support for a cause. The presence of the flag and the unified action of the group indicate a primary moral concern of loyalty to a community or movement. The confidence is high due to the clear visual evidence of group solidarity.""}",
prompt-results-v1,visual-cue-prompt-pilot-v1,010ecf86752795948c65f735a12ca5ef23a0b79726346feeeec6b2e8a0d97fd9,20260905,4abacadab7776f19f410667a58dab254f25527fef3a254f29b2f95a6ed48d37c,340471e0f53536dd320c9139e19165f8a46bde952c3229abd3f36b2b43fe5e3f,,80,2,11,2,p2,p2-blind-nonoverlap-cues-v1-2026-09-05,482dce5b0ed5faf3ec20bdf32b51d0eb2212e901d18dde12a59c1f710160df8d,b0df04e619c332a72d33e5061a92e225ef3b9a537c9dcb40ee78e063f56dfcdd,25-2,25-2.jpg,images/25-2.jpg,f2c8b7b650119d1d77c11d0589ceb662f0e41da70262e74f89249661c27fd484,gpt4o,OpenAI,gpt-4o,gpt-4o-2024-08-06,2.48.0,0,{},high,2026-09-06T00:19:17.850880+00:00,2026-09-06T00:19:21.443492+00:00,3.593,1,success,Loyalty,85,"The image shows a group of people marching together with a large rainbow flag, suggesting solidarity and support for a cause. The presence of the flag and the unified action of the group indicate a commitment to a shared identity or movement, which aligns with the concept of Loyalty. There is no clear evidence of other moral concerns such as Harm or Fairness.",,,,,2175,85,0,2260,"{""label"":""Loyalty"",""confidence"":85,""brief_reason"":""The image shows a group of people marching together with a large rainbow flag, suggesting solidarity and support for a cause. The presence of the flag and the unified action of the group indicate a commitment to a shared identity or movement, which aligns with the concept of Loyalty. There is no clear evidence of other moral concerns such as Harm or Fairness.""}",
prompt-results-v1,visual-cue-prompt-pilot-v1,010ecf86752795948c65f735a12ca5ef23a0b79726346feeeec6b2e8a0d97fd9,20260905,4abacadab7776f19f410667a58dab254f25527fef3a254f29b2f95a6ed48d37c,6bc800fc002a93a70d7cef5cb30bb9c2e552261c8289a6cccb9d3e72fda94ca9,,81,2,11,3,p0,p0-baseline-v2,1c1a1676abde21bda6ea8cf6eef5a6ca2bb99ecef928005f0fe5aed4769d0fa1,b0df04e619c332a72d33e5061a92e225ef3b9a537c9dcb40ee78e063f56dfcdd,25-2,25-2.jpg,images/25-2.jpg,f2c8b7b650119d1d77c11d0589ceb662f0e41da70262e74f89249661c27fd484,gpt4o,OpenAI,gpt-4o,gpt-4o-2024-08-06,2.48.0,0,{},high,2026-09-06T00:19:21.975491+00:00,2026-09-06T00:19:25.482629+00:00,3.507,1,success,Loyalty,85,"The image shows a group of people marching together with a large rainbow flag, suggesting solidarity and support for a cause. The presence of the flag and the unified action of the group indicate a commitment to a shared identity or movement, which aligns with the concept of Loyalty. There is some ambiguity as it could also relate to Fairness, but the primary visible concern is group solidarity.",,,,,1768,91,0,1859,"{""label"":""Loyalty"",""confidence"":85,""brief_reason"":""The image shows a group of people marching together with a large rainbow flag, suggesting solidarity and support for a cause. The presence of the flag and the unified action of the group indicate a commitment to a shared identity or movement, which aligns with the concept of Loyalty. There is some ambiguity as it could also relate to Fairness, but the primary visible concern is group solidarity.""}",
prompt-results-v1,visual-cue-prompt-pilot-v1,010ecf86752795948c65f735a12ca5ef23a0b79726346feeeec6b2e8a0d97fd9,20260905,4abacadab7776f19f410667a58dab254f25527fef3a254f29b2f95a6ed48d37c,84b55916b323610345feab626064a56708e2774ff4c1408a494a943d71c14105,,82,2,12,1,p0,p0-baseline-v2,1c1a1676abde21bda6ea8cf6eef5a6ca2bb99ecef928005f0fe5aed4769d0fa1,b0df04e619c332a72d33e5061a92e225ef3b9a537c9dcb40ee78e063f56dfcdd,16-2,16-2.jpg,images/16-2.jpg,b19fe338347260d6f82e12bf5b43634b2f0503089cdbb715f9dfe13c1d5639b4,gpt4o,OpenAI,gpt-4o,gpt-4o-2024-08-06,2.48.0,0,{},high,2026-09-06T00:19:26.010340+00:00,2026-09-06T00:19:27.787394+00:00,1.777,1,success,Harm,90,"The image shows one person grabbing another in a way that suggests physical aggression or struggle, indicating potential harm or violence.",,,,,1768,38,0,1806,"{""label"":""Harm"",""confidence"":90,""brief_reason"":""The image shows one person grabbing another in a way that suggests physical aggression or struggle, indicating potential harm or violence.""}",
prompt-results-v1,visual-cue-prompt-pilot-v1,010ecf86752795948c65f735a12ca5ef23a0b79726346feeeec6b2e8a0d97fd9,20260905,4abacadab7776f19f410667a58dab254f25527fef3a254f29b2f95a6ed48d37c,47912896b1ee94e4c7ebeba78abaa202f95ec287c68fbbcb68a2dbbd97b8d637,,83,2,12,2,p1,p1-structured-control-v1-2026-09-05,b9621814e5a2bb839e6f399c5bf42940989a14efca909b15427ab68e3ae9432d,b0df04e619c332a72d33e5061a92e225ef3b9a537c9dcb40ee78e063f56dfcdd,16-2,16-2.jpg,images/16-2.jpg,b19fe338347260d6f82e12bf5b43634b2f0503089cdbb715f9dfe13c1d5639b4,gpt4o,OpenAI,gpt-4o,gpt-4o-2024-08-06,2.48.0,0,{},high,2026-09-06T00:19:28.314311+00:00,2026-09-06T00:19:30.194581+00:00,1.88,1,success,Harm,90,"The image shows one person grabbing another in a way that suggests physical struggle or aggression, indicating potential harm or violence.",,,,,1999,38,0,2037,"{""label"":""Harm"",""confidence"":90,""brief_reason"":""The image shows one person grabbing another in a way that suggests physical struggle or aggression, indicating potential harm or violence.""}",
prompt-results-v1,visual-cue-prompt-pilot-v1,010ecf86752795948c65f735a12ca5ef23a0b79726346feeeec6b2e8a0d97fd9,20260905,4abacadab7776f19f410667a58dab254f25527fef3a254f29b2f95a6ed48d37c,b109744d8bdb9a95fe23c75f2d0dbf732ecca8e62b5c907f01d7ccfacb350722,,84,2,12,3,p2,p2-blind-nonoverlap-cues-v1-2026-09-05,482dce5b0ed5faf3ec20bdf32b51d0eb2212e901d18dde12a59c1f710160df8d,b0df04e619c332a72d33e5061a92e225ef3b9a537c9dcb40ee78e063f56dfcdd,16-2,16-2.jpg,images/16-2.jpg,b19fe338347260d6f82e12bf5b43634b2f0503089cdbb715f9dfe13c1d5639b4,gpt4o,OpenAI,gpt-4o,gpt-4o-2024-08-06,2.48.0,0,{},high,2026-09-06T00:19:30.725796+00:00,2026-09-06T00:19:32.450438+00:00,1.725,1,success,Harm,90,"The image shows one person grabbing another from behind, with both displaying expressions of pain or distress. This suggests a physical altercation or struggle, indicating harm or potential harm.",,,,,2175,49,0,2224,"{""label"":""Harm"",""confidence"":90,""brief_reason"":""The image shows one person grabbing another from behind, with both displaying expressions of pain or distress. This suggests a physical altercation or struggle, indicating harm or potential harm.""}",
prompt-results-v1,visual-cue-prompt-pilot-v1,010ecf86752795948c65f735a12ca5ef23a0b79726346feeeec6b2e8a0d97fd9,20260905,4abacadab7776f19f410667a58dab254f25527fef3a254f29b2f95a6ed48d37c,9f6062bcb978ddd819507174d4dc6c536c9564bf1c69d837e8b1b9b47c9bffe7,,85,2,13,1,p1,p1-structured-control-v1-2026-09-05,b9621814e5a2bb839e6f399c5bf42940989a14efca909b15427ab68e3ae9432d,b0df04e619c332a72d33e5061a92e225ef3b9a537c9dcb40ee78e063f56dfcdd,5-1,5-1.jpg,images/5-1.jpg,589bad34aefce12c54edbac3b2719b2364fea38829d953c2dd548960607a1ff1,gpt4o,OpenAI,gpt-4o,gpt-4o-2024-08-06,2.48.0,0,{},high,2026-09-06T00:19:32.974729+00:00,2026-09-06T00:19:34.412477+00:00,1.438,1,success,Care,90,"The image shows a large group of people, including children, appearing distressed and in need, suggesting vulnerability and a need for support. The primary moral concern is the well-being of these individuals, indicating Care.",,,,,1999,55,0,2054,"{""label"":""Care"",""confidence"":90,""brief_reason"":""The image shows a large group of people, including children, appearing distressed and in need, suggesting vulnerability and a need for support. The primary moral concern is the well-being of these individuals, indicating Care.""}",
prompt-results-v1,visual-cue-prompt-pilot-v1,010ecf86752795948c65f735a12ca5ef23a0b79726346feeeec6b2e8a0d97fd9,20260905,4abacadab7776f19f410667a58dab254f25527fef3a254f29b2f95a6ed48d37c,e560d31f9ec863a3244fa0a995b0772fa6149624b169311b73f465e396a0d373,,86,2,13,2,p2,p2-blind-nonoverlap-cues-v1-2026-09-05,482dce5b0ed5faf3ec20bdf32b51d0eb2212e901d18dde12a59c1f710160df8d,b0df04e619c332a72d33e5061a92e225ef3b9a537c9dcb40ee78e063f56dfcdd,5-1,5-1.jpg,images/5-1.jpg,589bad34aefce12c54edbac3b2719b2364fea38829d953c2dd548960607a1ff1,gpt4o,OpenAI,gpt-4o,gpt-4o-2024-08-06,2.48.0,0,{},high,2026-09-06T00:19:34.938696+00:00,2026-09-06T00:19:36.456106+00:00,1.517,1,success,Care,85,"The image shows a crowd of people, including children, with expressions of distress and need. The primary moral concern appears to be their vulnerability and need for support, indicating a concern for their well-being.",,,,,2175,54,0,2229,"{""label"":""Care"",""confidence"":85,""brief_reason"":""The image shows a crowd of people, including children, with expressions of distress and need. The primary moral concern appears to be their vulnerability and need for support, indicating a concern for their well-being.""}",
prompt-results-v1,visual-cue-prompt-pilot-v1,010ecf86752795948c65f735a12ca5ef23a0b79726346feeeec6b2e8a0d97fd9,20260905,4abacadab7776f19f410667a58dab254f25527fef3a254f29b2f95a6ed48d37c,a44b6b584b33545e1aeefeee8e1bf727e531deb40dc161a4b75b6a3a22eee0f1,,87,2,13,3,p0,p0-baseline-v2,1c1a1676abde21bda6ea8cf6eef5a6ca2bb99ecef928005f0fe5aed4769d0fa1,b0df04e619c332a72d33e5061a92e225ef3b9a537c9dcb40ee78e063f56dfcdd,5-1,5-1.jpg,images/5-1.jpg,589bad34aefce12c54edbac3b2719b2364fea38829d953c2dd548960607a1ff1,gpt4o,OpenAI,gpt-4o,gpt-4o-2024-08-06,2.48.0,0,{},high,2026-09-06T00:19:36.985101+00:00,2026-09-06T00:19:39.207554+00:00,2.222,1,success,Care,90,"The image shows a child crying and reaching out, surrounded by a crowd of people who appear distressed. This suggests a situation of vulnerability and need, indicating a primary moral concern of Care for the well-being and support of those in distress.",,,,,1768,61,0,1829,"{""label"":""Care"",""confidence"":90,""brief_reason"":""The image shows a child crying and reaching out, surrounded by a crowd of people who appear distressed. This suggests a situation of vulnerability and need, indicating a primary moral concern of Care for the well-being and support of those in distress.""}",
prompt-results-v1,visual-cue-prompt-pilot-v1,010ecf86752795948c65f735a12ca5ef23a0b79726346feeeec6b2e8a0d97fd9,20260905,4abacadab7776f19f410667a58dab254f25527fef3a254f29b2f95a6ed48d37c,72896dd71f8f3b333e5ffabed94b5253b20079eceb9a9f519ec305fe0f3c7bb9,,88,2,14,1,p1,p1-structured-control-v1-2026-09-05,b9621814e5a2bb839e6f399c5bf42940989a14efca909b15427ab68e3ae9432d,b0df04e619c332a72d33e5061a92e225ef3b9a537c9dcb40ee78e063f56dfcdd,o-1,o-1.jpg,images/o-1.jpg,465ce5e16a46ae2345602e9171dd9d71e3f2541db1587e0b00b60a3ad76e919e,gpt4o,OpenAI,gpt-4o,gpt-4o-2024-08-06,2.48.0,0,{},high,2026-09-06T00:19:39.735247+00:00,2026-09-06T00:19:41.610404+00:00,1.875,1,success,Cheating,85,"The image shows a person looking at another's paper during what appears to be a test or exam, suggesting an attempt to copy answers, which aligns with cheating.",,,,,1999,47,0,2046,"{""label"":""Cheating"",""confidence"":85,""brief_reason"":""The image shows a person looking at another's paper during what appears to be a test or exam, suggesting an attempt to copy answers, which aligns with cheating.""}",
prompt-results-v1,visual-cue-prompt-pilot-v1,010ecf86752795948c65f735a12ca5ef23a0b79726346feeeec6b2e8a0d97fd9,20260905,4abacadab7776f19f410667a58dab254f25527fef3a254f29b2f95a6ed48d37c,6ed9c9fbcca684daf0e2546428c84fb30271b055c51849ceeb999b691b4d5d1a,,89,2,14,2,p2,p2-blind-nonoverlap-cues-v1-2026-09-05,482dce5b0ed5faf3ec20bdf32b51d0eb2212e901d18dde12a59c1f710160df8d,b0df04e619c332a72d33e5061a92e225ef3b9a537c9dcb40ee78e063f56dfcdd,o-1,o-1.jpg,images/o-1.jpg,465ce5e16a46ae2345602e9171dd9d71e3f2541db1587e0b00b60a3ad76e919e,gpt4o,OpenAI,gpt-4o,gpt-4o-2024-08-06,2.48.0,0,{},high,2026-09-06T00:19:42.139386+00:00,2026-09-06T00:19:43.778167+00:00,1.639,1,success,Cheating,85,"The image shows one person appearing to look at another's work during what seems to be a test or exam, suggesting potential cheating. The primary moral concern is the violation of fairness through possible deception or gaining an unfair advantage.",,,,,2175,59,0,2234,"{""label"":""Cheating"",""confidence"":85,""brief_reason"":""The image shows one person appearing to look at another's work during what seems to be a test or exam, suggesting potential cheating. The primary moral concern is the violation of fairness through possible deception or gaining an unfair advantage.""}",
prompt-results-v1,visual-cue-prompt-pilot-v1,010ecf86752795948c65f735a12ca5ef23a0b79726346feeeec6b2e8a0d97fd9,20260905,4abacadab7776f19f410667a58dab254f25527fef3a254f29b2f95a6ed48d37c,c5c404c935a13800a9adb2d92d513d60d23cc798500621fe404b5a13002e4595,,90,2,14,3,p0,p0-baseline-v2,1c1a1676abde21bda6ea8cf6eef5a6ca2bb99ecef928005f0fe5aed4769d0fa1,b0df04e619c332a72d33e5061a92e225ef3b9a537c9dcb40ee78e063f56dfcdd,o-1,o-1.jpg,images/o-1.jpg,465ce5e16a46ae2345602e9171dd9d71e3f2541db1587e0b00b60a3ad76e919e,gpt4o,OpenAI,gpt-4o,gpt-4o-2024-08-06,2.48.0,0,{},high,2026-09-06T00:19:44.305074+00:00,2026-09-06T00:19:46.254614+00:00,1.95,1,success,Cheating,85,"The image shows a person looking at another's work during what appears to be a test or exam, suggesting potential cheating. The primary moral concern is the violation of fairness through possible deception or gaining an unfair advantage.",,,,,1768,57,0,1825,"{""label"":""Cheating"",""confidence"":85,""brief_reason"":""The image shows a person looking at another's work during what appears to be a test or exam, suggesting potential cheating. The primary moral concern is the violation of fairness through possible deception or gaining an unfair advantage.""}",
prompt-results-v1,visual-cue-prompt-pilot-v1,010ecf86752795948c65f735a12ca5ef23a0b79726346feeeec6b2e8a0d97fd9,20260905,4abacadab7776f19f410667a58dab254f25527fef3a254f29b2f95a6ed48d37c,869817dd97895f59a1a6f8eea52b505d4e6a7eb0e5deb8f7452423ae620fa25a,,91,2,15,1,p1,p1-structured-control-v1-2026-09-05,b9621814e5a2bb839e6f399c5bf42940989a14efca909b15427ab68e3ae9432d,b0df04e619c332a72d33e5061a92e225ef3b9a537c9dcb40ee78e063f56dfcdd,g-1,g-1.png,images/g-1.png,943338cbf3221f686e7f8eab88ffc3c7ca097f6fc19aae82b4af59fa203117af,gpt4o,OpenAI,gpt-4o,gpt-4o-2024-08-06,2.48.0,0,{},high,2026-09-06T00:19:46.784681+00:00,2026-09-06T00:19:50.981159+00:00,4.197,1,success,Fairness,90,"The image shows a person in a wheelchair facing a staircase without a visible ramp, highlighting a lack of accessibility. This suggests an issue of fairness regarding equal access.",,,,,2339,47,0,2386,"{""label"":""Fairness"",""confidence"":90,""brief_reason"":""The image shows a person in a wheelchair facing a staircase without a visible ramp, highlighting a lack of accessibility. This suggests an issue of fairness regarding equal access.""}",
prompt-results-v1,visual-cue-prompt-pilot-v1,010ecf86752795948c65f735a12ca5ef23a0b79726346feeeec6b2e8a0d97fd9,20260905,4abacadab7776f19f410667a58dab254f25527fef3a254f29b2f95a6ed48d37c,387dabb8b6f3cfb776974e768d12cdbb08e3dc44edeb1178248a140f426d6d19,,92,2,15,2,p2,p2-blind-nonoverlap-cues-v1-2026-09-05,482dce5b0ed5faf3ec20bdf32b51d0eb2212e901d18dde12a59c1f710160df8d,b0df04e619c332a72d33e5061a92e225ef3b9a537c9dcb40ee78e063f56dfcdd,g-1,g-1.png,images/g-1.png,943338cbf3221f686e7f8eab88ffc3c7ca097f6fc19aae82b4af59fa203117af,gpt4o,OpenAI,gpt-4o,gpt-4o-2024-08-06,2.48.0,0,{},high,2026-09-06T00:19:51.510927+00:00,2026-09-06T00:19:56.118450+00:00,4.608,1,success,Fairness,85,"The image shows a person in a wheelchair facing a staircase without an accessible ramp, indicating a lack of equitable access to the building. This suggests a primary concern with fairness and equal opportunity.",,,,,2515,52,0,2567,"{""label"":""Fairness"",""confidence"":85,""brief_reason"":""The image shows a person in a wheelchair facing a staircase without an accessible ramp, indicating a lack of equitable access to the building. This suggests a primary concern with fairness and equal opportunity.""}",
prompt-results-v1,visual-cue-prompt-pilot-v1,010ecf86752795948c65f735a12ca5ef23a0b79726346feeeec6b2e8a0d97fd9,20260905,4abacadab7776f19f410667a58dab254f25527fef3a254f29b2f95a6ed48d37c,b368b9784f4cbe3b1e32876d5168fd32a7d53b93a35139bd0e2b9e8a6431a8e8,,93,2,15,3,p0,p0-baseline-v2,1c1a1676abde21bda6ea8cf6eef5a6ca2bb99ecef928005f0fe5aed4769d0fa1,b0df04e619c332a72d33e5061a92e225ef3b9a537c9dcb40ee78e063f56dfcdd,g-1,g-1.png,images/g-1.png,943338cbf3221f686e7f8eab88ffc3c7ca097f6fc19aae82b4af59fa203117af,gpt4o,OpenAI,gpt-4o,gpt-4o-2024-08-06,2.48.0,0,{},high,2026-09-06T00:19:56.649988+00:00,2026-09-06T00:20:00.624372+00:00,3.974,1,success,Fairness,90,"The image shows a person in a wheelchair facing a staircase, highlighting a lack of accessibility. This suggests an issue of fairness, as the building is not accessible to everyone equally.",,,,,2108,50,0,2158,"{""label"":""Fairness"",""confidence"":90,""brief_reason"":""The image shows a person in a wheelchair facing a staircase, highlighting a lack of accessibility. This suggests an issue of fairness, as the building is not accessible to everyone equally.""}",
prompt-results-v1,visual-cue-prompt-pilot-v1,010ecf86752795948c65f735a12ca5ef23a0b79726346feeeec6b2e8a0d97fd9,20260905,4abacadab7776f19f410667a58dab254f25527fef3a254f29b2f95a6ed48d37c,62bcdcb68a4dc0174f886bdba04340bb8f0a46e976c697d6ee8743a55d86f673,,94,2,16,1,p2,p2-blind-nonoverlap-cues-v1-2026-09-05,482dce5b0ed5faf3ec20bdf32b51d0eb2212e901d18dde12a59c1f710160df8d,b0df04e619c332a72d33e5061a92e225ef3b9a537c9dcb40ee78e063f56dfcdd,o-2,o-2.jpg,images/o-2.jpg,21aa96fa08ee7513fe40f6f363813482ecc5d47bee6902d10ca1e7f04b65a45c,gpt4o,OpenAI,gpt-4o,gpt-4o-2024-08-06,2.48.0,0,{},high,2026-09-06T00:20:01.153297+00:00,2026-09-06T00:20:03.278361+00:00,2.125,1,success,None of these / Not clearly moral in nature,95,"The image shows athletes starting a race, which is a neutral sporting event. There is no clear moral concern such as fairness, harm, or care depicted. The scene is focused on competition, which does not inherently convey a specific moral issue.",,,,,2175,70,0,2245,"{""label"":""None of these / Not clearly moral in nature"",""confidence"":95,""brief_reason"":""The image shows athletes starting a race, which is a neutral sporting event. There is no clear moral concern such as fairness, harm, or care depicted. The scene is focused on competition, which does not inherently convey a specific moral issue.""}",
prompt-results-v1,visual-cue-prompt-pilot-v1,010ecf86752795948c65f735a12ca5ef23a0b79726346feeeec6b2e8a0d97fd9,20260905,4abacadab7776f19f410667a58dab254f25527fef3a254f29b2f95a6ed48d37c,688bd75760ecb668a23e8458038fe4c5ca5abe4a23d8e64c978778657571ad25,,95,2,16,2,p0,p0-baseline-v2,1c1a1676abde21bda6ea8cf6eef5a6ca2bb99ecef928005f0fe5aed4769d0fa1,b0df04e619c332a72d33e5061a92e225ef3b9a537c9dcb40ee78e063f56dfcdd,o-2,o-2.jpg,images/o-2.jpg,21aa96fa08ee7513fe40f6f363813482ecc5d47bee6902d10ca1e7f04b65a45c,gpt4o,OpenAI,gpt-4o,gpt-4o-2024-08-06,2.48.0,0,{},high,2026-09-06T00:20:03.809292+00:00,2026-09-06T00:20:05.901818+00:00,2.093,1,success,None of these / Not clearly moral in nature,95,"The image shows athletes starting a race, which is a competitive sports event. There is no clear moral concern such as fairness, cheating, or harm visible in the image. The scene is primarily about athletic competition, which does not inherently convey a specific moral issue.",,,,,1768,74,0,1842,"{""label"":""None of these / Not clearly moral in nature"",""confidence"":95,""brief_reason"":""The image shows athletes starting a race, which is a competitive sports event. There is no clear moral concern such as fairness, cheating, or harm visible in the image. The scene is primarily about athletic competition, which does not inherently convey a specific moral issue.""}",
prompt-results-v1,visual-cue-prompt-pilot-v1,010ecf86752795948c65f735a12ca5ef23a0b79726346feeeec6b2e8a0d97fd9,20260905,4abacadab7776f19f410667a58dab254f25527fef3a254f29b2f95a6ed48d37c,6051f6dccfce75448f374e38a114091e22a0674b8d6810a4672109804fb1881a,,96,2,16,3,p1,p1-structured-control-v1-2026-09-05,b9621814e5a2bb839e6f399c5bf42940989a14efca909b15427ab68e3ae9432d,b0df04e619c332a72d33e5061a92e225ef3b9a537c9dcb40ee78e063f56dfcdd,o-2,o-2.jpg,images/o-2.jpg,21aa96fa08ee7513fe40f6f363813482ecc5d47bee6902d10ca1e7f04b65a45c,gpt4o,OpenAI,gpt-4o,gpt-4o-2024-08-06,2.48.0,0,{},high,2026-09-06T00:20:06.430691+00:00,2026-09-06T00:20:08.513427+00:00,2.083,1,success,None of these / Not clearly moral in nature,95,"The image shows athletes starting a race, which is a neutral sporting event without a clear moral concern. There is no visible evidence of harm, fairness issues, or other moral themes.",,,,,1999,58,0,2057,"{""label"":""None of these / Not clearly moral in nature"",""confidence"":95,""brief_reason"":""The image shows athletes starting a race, which is a neutral sporting event without a clear moral concern. There is no visible evidence of harm, fairness issues, or other moral themes.""}",
prompt-results-v1,visual-cue-prompt-pilot-v1,010ecf86752795948c65f735a12ca5ef23a0b79726346feeeec6b2e8a0d97fd9,20260905,4abacadab7776f19f410667a58dab254f25527fef3a254f29b2f95a6ed48d37c,626066bde8378ec2a67f2aecf7fc23aa8d1fc907dc5a8a824e3841bba95c195f,,97,3,1,1,p0,p0-baseline-v2,1c1a1676abde21bda6ea8cf6eef5a6ca2bb99ecef928005f0fe5aed4769d0fa1,b0df04e619c332a72d33e5061a92e225ef3b9a537c9dcb40ee78e063f56dfcdd,15-3,15-3.jpg,images/15-3.jpg,6f28dbc5170e67ac96e4ab80c38be2299d567d14bc2e675cad060a9c0181f35c,gpt4o,OpenAI,gpt-4o,gpt-4o-2024-08-06,2.48.0,0,{},high,2026-09-06T00:20:09.047899+00:00,2026-09-06T00:20:15.420440+00:00,6.373,1,success,Care,85,"The presence of a person in a Red Cross vest suggests a focus on providing aid or support, indicating a concern for the well-being of others. The soldier's involvement may imply protection or assistance. The bandaged individuals suggest a need for care.",,,,,2108,63,0,2171,"{""label"":""Care"",""confidence"":85,""brief_reason"":""The presence of a person in a Red Cross vest suggests a focus on providing aid or support, indicating a concern for the well-being of others. The soldier's involvement may imply protection or assistance. The bandaged individuals suggest a need for care.""}",
prompt-results-v1,visual-cue-prompt-pilot-v1,010ecf86752795948c65f735a12ca5ef23a0b79726346feeeec6b2e8a0d97fd9,20260905,4abacadab7776f19f410667a58dab254f25527fef3a254f29b2f95a6ed48d37c,3fe2d622323e20077d732aac7e06d515506f10ffd6f413eb31e468babf19c806,,98,3,1,2,p1,p1-structured-control-v1-2026-09-05,b9621814e5a2bb839e6f399c5bf42940989a14efca909b15427ab68e3ae9432d,b0df04e619c332a72d33e5061a92e225ef3b9a537c9dcb40ee78e063f56dfcdd,15-3,15-3.jpg,images/15-3.jpg,6f28dbc5170e67ac96e4ab80c38be2299d567d14bc2e675cad060a9c0181f35c,gpt4o,OpenAI,gpt-4o,gpt-4o-2024-08-06,2.48.0,0,{},high,2026-09-06T00:20:15.953662+00:00,2026-09-06T00:20:21.774714+00:00,5.821,1,success,Care,85,"The presence of a person in a Red Cross vest suggests a focus on providing aid or support, indicating a concern for the well-being of others. The military personnel and individuals with bandages imply a situation where care or assistance is needed.",,,,,2339,61,0,2400,"{""label"":""Care"",""confidence"":85,""brief_reason"":""The presence of a person in a Red Cross vest suggests a focus on providing aid or support, indicating a concern for the well-being of others. The military personnel and individuals with bandages imply a situation where care or assistance is needed.""}",
prompt-results-v1,visual-cue-prompt-pilot-v1,010ecf86752795948c65f735a12ca5ef23a0b79726346feeeec6b2e8a0d97fd9,20260905,4abacadab7776f19f410667a58dab254f25527fef3a254f29b2f95a6ed48d37c,bd81befa23603a15835063eab60d77ecb75561171a6af9b35af3c66bbf81b239,,99,3,1,3,p2,p2-blind-nonoverlap-cues-v1-2026-09-05,482dce5b0ed5faf3ec20bdf32b51d0eb2212e901d18dde12a59c1f710160df8d,b0df04e619c332a72d33e5061a92e225ef3b9a537c9dcb40ee78e063f56dfcdd,15-3,15-3.jpg,images/15-3.jpg,6f28dbc5170e67ac96e4ab80c38be2299d567d14bc2e675cad060a9c0181f35c,gpt4o,OpenAI,gpt-4o,gpt-4o-2024-08-06,2.48.0,0,{},high,2026-09-06T00:20:22.302743+00:00,2026-09-06T00:20:28.203002+00:00,5.9,1,success,Care,85,"The presence of a person in a Red Cross vest suggests a focus on providing aid or support, indicating a concern for the well-being of others. The military personnel and individuals with bandages imply a situation where care or assistance is needed.",,,,,2515,61,0,2576,"{""label"":""Care"",""confidence"":85,""brief_reason"":""The presence of a person in a Red Cross vest suggests a focus on providing aid or support, indicating a concern for the well-being of others. The military personnel and individuals with bandages imply a situation where care or assistance is needed.""}",
prompt-results-v1,visual-cue-prompt-pilot-v1,010ecf86752795948c65f735a12ca5ef23a0b79726346feeeec6b2e8a0d97fd9,20260905,4abacadab7776f19f410667a58dab254f25527fef3a254f29b2f95a6ed48d37c,35246b258214f41ae8a0be112cb9ee042663879e888b23d34e1460f358cf43a7,,100,3,2,1,p2,p2-blind-nonoverlap-cues-v1-2026-09-05,482dce5b0ed5faf3ec20bdf32b51d0eb2212e901d18dde12a59c1f710160df8d,b0df04e619c332a72d33e5061a92e225ef3b9a537c9dcb40ee78e063f56dfcdd,9-2,9-2.jpg,images/9-2.jpg,62142986ca8108d3f29fee7e17e6af5650e1c7bdfdc9a95870bf910fa30abc0d,gpt4o,OpenAI,gpt-4o,gpt-4o-2024-08-06,2.48.0,0,{},high,2026-09-06T00:20:28.731421+00:00,2026-09-06T00:20:30.901947+00:00,2.171,1,success,Care,85,"The image shows a crowded living space with children and an adult, suggesting a situation where care and support are needed due to visible vulnerability and potential need for better living conditions. The primary concern appears to be the well-being of the individuals in this environment.",,,,,2515,64,0,2579,"{""label"":""Care"",""confidence"":85,""brief_reason"":""The image shows a crowded living space with children and an adult, suggesting a situation where care and support are needed due to visible vulnerability and potential need for better living conditions. The primary concern appears to be the well-being of the individuals in this environment.""}",
prompt-results-v1,visual-cue-prompt-pilot-v1,010ecf86752795948c65f735a12ca5ef23a0b79726346feeeec6b2e8a0d97fd9,20260905,4abacadab7776f19f410667a58dab254f25527fef3a254f29b2f95a6ed48d37c,7cf51671f5ef3cebc167516323877f862ec6b449e5fb0924be50bfe7e15e2537,,101,3,2,2,p0,p0-baseline-v2,1c1a1676abde21bda6ea8cf6eef5a6ca2bb99ecef928005f0fe5aed4769d0fa1,b0df04e619c332a72d33e5061a92e225ef3b9a537c9dcb40ee78e063f56dfcdd,9-2,9-2.jpg,images/9-2.jpg,62142986ca8108d3f29fee7e17e6af5650e1c7bdfdc9a95870bf910fa30abc0d,gpt4o,OpenAI,gpt-4o,gpt-4o-2024-08-06,2.48.0,0,{},high,2026-09-06T00:20:31.432099+00:00,2026-09-06T00:20:33.789900+00:00,2.358,1,success,Care,85,"The image shows a crowded living space with children and an adult, suggesting a situation where care and support are needed due to visible signs of limited resources and space. The primary moral concern appears to be the well-being and support of the individuals in this environment. While the image could also suggest fairness due to living conditions, the immediate concern for care is more prominent.",,,,,2108,86,0,2194,"{""label"":""Care"",""confidence"":85,""brief_reason"":""The image shows a crowded living space with children and an adult, suggesting a situation where care and support are needed due to visible signs of limited resources and space. The primary moral concern appears to be the well-being and support of the individuals in this environment. While the image could also suggest fairness due to living conditions, the immediate concern for care is more prominent.""}",
prompt-results-v1,visual-cue-prompt-pilot-v1,010ecf86752795948c65f735a12ca5ef23a0b79726346feeeec6b2e8a0d97fd9,20260905,4abacadab7776f19f410667a58dab254f25527fef3a254f29b2f95a6ed48d37c,97348ac29ab0d5d16ac1f94cd1a9ba8f015f240841f5565bdc558bd57a00ad63,,102,3,2,3,p1,p1-structured-control-v1-2026-09-05,b9621814e5a2bb839e6f399c5bf42940989a14efca909b15427ab68e3ae9432d,b0df04e619c332a72d33e5061a92e225ef3b9a537c9dcb40ee78e063f56dfcdd,9-2,9-2.jpg,images/9-2.jpg,62142986ca8108d3f29fee7e17e6af5650e1c7bdfdc9a95870bf910fa30abc0d,gpt4o,OpenAI,gpt-4o,gpt-4o-2024-08-06,2.48.0,0,{},high,2026-09-06T00:20:34.317325+00:00,2026-09-06T00:20:36.659454+00:00,2.342,1,success,Care,85,"The image shows a crowded living space with children and an adult, suggesting a situation where care and support are important due to visible vulnerability and need for well-being.",,,,,2339,46,0,2385,"{""label"":""Care"",""confidence"":85,""brief_reason"":""The image shows a crowded living space with children and an adult, suggesting a situation where care and support are important due to visible vulnerability and need for well-being.""}",
prompt-results-v1,visual-cue-prompt-pilot-v1,010ecf86752795948c65f735a12ca5ef23a0b79726346feeeec6b2e8a0d97fd9,20260905,4abacadab7776f19f410667a58dab254f25527fef3a254f29b2f95a6ed48d37c,98da723c9e2e09361921be122449c1884f646e9c8e0c42898d54b12744864864,,103,3,3,1,p2,p2-blind-nonoverlap-cues-v1-2026-09-05,482dce5b0ed5faf3ec20bdf32b51d0eb2212e901d18dde12a59c1f710160df8d,b0df04e619c332a72d33e5061a92e225ef3b9a537c9dcb40ee78e063f56dfcdd,5-1,5-1.jpg,images/5-1.jpg,589bad34aefce12c54edbac3b2719b2364fea38829d953c2dd548960607a1ff1,gpt4o,OpenAI,gpt-4o,gpt-4o-2024-08-06,2.48.0,0,{},high,2026-09-06T00:20:37.191004+00:00,2026-09-06T00:20:38.709141+00:00,1.518,1,success,Care,90,"The image shows a crowd of people, including children, with expressions of distress and need. The primary moral concern is the visible vulnerability and need for support, indicating a concern for their well-being.",,,,,2175,53,0,2228,"{""label"":""Care"",""confidence"":90,""brief_reason"":""The image shows a crowd of people, including children, with expressions of distress and need. The primary moral concern is the visible vulnerability and need for support, indicating a concern for their well-being.""}",
prompt-results-v1,visual-cue-prompt-pilot-v1,010ecf86752795948c65f735a12ca5ef23a0b79726346feeeec6b2e8a0d97fd9,20260905,4abacadab7776f19f410667a58dab254f25527fef3a254f29b2f95a6ed48d37c,29d02d20969492c57cf383ceca7378d5ca27649dfa6a8874c188943e39c27bb7,,104,3,3,2,p0,p0-baseline-v2,1c1a1676abde21bda6ea8cf6eef5a6ca2bb99ecef928005f0fe5aed4769d0fa1,b0df04e619c332a72d33e5061a92e225ef3b9a537c9dcb40ee78e063f56dfcdd,5-1,5-1.jpg,images/5-1.jpg,589bad34aefce12c54edbac3b2719b2364fea38829d953c2dd548960607a1ff1,gpt4o,OpenAI,gpt-4o,gpt-4o-2024-08-06,2.48.0,0,{},high,2026-09-06T00:20:39.236358+00:00,2026-09-06T00:20:40.840547+00:00,1.604,1,success,Care,90,"The image shows a crowd of people, including children, with expressions of distress and need. The primary moral concern is the visible vulnerability and need for support, indicating a concern for their well-being.",,,,,1768,53,0,1821,"{""label"":""Care"",""confidence"":90,""brief_reason"":""The image shows a crowd of people, including children, with expressions of distress and need. The primary moral concern is the visible vulnerability and need for support, indicating a concern for their well-being.""}",
prompt-results-v1,visual-cue-prompt-pilot-v1,010ecf86752795948c65f735a12ca5ef23a0b79726346feeeec6b2e8a0d97fd9,20260905,4abacadab7776f19f410667a58dab254f25527fef3a254f29b2f95a6ed48d37c,ffcc58714af87b807581862483b7c5fa9b502f270c18166bed6d5f08f98fe030,,105,3,3,3,p1,p1-structured-control-v1-2026-09-05,b9621814e5a2bb839e6f399c5bf42940989a14efca909b15427ab68e3ae9432d,b0df04e619c332a72d33e5061a92e225ef3b9a537c9dcb40ee78e063f56dfcdd,5-1,5-1.jpg,images/5-1.jpg,589bad34aefce12c54edbac3b2719b2364fea38829d953c2dd548960607a1ff1,gpt4o,OpenAI,gpt-4o,gpt-4o-2024-08-06,2.48.0,0,{},high,2026-09-06T00:20:41.368496+00:00,2026-09-06T00:20:43.074118+00:00,1.706,1,success,Care,90,"The image shows a crowd of people, including children, with expressions of distress and need. The primary moral concern is the visible vulnerability and need for support, indicating a concern for their well-being.",,,,,1999,53,0,2052,"{""label"":""Care"",""confidence"":90,""brief_reason"":""The image shows a crowd of people, including children, with expressions of distress and need. The primary moral concern is the visible vulnerability and need for support, indicating a concern for their well-being.""}",
prompt-results-v1,visual-cue-prompt-pilot-v1,010ecf86752795948c65f735a12ca5ef23a0b79726346feeeec6b2e8a0d97fd9,20260905,4abacadab7776f19f410667a58dab254f25527fef3a254f29b2f95a6ed48d37c,0589895a3bd0deab306c4e831f6d8a41d1280bb70c0fa1e1b2ce6185d54a9c4f,,106,3,4,1,p2,p2-blind-nonoverlap-cues-v1-2026-09-05,482dce5b0ed5faf3ec20bdf32b51d0eb2212e901d18dde12a59c1f710160df8d,b0df04e619c332a72d33e5061a92e225ef3b9a537c9dcb40ee78e063f56dfcdd,3-1,3-1.jpg,images/3-1.jpg,6d4b129168c70ae11059197ac5a1d1784bd9673b751937d98539e1347809284a,gpt4o,OpenAI,gpt-4o,gpt-4o-2024-08-06,2.48.0,0,{},high,2026-09-06T00:20:43.600927+00:00,2026-09-06T00:20:44.714113+00:00,1.113,1,success,Care,90,"The image shows a group of people gathered around a casket, with visible expressions of grief and support. The primary moral concern is the care and compassion shown towards those mourning, as individuals are comforting each other in a moment of vulnerability.",,,,,1835,61,0,1896,"{""label"":""Care"",""confidence"":90,""brief_reason"":""The image shows a group of people gathered around a casket, with visible expressions of grief and support. The primary moral concern is the care and compassion shown towards those mourning, as individuals are comforting each other in a moment of vulnerability.""}",
prompt-results-v1,visual-cue-prompt-pilot-v1,010ecf86752795948c65f735a12ca5ef23a0b79726346feeeec6b2e8a0d97fd9,20260905,4abacadab7776f19f410667a58dab254f25527fef3a254f29b2f95a6ed48d37c,88933879483199fadda2fdcb89c457329597811300a2147e61a0874278602de0,,107,3,4,2,p0,p0-baseline-v2,1c1a1676abde21bda6ea8cf6eef5a6ca2bb99ecef928005f0fe5aed4769d0fa1,b0df04e619c332a72d33e5061a92e225ef3b9a537c9dcb40ee78e063f56dfcdd,3-1,3-1.jpg,images/3-1.jpg,6d4b129168c70ae11059197ac5a1d1784bd9673b751937d98539e1347809284a,gpt4o,OpenAI,gpt-4o,gpt-4o-2024-08-06,2.48.0,0,{},high,2026-09-06T00:20:45.242334+00:00,2026-09-06T00:20:46.398924+00:00,1.157,1,success,Care,90,"The image shows people gathered around a casket, with visible expressions of grief and support. The primary moral concern is the care and compassion for those mourning, as they comfort each other in a moment of vulnerability.",,,,,1428,56,0,1484,"{""label"":""Care"",""confidence"":90,""brief_reason"":""The image shows people gathered around a casket, with visible expressions of grief and support. The primary moral concern is the care and compassion for those mourning, as they comfort each other in a moment of vulnerability.""}",
prompt-results-v1,visual-cue-prompt-pilot-v1,010ecf86752795948c65f735a12ca5ef23a0b79726346feeeec6b2e8a0d97fd9,20260905,4abacadab7776f19f410667a58dab254f25527fef3a254f29b2f95a6ed48d37c,97ebaf2b25abb61c541841cfac4faf3122c4b3502b3bd545a602e19ac8f4cc1d,,108,3,4,3,p1,p1-structured-control-v1-2026-09-05,b9621814e5a2bb839e6f399c5bf42940989a14efca909b15427ab68e3ae9432d,b0df04e619c332a72d33e5061a92e225ef3b9a537c9dcb40ee78e063f56dfcdd,3-1,3-1.jpg,images/3-1.jpg,6d4b129168c70ae11059197ac5a1d1784bd9673b751937d98539e1347809284a,gpt4o,OpenAI,gpt-4o,gpt-4o-2024-08-06,2.48.0,0,{},high,2026-09-06T00:20:46.923023+00:00,2026-09-06T00:20:48.357132+00:00,1.434,1,success,Care,85,"The image shows people gathered around a casket, with visible expressions of grief and support. The primary moral concern is the care and compassion for those mourning, as others are comforting and supporting them in their time of need. The scene conveys a strong sense of community and emotional support.",,,,,1659,70,0,1729,"{""label"":""Care"",""confidence"":85,""brief_reason"":""The image shows people gathered around a casket, with visible expressions of grief and support. The primary moral concern is the care and compassion for those mourning, as others are comforting and supporting them in their time of need. The scene conveys a strong sense of community and emotional support.""}",
prompt-results-v1,visual-cue-prompt-pilot-v1,010ecf86752795948c65f735a12ca5ef23a0b79726346feeeec6b2e8a0d97fd9,20260905,4abacadab7776f19f410667a58dab254f25527fef3a254f29b2f95a6ed48d37c,e5b5875b941e4e0c18bd1f413124b1e1121964d3cbe45f4104afbf859a10e266,,109,3,5,1,p1,p1-structured-control-v1-2026-09-05,b9621814e5a2bb839e6f399c5bf42940989a14efca909b15427ab68e3ae9432d,b0df04e619c332a72d33e5061a92e225ef3b9a537c9dcb40ee78e063f56dfcdd,35-3,35-3.jpg,images/35-3.jpg,10205cc5ff7b04e752488d2961e48affc5f0a07ee8b10d130097b4f6c44be1db,gpt4o,OpenAI,gpt-4o,gpt-4o-2024-08-06,2.48.0,0,{},high,2026-09-06T00:20:48.889355+00:00,2026-09-06T00:20:52.790667+00:00,3.901,1,success,None of these / Not clearly moral in nature,95,"The image depicts a wedding celebration with people dressed formally, smiling, and clapping. There is no clear moral concern such as care, harm, fairness, or any other category visibly conveyed. It appears to be a joyful social event without a specific moral issue highlighted.",,,,,1999,75,0,2074,"{""label"":""None of these / Not clearly moral in nature"",""confidence"":95,""brief_reason"":""The image depicts a wedding celebration with people dressed formally, smiling, and clapping. There is no clear moral concern such as care, harm, fairness, or any other category visibly conveyed. It appears to be a joyful social event without a specific moral issue highlighted.""}",
prompt-results-v1,visual-cue-prompt-pilot-v1,010ecf86752795948c65f735a12ca5ef23a0b79726346feeeec6b2e8a0d97fd9,20260905,4abacadab7776f19f410667a58dab254f25527fef3a254f29b2f95a6ed48d37c,4537f94a7c59d501e041f1bbfa250d8623e279adae97c0bbcd7f3d589da7d652,,110,3,5,2,p2,p2-blind-nonoverlap-cues-v1-2026-09-05,482dce5b0ed5faf3ec20bdf32b51d0eb2212e901d18dde12a59c1f710160df8d,b0df04e619c332a72d33e5061a92e225ef3b9a537c9dcb40ee78e063f56dfcdd,35-3,35-3.jpg,images/35-3.jpg,10205cc5ff7b04e752488d2961e48affc5f0a07ee8b10d130097b4f6c44be1db,gpt4o,OpenAI,gpt-4o,gpt-4o-2024-08-06,2.48.0,0,{},high,2026-09-06T00:20:53.318461+00:00,2026-09-06T00:20:57.130117+00:00,3.812,1,success,None of these / Not clearly moral in nature,95,"The image depicts a wedding celebration with people dressed formally, smiling, and clapping. There is no clear moral concern such as care, harm, fairness, or any other category visibly conveyed. It is a social event without evident moral implications.",,,,,2175,70,0,2245,"{""label"":""None of these / Not clearly moral in nature"",""confidence"":95,""brief_reason"":""The image depicts a wedding celebration with people dressed formally, smiling, and clapping. There is no clear moral concern such as care, harm, fairness, or any other category visibly conveyed. It is a social event without evident moral implications.""}",
prompt-results-v1,visual-cue-prompt-pilot-v1,010ecf86752795948c65f735a12ca5ef23a0b79726346feeeec6b2e8a0d97fd9,20260905,4abacadab7776f19f410667a58dab254f25527fef3a254f29b2f95a6ed48d37c,8f30937d33d3883da92c8976ff1a64b7b06a224a11b2a05082ef2fd8a5bd5825,,111,3,5,3,p0,p0-baseline-v2,1c1a1676abde21bda6ea8cf6eef5a6ca2bb99ecef928005f0fe5aed4769d0fa1,b0df04e619c332a72d33e5061a92e225ef3b9a537c9dcb40ee78e063f56dfcdd,35-3,35-3.jpg,images/35-3.jpg,10205cc5ff7b04e752488d2961e48affc5f0a07ee8b10d130097b4f6c44be1db,gpt4o,OpenAI,gpt-4o,gpt-4o-2024-08-06,2.48.0,0,{},high,2026-09-06T00:20:57.659360+00:00,2026-09-06T00:21:00.903400+00:00,3.244,1,success,None of these / Not clearly moral in nature,95,"The image depicts a wedding celebration with people dressed formally, smiling, and clapping. There is no clear moral concern such as care, harm, fairness, or any other category visibly conveyed. The scene appears to be a joyful social event without evident moral implications.",,,,,1768,74,0,1842,"{""label"":""None of these / Not clearly moral in nature"",""confidence"":95,""brief_reason"":""The image depicts a wedding celebration with people dressed formally, smiling, and clapping. There is no clear moral concern such as care, harm, fairness, or any other category visibly conveyed. The scene appears to be a joyful social event without evident moral implications.""}",
prompt-results-v1,visual-cue-prompt-pilot-v1,010ecf86752795948c65f735a12ca5ef23a0b79726346feeeec6b2e8a0d97fd9,20260905,4abacadab7776f19f410667a58dab254f25527fef3a254f29b2f95a6ed48d37c,72c6973d374480f9350a05d269fa6875efd129bd84d1d986b4faca0eeceee2b1,,112,3,6,1,p0,p0-baseline-v2,1c1a1676abde21bda6ea8cf6eef5a6ca2bb99ecef928005f0fe5aed4769d0fa1,b0df04e619c332a72d33e5061a92e225ef3b9a537c9dcb40ee78e063f56dfcdd,37-3,37-3.jpg,images/37-3.jpg,368cf7b7ef47e0933e9b60541ae321361571d2dbc8bd6b7deb0dc657f9a54e21,gpt4o,OpenAI,gpt-4o,gpt-4o-2024-08-06,2.48.0,0,{},high,2026-09-06T00:21:01.421716+00:00,2026-09-06T00:21:04.990405+00:00,3.569,1,success,Care,85,"The image shows a person looking distressed while holding a phone displaying social media, suggesting emotional vulnerability. The primary moral concern appears to be the need for care or support due to the visible signs of distress and isolation. The presence of tissues and a messy environment further indicates a need for emotional care. While 'Harm' could be considered due to the emotional distress, 'Care' is more appropriate as the focus is on the person's vulnerability and need for support.",,,,,1768,105,0,1873,"{""label"":""Care"",""confidence"":85,""brief_reason"":""The image shows a person looking distressed while holding a phone displaying social media, suggesting emotional vulnerability. The primary moral concern appears to be the need for care or support due to the visible signs of distress and isolation. The presence of tissues and a messy environment further indicates a need for emotional care. While 'Harm' could be considered due to the emotional distress, 'Care' is more appropriate as the focus is on the person's vulnerability and need for support.""}",
prompt-results-v1,visual-cue-prompt-pilot-v1,010ecf86752795948c65f735a12ca5ef23a0b79726346feeeec6b2e8a0d97fd9,20260905,4abacadab7776f19f410667a58dab254f25527fef3a254f29b2f95a6ed48d37c,7b84db5fe9ec1d448bdb8e8c5938b255cede853f9efdce1464a676a54f4a5f99,,113,3,6,2,p1,p1-structured-control-v1-2026-09-05,b9621814e5a2bb839e6f399c5bf42940989a14efca909b15427ab68e3ae9432d,b0df04e619c332a72d33e5061a92e225ef3b9a537c9dcb40ee78e063f56dfcdd,37-3,37-3.jpg,images/37-3.jpg,368cf7b7ef47e0933e9b60541ae321361571d2dbc8bd6b7deb0dc657f9a54e21,gpt4o,OpenAI,gpt-4o,gpt-4o-2024-08-06,2.48.0,0,{},high,2026-09-06T00:21:05.519059+00:00,2026-09-06T00:21:08.394316+00:00,2.875,1,success,Harm,85,"The image shows a person looking distressed while viewing social media, suggesting emotional suffering or harm. The setting and expression indicate a negative emotional state, possibly due to feelings of exclusion or inadequacy. The primary concern appears to be the emotional harm experienced by the individual.",,,,,1999,67,0,2066,"{""label"":""Harm"",""confidence"":85,""brief_reason"":""The image shows a person looking distressed while viewing social media, suggesting emotional suffering or harm. The setting and expression indicate a negative emotional state, possibly due to feelings of exclusion or inadequacy. The primary concern appears to be the emotional harm experienced by the individual.""}",
prompt-results-v1,visual-cue-prompt-pilot-v1,010ecf86752795948c65f735a12ca5ef23a0b79726346feeeec6b2e8a0d97fd9,20260905,4abacadab7776f19f410667a58dab254f25527fef3a254f29b2f95a6ed48d37c,04d583ecb0078f2e701a912d8076218cf7186158b1c2a5f2be3c32c8f392cc87,,114,3,6,3,p2,p2-blind-nonoverlap-cues-v1-2026-09-05,482dce5b0ed5faf3ec20bdf32b51d0eb2212e901d18dde12a59c1f710160df8d,b0df04e619c332a72d33e5061a92e225ef3b9a537c9dcb40ee78e063f56dfcdd,37-3,37-3.jpg,images/37-3.jpg,368cf7b7ef47e0933e9b60541ae321361571d2dbc8bd6b7deb0dc657f9a54e21,gpt4o,OpenAI,gpt-4o,gpt-4o-2024-08-06,2.48.0,0,{},high,2026-09-06T00:21:08.924310+00:00,2026-09-06T00:21:12.288744+00:00,3.364,1,success,Care,80,"The image shows a person looking distressed while holding a phone, suggesting emotional vulnerability. The setting implies a need for support or care, as the person appears to be alone and upset. The primary moral concern is the individual's well-being.",,,,,2175,60,0,2235,"{""label"":""Care"",""confidence"":80,""brief_reason"":""The image shows a person looking distressed while holding a phone, suggesting emotional vulnerability. The setting implies a need for support or care, as the person appears to be alone and upset. The primary moral concern is the individual's well-being.""}",
prompt-results-v1,visual-cue-prompt-pilot-v1,010ecf86752795948c65f735a12ca5ef23a0b79726346feeeec6b2e8a0d97fd9,20260905,4abacadab7776f19f410667a58dab254f25527fef3a254f29b2f95a6ed48d37c,bfb869986fd6320520af0588576bd06ae39cdef5507de19154cb3e1112820db6,,115,3,7,1,p0,p0-baseline-v2,1c1a1676abde21bda6ea8cf6eef5a6ca2bb99ecef928005f0fe5aed4769d0fa1,b0df04e619c332a72d33e5061a92e225ef3b9a537c9dcb40ee78e063f56dfcdd,7-2,7-2.jpg,images/7-2.jpg,f05fbbbb98ff0f700f0dd0c5f9cb1d846a5f597327839a92b88e1fcef6ffbd63,gpt4o,OpenAI,gpt-4o,gpt-4o-2024-08-06,2.48.0,0,{},high,2026-09-06T00:21:12.817896+00:00,2026-09-06T00:21:14.129162+00:00,1.311,1,success,Respect / Authority,90,"The image shows two people bowing to each other, which is a gesture of respect and acknowledgment of social norms or authority. The setting appears formal, suggesting a professional or cultural context where respect is emphasized.",,,,,2108,57,0,2165,"{""label"":""Respect / Authority"",""confidence"":90,""brief_reason"":""The image shows two people bowing to each other, which is a gesture of respect and acknowledgment of social norms or authority. The setting appears formal, suggesting a professional or cultural context where respect is emphasized.""}",
prompt-results-v1,visual-cue-prompt-pilot-v1,010ecf86752795948c65f735a12ca5ef23a0b79726346feeeec6b2e8a0d97fd9,20260905,4abacadab7776f19f410667a58dab254f25527fef3a254f29b2f95a6ed48d37c,65e1bd8fa76a53916d3c2914588063830dcaba5bc1b5cdec6d59be0e7ccd0892,,116,3,7,2,p1,p1-structured-control-v1-2026-09-05,b9621814e5a2bb839e6f399c5bf42940989a14efca909b15427ab68e3ae9432d,b0df04e619c332a72d33e5061a92e225ef3b9a537c9dcb40ee78e063f56dfcdd,7-2,7-2.jpg,images/7-2.jpg,f05fbbbb98ff0f700f0dd0c5f9cb1d846a5f597327839a92b88e1fcef6ffbd63,gpt4o,OpenAI,gpt-4o,gpt-4o-2024-08-06,2.48.0,0,{},high,2026-09-06T00:21:14.659282+00:00,2026-09-06T00:21:16.219028+00:00,1.56,1,success,Respect / Authority,90,"The image shows two people bowing to each other in a formal setting, which is a gesture of respect and acknowledgment of social roles or hierarchy.",,,,,2339,45,0,2384,"{""label"":""Respect / Authority"",""confidence"":90,""brief_reason"":""The image shows two people bowing to each other in a formal setting, which is a gesture of respect and acknowledgment of social roles or hierarchy.""}",
prompt-results-v1,visual-cue-prompt-pilot-v1,010ecf86752795948c65f735a12ca5ef23a0b79726346feeeec6b2e8a0d97fd9,20260905,4abacadab7776f19f410667a58dab254f25527fef3a254f29b2f95a6ed48d37c,ec64f566a48249a26372b48dd07183363c581be50bc286093188fa059edf7ffb,,117,3,7,3,p2,p2-blind-nonoverlap-cues-v1-2026-09-05,482dce5b0ed5faf3ec20bdf32b51d0eb2212e901d18dde12a59c1f710160df8d,b0df04e619c332a72d33e5061a92e225ef3b9a537c9dcb40ee78e063f56dfcdd,7-2,7-2.jpg,images/7-2.jpg,f05fbbbb98ff0f700f0dd0c5f9cb1d846a5f597327839a92b88e1fcef6ffbd63,gpt4o,OpenAI,gpt-4o,gpt-4o-2024-08-06,2.48.0,0,{},high,2026-09-06T00:21:16.741488+00:00,2026-09-06T00:21:17.918365+00:00,1.177,1,success,Respect / Authority,90,"The image shows two individuals bowing to each other in a formal setting, which is a gesture of respect and acknowledgment of social roles or hierarchy.",,,,,2515,45,0,2560,"{""label"":""Respect / Authority"",""confidence"":90,""brief_reason"":""The image shows two individuals bowing to each other in a formal setting, which is a gesture of respect and acknowledgment of social roles or hierarchy.""}",
prompt-results-v1,visual-cue-prompt-pilot-v1,010ecf86752795948c65f735a12ca5ef23a0b79726346feeeec6b2e8a0d97fd9,20260905,4abacadab7776f19f410667a58dab254f25527fef3a254f29b2f95a6ed48d37c,be6d9193658adbdc931a3b19d357ad5a483ad1334c7e6e26fdccdf4da85a58f0,,118,3,8,1,p2,p2-blind-nonoverlap-cues-v1-2026-09-05,482dce5b0ed5faf3ec20bdf32b51d0eb2212e901d18dde12a59c1f710160df8d,b0df04e619c332a72d33e5061a92e225ef3b9a537c9dcb40ee78e063f56dfcdd,25-2,25-2.jpg,images/25-2.jpg,f2c8b7b650119d1d77c11d0589ceb662f0e41da70262e74f89249661c27fd484,gpt4o,OpenAI,gpt-4o,gpt-4o-2024-08-06,2.48.0,0,{},high,2026-09-06T00:21:18.452770+00:00,2026-09-06T00:21:21.916832+00:00,3.464,1,success,Loyalty,85,"The image shows a group of people marching together with a large rainbow flag, suggesting solidarity and support for a cause. The presence of the flag and the unified action indicate a commitment to a shared group or movement. While 'Respect / Authority' could be considered if this is a protest against authority, the primary visible concern is group solidarity.",,,,,2175,83,0,2258,"{""label"":""Loyalty"",""confidence"":85,""brief_reason"":""The image shows a group of people marching together with a large rainbow flag, suggesting solidarity and support for a cause. The presence of the flag and the unified action indicate a commitment to a shared group or movement. While 'Respect / Authority' could be considered if this is a protest against authority, the primary visible concern is group solidarity.""}",
prompt-results-v1,visual-cue-prompt-pilot-v1,010ecf86752795948c65f735a12ca5ef23a0b79726346feeeec6b2e8a0d97fd9,20260905,4abacadab7776f19f410667a58dab254f25527fef3a254f29b2f95a6ed48d37c,9b318aa895e5f0dbefe27c8c5f3f96a0c4f97a1d73f720287c96473b4a7c8c69,,119,3,8,2,p0,p0-baseline-v2,1c1a1676abde21bda6ea8cf6eef5a6ca2bb99ecef928005f0fe5aed4769d0fa1,b0df04e619c332a72d33e5061a92e225ef3b9a537c9dcb40ee78e063f56dfcdd,25-2,25-2.jpg,images/25-2.jpg,f2c8b7b650119d1d77c11d0589ceb662f0e41da70262e74f89249661c27fd484,gpt4o,OpenAI,gpt-4o,gpt-4o-2024-08-06,2.48.0,0,{},high,2026-09-06T00:21:22.444199+00:00,2026-09-06T00:21:26.090867+00:00,3.647,1,success,Loyalty,85,"The image shows a group of people marching together with a large rainbow flag, suggesting solidarity and support for a cause or community. The presence of the flag and the unified action indicate a commitment to a shared identity or values, which aligns with the concept of Loyalty. There is some ambiguity as it could also relate to Fairness, but the primary focus appears to be on group solidarity.",,,,,1768,92,0,1860,"{""label"":""Loyalty"",""confidence"":85,""brief_reason"":""The image shows a group of people marching together with a large rainbow flag, suggesting solidarity and support for a cause or community. The presence of the flag and the unified action indicate a commitment to a shared identity or values, which aligns with the concept of Loyalty. There is some ambiguity as it could also relate to Fairness, but the primary focus appears to be on group solidarity.""}",
prompt-results-v1,visual-cue-prompt-pilot-v1,010ecf86752795948c65f735a12ca5ef23a0b79726346feeeec6b2e8a0d97fd9,20260905,4abacadab7776f19f410667a58dab254f25527fef3a254f29b2f95a6ed48d37c,cea6db1511c1e4675e1a7611d82989801be71190db76ce058c4c1a620f3ad8d3,,120,3,8,3,p1,p1-structured-control-v1-2026-09-05,b9621814e5a2bb839e6f399c5bf42940989a14efca909b15427ab68e3ae9432d,b0df04e619c332a72d33e5061a92e225ef3b9a537c9dcb40ee78e063f56dfcdd,25-2,25-2.jpg,images/25-2.jpg,f2c8b7b650119d1d77c11d0589ceb662f0e41da70262e74f89249661c27fd484,gpt4o,OpenAI,gpt-4o,gpt-4o-2024-08-06,2.48.0,0,{},high,2026-09-06T00:21:26.623804+00:00,2026-09-06T00:21:30.222443+00:00,3.599,1,success,Loyalty,85,"The image shows a group of people marching together with a large rainbow flag, suggesting solidarity and support for a cause. The primary moral concern appears to be loyalty to a group or movement. The presence of the flag and the unified action of the group support this interpretation. There is some ambiguity as it could also relate to fairness or respect, but the visible evidence of group solidarity is stronger.",,,,,1999,93,0,2092,"{""label"":""Loyalty"",""confidence"":85,""brief_reason"":""The image shows a group of people marching together with a large rainbow flag, suggesting solidarity and support for a cause. The primary moral concern appears to be loyalty to a group or movement. The presence of the flag and the unified action of the group support this interpretation. There is some ambiguity as it could also relate to fairness or respect, but the visible evidence of group solidarity is stronger.""}",
prompt-results-v1,visual-cue-prompt-pilot-v1,010ecf86752795948c65f735a12ca5ef23a0b79726346feeeec6b2e8a0d97fd9,20260905,4abacadab7776f19f410667a58dab254f25527fef3a254f29b2f95a6ed48d37c,fa621401d6091c79f156450d708bc7be4ce3ee0977c1b61fb074941ffa7483d5,,121,3,9,1,p0,p0-baseline-v2,1c1a1676abde21bda6ea8cf6eef5a6ca2bb99ecef928005f0fe5aed4769d0fa1,b0df04e619c332a72d33e5061a92e225ef3b9a537c9dcb40ee78e063f56dfcdd,1-1,1-1.jpg,images/1-1.jpg,16c8b6ef21bd106f6229643ab02fee435a73563485160c64d5eac9e5c19d2f44,gpt4o,OpenAI,gpt-4o,gpt-4o-2024-08-06,2.48.0,0,{},high,2026-09-06T00:21:30.747598+00:00,2026-09-06T00:21:32.166443+00:00,1.419,1,success,Care,90,"The image shows a woman holding a laughing child, suggesting a nurturing and supportive interaction. The primary moral concern is the well-being and happiness of the child, indicating Care. There is little ambiguity as the scene clearly conveys a positive, caring relationship.",,,,,1258,63,0,1321,"{""label"":""Care"",""confidence"":90,""brief_reason"":""The image shows a woman holding a laughing child, suggesting a nurturing and supportive interaction. The primary moral concern is the well-being and happiness of the child, indicating Care. There is little ambiguity as the scene clearly conveys a positive, caring relationship.""}",
prompt-results-v1,visual-cue-prompt-pilot-v1,010ecf86752795948c65f735a12ca5ef23a0b79726346feeeec6b2e8a0d97fd9,20260905,4abacadab7776f19f410667a58dab254f25527fef3a254f29b2f95a6ed48d37c,c988ad0b09aea25ef52c00555c7f0be0153721ce1b380d30d0de3dd01303621e,,122,3,9,2,p1,p1-structured-control-v1-2026-09-05,b9621814e5a2bb839e6f399c5bf42940989a14efca909b15427ab68e3ae9432d,b0df04e619c332a72d33e5061a92e225ef3b9a537c9dcb40ee78e063f56dfcdd,1-1,1-1.jpg,images/1-1.jpg,16c8b6ef21bd106f6229643ab02fee435a73563485160c64d5eac9e5c19d2f44,gpt4o,OpenAI,gpt-4o,gpt-4o-2024-08-06,2.48.0,0,{},high,2026-09-06T00:21:32.696148+00:00,2026-09-06T00:21:34.444372+00:00,1.748,1,success,Care,90,"The image shows a woman and a child in a joyful and affectionate interaction, suggesting a concern for the child's well-being and happiness. The visible evidence of nurturing and support aligns with the Care category.",,,,,1489,53,0,1542,"{""label"":""Care"",""confidence"":90,""brief_reason"":""The image shows a woman and a child in a joyful and affectionate interaction, suggesting a concern for the child's well-being and happiness. The visible evidence of nurturing and support aligns with the Care category.""}",
prompt-results-v1,visual-cue-prompt-pilot-v1,010ecf86752795948c65f735a12ca5ef23a0b79726346feeeec6b2e8a0d97fd9,20260905,4abacadab7776f19f410667a58dab254f25527fef3a254f29b2f95a6ed48d37c,0e0db46c2c91498c9f91c03cdee317e95a7224f7b7be069b1b52b12004f09090,,123,3,9,3,p2,p2-blind-nonoverlap-cues-v1-2026-09-05,482dce5b0ed5faf3ec20bdf32b51d0eb2212e901d18dde12a59c1f710160df8d,b0df04e619c332a72d33e5061a92e225ef3b9a537c9dcb40ee78e063f56dfcdd,1-1,1-1.jpg,images/1-1.jpg,16c8b6ef21bd106f6229643ab02fee435a73563485160c64d5eac9e5c19d2f44,gpt4o,OpenAI,gpt-4o,gpt-4o-2024-08-06,2.48.0,0,{},high,2026-09-06T00:21:34.975171+00:00,2026-09-06T00:21:36.453311+00:00,1.478,1,success,Care,90,"The image shows a woman and a child in a joyful interaction, suggesting a nurturing and supportive relationship. The child's laughter and the woman's gentle hold indicate care and affection. There is little ambiguity in the scene.",,,,,1665,55,0,1720,"{""label"":""Care"",""confidence"":90,""brief_reason"":""The image shows a woman and a child in a joyful interaction, suggesting a nurturing and supportive relationship. The child's laughter and the woman's gentle hold indicate care and affection. There is little ambiguity in the scene.""}",
prompt-results-v1,visual-cue-prompt-pilot-v1,010ecf86752795948c65f735a12ca5ef23a0b79726346feeeec6b2e8a0d97fd9,20260905,4abacadab7776f19f410667a58dab254f25527fef3a254f29b2f95a6ed48d37c,fa29c215dda90a7355933e398cb35e7684169a667e306697d3914c87dccbf550,,124,3,10,1,p2,p2-blind-nonoverlap-cues-v1-2026-09-05,482dce5b0ed5faf3ec20bdf32b51d0eb2212e901d18dde12a59c1f710160df8d,b0df04e619c332a72d33e5061a92e225ef3b9a537c9dcb40ee78e063f56dfcdd,o-1,o-1.jpg,images/o-1.jpg,465ce5e16a46ae2345602e9171dd9d71e3f2541db1587e0b00b60a3ad76e919e,gpt4o,OpenAI,gpt-4o,gpt-4o-2024-08-06,2.48.0,0,{},high,2026-09-06T00:21:36.986959+00:00,2026-09-06T00:21:38.913790+00:00,1.927,1,success,Cheating,85,"The image shows a person looking at another's paper during what appears to be a test or exam, suggesting potential cheating. The primary moral concern is the violation of fairness through possible deception or gaining an unfair advantage.",,,,,2175,57,0,2232,"{""label"":""Cheating"",""confidence"":85,""brief_reason"":""The image shows a person looking at another's paper during what appears to be a test or exam, suggesting potential cheating. The primary moral concern is the violation of fairness through possible deception or gaining an unfair advantage.""}",
prompt-results-v1,visual-cue-prompt-pilot-v1,010ecf86752795948c65f735a12ca5ef23a0b79726346feeeec6b2e8a0d97fd9,20260905,4abacadab7776f19f410667a58dab254f25527fef3a254f29b2f95a6ed48d37c,dafa50ac1550c97082a937c5ba4bf004dee1f9314ec15ca4d6b7920b80d1c6e6,,125,3,10,2,p0,p0-baseline-v2,1c1a1676abde21bda6ea8cf6eef5a6ca2bb99ecef928005f0fe5aed4769d0fa1,b0df04e619c332a72d33e5061a92e225ef3b9a537c9dcb40ee78e063f56dfcdd,o-1,o-1.jpg,images/o-1.jpg,465ce5e16a46ae2345602e9171dd9d71e3f2541db1587e0b00b60a3ad76e919e,gpt4o,OpenAI,gpt-4o,gpt-4o-2024-08-06,2.48.0,0,{},high,2026-09-06T00:21:39.440123+00:00,2026-09-06T00:21:41.415752+00:00,1.976,1,success,Cheating,85,"The image shows a person looking at another's paper during what appears to be a test or exam, suggesting potential cheating. The primary moral concern is the violation of fairness through possible deception or gaining an unfair advantage. There is some ambiguity as the intent is not explicitly clear, but the visual evidence strongly suggests cheating.",,,,,1768,77,0,1845,"{""label"":""Cheating"",""confidence"":85,""brief_reason"":""The image shows a person looking at another's paper during what appears to be a test or exam, suggesting potential cheating. The primary moral concern is the violation of fairness through possible deception or gaining an unfair advantage. There is some ambiguity as the intent is not explicitly clear, but the visual evidence strongly suggests cheating.""}",
prompt-results-v1,visual-cue-prompt-pilot-v1,010ecf86752795948c65f735a12ca5ef23a0b79726346feeeec6b2e8a0d97fd9,20260905,4abacadab7776f19f410667a58dab254f25527fef3a254f29b2f95a6ed48d37c,612ae4f37e302266f23acc43b935f1261aa54538333280bf9ac639d7d17040f1,,126,3,10,3,p1,p1-structured-control-v1-2026-09-05,b9621814e5a2bb839e6f399c5bf42940989a14efca909b15427ab68e3ae9432d,b0df04e619c332a72d33e5061a92e225ef3b9a537c9dcb40ee78e063f56dfcdd,o-1,o-1.jpg,images/o-1.jpg,465ce5e16a46ae2345602e9171dd9d71e3f2541db1587e0b00b60a3ad76e919e,gpt4o,OpenAI,gpt-4o,gpt-4o-2024-08-06,2.48.0,0,{},high,2026-09-06T00:21:41.943446+00:00,2026-09-06T00:21:43.730721+00:00,1.787,1,success,Cheating,85,"The image shows a person looking at another's paper during what appears to be a test or exam, suggesting potential cheating. The primary moral concern is the violation of fairness through possible deception or gaining an unfair advantage.",,,,,1999,57,0,2056,"{""label"":""Cheating"",""confidence"":85,""brief_reason"":""The image shows a person looking at another's paper during what appears to be a test or exam, suggesting potential cheating. The primary moral concern is the violation of fairness through possible deception or gaining an unfair advantage.""}",
prompt-results-v1,visual-cue-prompt-pilot-v1,010ecf86752795948c65f735a12ca5ef23a0b79726346feeeec6b2e8a0d97fd9,20260905,4abacadab7776f19f410667a58dab254f25527fef3a254f29b2f95a6ed48d37c,76ed09238070cd9be6ef7ece0879b44d4c5118ed1dd79c6d923c4f5bf99d518c,,127,3,11,1,p2,p2-blind-nonoverlap-cues-v1-2026-09-05,482dce5b0ed5faf3ec20bdf32b51d0eb2212e901d18dde12a59c1f710160df8d,b0df04e619c332a72d33e5061a92e225ef3b9a537c9dcb40ee78e063f56dfcdd,2-1,2-1.jpg,images/2-1.jpg,4c390cab45d7793acde1917cc6c343bfdece7f98faca8ae93220ba7b58bad292,gpt4o,OpenAI,gpt-4o,gpt-4o-2024-08-06,2.48.0,0,{},high,2026-09-06T00:21:44.261290+00:00,2026-09-06T00:21:46.177803+00:00,1.917,1,success,Care,85,"The image shows a person in a vulnerable situation, possibly homeless, surrounded by makeshift shelter materials. The primary moral concern is the individual's well-being and need for support. The setting suggests a need for care and assistance.",,,,,2515,58,0,2573,"{""label"":""Care"",""confidence"":85,""brief_reason"":""The image shows a person in a vulnerable situation, possibly homeless, surrounded by makeshift shelter materials. The primary moral concern is the individual's well-being and need for support. The setting suggests a need for care and assistance.""}",
prompt-results-v1,visual-cue-prompt-pilot-v1,010ecf86752795948c65f735a12ca5ef23a0b79726346feeeec6b2e8a0d97fd9,20260905,4abacadab7776f19f410667a58dab254f25527fef3a254f29b2f95a6ed48d37c,bc374650621ef1a0d3ce65323c5291e60715716fafe5de162eee9e5de836577b,,128,3,11,2,p0,p0-baseline-v2,1c1a1676abde21bda6ea8cf6eef5a6ca2bb99ecef928005f0fe5aed4769d0fa1,b0df04e619c332a72d33e5061a92e225ef3b9a537c9dcb40ee78e063f56dfcdd,2-1,2-1.jpg,images/2-1.jpg,4c390cab45d7793acde1917cc6c343bfdece7f98faca8ae93220ba7b58bad292,gpt4o,OpenAI,gpt-4o,gpt-4o-2024-08-06,2.48.0,0,{},high,2026-09-06T00:21:46.710073+00:00,2026-09-06T00:21:48.333775+00:00,1.624,1,success,Care,90,"The image shows a person in a vulnerable situation, possibly homeless, surrounded by makeshift shelter materials and belongings. The primary moral concern is the individual's well-being and need for support.",,,,,2108,50,0,2158,"{""label"":""Care"",""confidence"":90,""brief_reason"":""The image shows a person in a vulnerable situation, possibly homeless, surrounded by makeshift shelter materials and belongings. The primary moral concern is the individual's well-being and need for support.""}",
prompt-results-v1,visual-cue-prompt-pilot-v1,010ecf86752795948c65f735a12ca5ef23a0b79726346feeeec6b2e8a0d97fd9,20260905,4abacadab7776f19f410667a58dab254f25527fef3a254f29b2f95a6ed48d37c,b2719425eea90fd1ecf6c6556535394feed8fe05b1744170685389203260a9bc,,129,3,11,3,p1,p1-structured-control-v1-2026-09-05,b9621814e5a2bb839e6f399c5bf42940989a14efca909b15427ab68e3ae9432d,b0df04e619c332a72d33e5061a92e225ef3b9a537c9dcb40ee78e063f56dfcdd,2-1,2-1.jpg,images/2-1.jpg,4c390cab45d7793acde1917cc6c343bfdece7f98faca8ae93220ba7b58bad292,gpt4o,OpenAI,gpt-4o,gpt-4o-2024-08-06,2.48.0,0,{},high,2026-09-06T00:21:48.864434+00:00,2026-09-06T00:21:51.408072+00:00,2.544,1,success,Care,85,"The image shows a person in a vulnerable situation, possibly homeless, surrounded by makeshift shelter and belongings. The primary moral concern is the person's well-being and need for support, indicating Care. The setting suggests a need for compassion and assistance.",,,,,2339,62,0,2401,"{""label"":""Care"",""confidence"":85,""brief_reason"":""The image shows a person in a vulnerable situation, possibly homeless, surrounded by makeshift shelter and belongings. The primary moral concern is the person's well-being and need for support, indicating Care. The setting suggests a need for compassion and assistance.""}",
prompt-results-v1,visual-cue-prompt-pilot-v1,010ecf86752795948c65f735a12ca5ef23a0b79726346feeeec6b2e8a0d97fd9,20260905,4abacadab7776f19f410667a58dab254f25527fef3a254f29b2f95a6ed48d37c,92f762526764285287680575b0678f5526ae645f5bfa3575c5f7c8e49da36639,,130,3,12,1,p1,p1-structured-control-v1-2026-09-05,b9621814e5a2bb839e6f399c5bf42940989a14efca909b15427ab68e3ae9432d,b0df04e619c332a72d33e5061a92e225ef3b9a537c9dcb40ee78e063f56dfcdd,g-2,g-2.png,images/g-2.png,81625f82d1617b53b838379a4be27cbc819155fbabf5b2dc8260886504801ba6,gpt4o,OpenAI,gpt-4o,gpt-4o-2024-08-06,2.48.0,0,{},high,2026-09-06T00:21:51.936494+00:00,2026-09-06T00:21:55.398096+00:00,3.462,1,success,Fairness,95,The image shows a group of people discussing a 'Gender Parity Testing Framework' as part of an 'AI Fairness Initiative.' The focus on testing for gender parity indicates a concern for fairness and equality in AI systems.,,,,,2339,59,0,2398,"{""label"":""Fairness"",""confidence"":95,""brief_reason"":""The image shows a group of people discussing a 'Gender Parity Testing Framework' as part of an 'AI Fairness Initiative.' The focus on testing for gender parity indicates a concern for fairness and equality in AI systems.""}",
prompt-results-v1,visual-cue-prompt-pilot-v1,010ecf86752795948c65f735a12ca5ef23a0b79726346feeeec6b2e8a0d97fd9,20260905,4abacadab7776f19f410667a58dab254f25527fef3a254f29b2f95a6ed48d37c,401165d72f31479d116a3d229046cafa6c3875a217a538240bd2d73580ae6120,,131,3,12,2,p2,p2-blind-nonoverlap-cues-v1-2026-09-05,482dce5b0ed5faf3ec20bdf32b51d0eb2212e901d18dde12a59c1f710160df8d,b0df04e619c332a72d33e5061a92e225ef3b9a537c9dcb40ee78e063f56dfcdd,g-2,g-2.png,images/g-2.png,81625f82d1617b53b838379a4be27cbc819155fbabf5b2dc8260886504801ba6,gpt4o,OpenAI,gpt-4o,gpt-4o-2024-08-06,2.48.0,0,{},high,2026-09-06T00:21:55.927132+00:00,2026-09-06T00:21:59.815217+00:00,3.888,1,success,Fairness,90,The image shows a group of people discussing a 'Gender Parity Testing Framework' as part of an 'AI Fairness Initiative.' The focus on testing for gender parity and fairness in datasets indicates a primary concern with fairness and equality.,,,,,2515,61,0,2576,"{""label"":""Fairness"",""confidence"":90,""brief_reason"":""The image shows a group of people discussing a 'Gender Parity Testing Framework' as part of an 'AI Fairness Initiative.' The focus on testing for gender parity and fairness in datasets indicates a primary concern with fairness and equality.""}",
prompt-results-v1,visual-cue-prompt-pilot-v1,010ecf86752795948c65f735a12ca5ef23a0b79726346feeeec6b2e8a0d97fd9,20260905,4abacadab7776f19f410667a58dab254f25527fef3a254f29b2f95a6ed48d37c,7499417935399a241e9a2770fc9926ae63efb57140d896ab713b2d7560516237,,132,3,12,3,p0,p0-baseline-v2,1c1a1676abde21bda6ea8cf6eef5a6ca2bb99ecef928005f0fe5aed4769d0fa1,b0df04e619c332a72d33e5061a92e225ef3b9a537c9dcb40ee78e063f56dfcdd,g-2,g-2.png,images/g-2.png,81625f82d1617b53b838379a4be27cbc819155fbabf5b2dc8260886504801ba6,gpt4o,OpenAI,gpt-4o,gpt-4o-2024-08-06,2.48.0,0,{},high,2026-09-06T00:22:00.346095+00:00,2026-09-06T00:22:03.729993+00:00,3.384,1,success,Fairness,95,"The image shows a group of people discussing a 'Gender Parity Testing Framework' as part of an 'AI Fairness Initiative.' This indicates a focus on ensuring justice and equality in AI systems, specifically regarding gender parity. The presence of terms like 'unbiased sample' and 'known-bias sample' further supports the emphasis on fairness.",,,,,2108,83,0,2191,"{""label"":""Fairness"",""confidence"":95,""brief_reason"":""The image shows a group of people discussing a 'Gender Parity Testing Framework' as part of an 'AI Fairness Initiative.' This indicates a focus on ensuring justice and equality in AI systems, specifically regarding gender parity. The presence of terms like 'unbiased sample' and 'known-bias sample' further supports the emphasis on fairness.""}",
prompt-results-v1,visual-cue-prompt-pilot-v1,010ecf86752795948c65f735a12ca5ef23a0b79726346feeeec6b2e8a0d97fd9,20260905,4abacadab7776f19f410667a58dab254f25527fef3a254f29b2f95a6ed48d37c,713c6eca5aca8b3a25489448f0ceb57ecff11c813a8be87a840d7186e58b0459,,133,3,13,1,p2,p2-blind-nonoverlap-cues-v1-2026-09-05,482dce5b0ed5faf3ec20bdf32b51d0eb2212e901d18dde12a59c1f710160df8d,b0df04e619c332a72d33e5061a92e225ef3b9a537c9dcb40ee78e063f56dfcdd,g-1,g-1.png,images/g-1.png,943338cbf3221f686e7f8eab88ffc3c7ca097f6fc19aae82b4af59fa203117af,gpt4o,OpenAI,gpt-4o,gpt-4o-2024-08-06,2.48.0,0,{},high,2026-09-06T00:22:04.263470+00:00,2026-09-06T00:22:09.019141+00:00,4.756,1,success,Fairness,90,"The image shows a person in a wheelchair facing a staircase without a visible ramp, suggesting a lack of accessibility. This indicates an issue of fairness regarding equal access to the building.",,,,,2515,50,0,2565,"{""label"":""Fairness"",""confidence"":90,""brief_reason"":""The image shows a person in a wheelchair facing a staircase without a visible ramp, suggesting a lack of accessibility. This indicates an issue of fairness regarding equal access to the building.""}",
prompt-results-v1,visual-cue-prompt-pilot-v1,010ecf86752795948c65f735a12ca5ef23a0b79726346feeeec6b2e8a0d97fd9,20260905,4abacadab7776f19f410667a58dab254f25527fef3a254f29b2f95a6ed48d37c,acf67652e2d2e36b2fbb77ce32dbfa04c4ffd8664f6844522a237947568fc91e,,134,3,13,2,p0,p0-baseline-v2,1c1a1676abde21bda6ea8cf6eef5a6ca2bb99ecef928005f0fe5aed4769d0fa1,b0df04e619c332a72d33e5061a92e225ef3b9a537c9dcb40ee78e063f56dfcdd,g-1,g-1.png,images/g-1.png,943338cbf3221f686e7f8eab88ffc3c7ca097f6fc19aae82b4af59fa203117af,gpt4o,OpenAI,gpt-4o,gpt-4o-2024-08-06,2.48.0,0,{},high,2026-09-06T00:22:09.550082+00:00,2026-09-06T00:22:13.056091+00:00,3.506,1,success,Fairness,90,"The image shows a person in a wheelchair facing a staircase, highlighting a lack of accessibility. This suggests an issue of fairness, as the building is not accessible to everyone equally.",,,,,2108,50,0,2158,"{""label"":""Fairness"",""confidence"":90,""brief_reason"":""The image shows a person in a wheelchair facing a staircase, highlighting a lack of accessibility. This suggests an issue of fairness, as the building is not accessible to everyone equally.""}",
prompt-results-v1,visual-cue-prompt-pilot-v1,010ecf86752795948c65f735a12ca5ef23a0b79726346feeeec6b2e8a0d97fd9,20260905,4abacadab7776f19f410667a58dab254f25527fef3a254f29b2f95a6ed48d37c,2ed32459b74bda0b2bd5a14c7d8398946af29cbd888d39d5e95b917dd42b9c6a,,135,3,13,3,p1,p1-structured-control-v1-2026-09-05,b9621814e5a2bb839e6f399c5bf42940989a14efca909b15427ab68e3ae9432d,b0df04e619c332a72d33e5061a92e225ef3b9a537c9dcb40ee78e063f56dfcdd,g-1,g-1.png,images/g-1.png,943338cbf3221f686e7f8eab88ffc3c7ca097f6fc19aae82b4af59fa203117af,gpt4o,OpenAI,gpt-4o,gpt-4o-2024-08-06,2.48.0,0,{},high,2026-09-06T00:22:13.585173+00:00,2026-09-06T00:22:17.122254+00:00,3.537,1,success,Fairness,90,"The image shows a person in a wheelchair facing a staircase without a visible ramp, suggesting a lack of accessibility. This highlights an issue of fairness regarding equal access to buildings.",,,,,2339,49,0,2388,"{""label"":""Fairness"",""confidence"":90,""brief_reason"":""The image shows a person in a wheelchair facing a staircase without a visible ramp, suggesting a lack of accessibility. This highlights an issue of fairness regarding equal access to buildings.""}",
prompt-results-v1,visual-cue-prompt-pilot-v1,010ecf86752795948c65f735a12ca5ef23a0b79726346feeeec6b2e8a0d97fd9,20260905,4abacadab7776f19f410667a58dab254f25527fef3a254f29b2f95a6ed48d37c,07f6553215e76ca70889aba2c205d4f999e8ccec14554854c8344a513bee7602,,136,3,14,1,p0,p0-baseline-v2,1c1a1676abde21bda6ea8cf6eef5a6ca2bb99ecef928005f0fe5aed4769d0fa1,b0df04e619c332a72d33e5061a92e225ef3b9a537c9dcb40ee78e063f56dfcdd,34-4,34-4.jpg,images/34-4.jpg,54b77dd8508b18cc320701e2e5d4c650978915a6fa05d172f0e86ddea6abe0a1,gpt4o,OpenAI,gpt-4o,gpt-4o-2024-08-06,2.48.0,0,{},high,2026-09-06T00:22:17.649050+00:00,2026-09-06T00:22:21.509053+00:00,3.86,1,success,Harm,90,"The image shows a person in a distressed state, sitting on the floor in a confined, monitored room. The environment appears harsh and isolating, suggesting emotional or psychological harm. The presence of surveillance cameras and signs indicating 'no contact' and 'critical stress' further emphasize a harmful situation.",,,,,1768,73,0,1841,"{""label"":""Harm"",""confidence"":90,""brief_reason"":""The image shows a person in a distressed state, sitting on the floor in a confined, monitored room. The environment appears harsh and isolating, suggesting emotional or psychological harm. The presence of surveillance cameras and signs indicating 'no contact' and 'critical stress' further emphasize a harmful situation.""}",
prompt-results-v1,visual-cue-prompt-pilot-v1,010ecf86752795948c65f735a12ca5ef23a0b79726346feeeec6b2e8a0d97fd9,20260905,4abacadab7776f19f410667a58dab254f25527fef3a254f29b2f95a6ed48d37c,a0a4a6c90cc2974ab2245f350db209956b1e9d0fc71a26c5c68c984ef49b4d20,,137,3,14,2,p1,p1-structured-control-v1-2026-09-05,b9621814e5a2bb839e6f399c5bf42940989a14efca909b15427ab68e3ae9432d,b0df04e619c332a72d33e5061a92e225ef3b9a537c9dcb40ee78e063f56dfcdd,34-4,34-4.jpg,images/34-4.jpg,54b77dd8508b18cc320701e2e5d4c650978915a6fa05d172f0e86ddea6abe0a1,gpt4o,OpenAI,gpt-4o,gpt-4o-2024-08-06,2.48.0,0,{},high,2026-09-06T00:22:22.041761+00:00,2026-09-06T00:22:26.731589+00:00,4.69,1,success,Harm,90,"The image shows a person in a confined, monitored space with signs indicating stress and protocol failure. The setting suggests potential emotional or physical suffering, highlighting harm as the primary concern.",,,,,1999,50,0,2049,"{""label"":""Harm"",""confidence"":90,""brief_reason"":""The image shows a person in a confined, monitored space with signs indicating stress and protocol failure. The setting suggests potential emotional or physical suffering, highlighting harm as the primary concern.""}",
prompt-results-v1,visual-cue-prompt-pilot-v1,010ecf86752795948c65f735a12ca5ef23a0b79726346feeeec6b2e8a0d97fd9,20260905,4abacadab7776f19f410667a58dab254f25527fef3a254f29b2f95a6ed48d37c,fe03fd81f9f21b8d3596f22cff53ccecae258392097503d4cae633c367cf0c96,,138,3,14,3,p2,p2-blind-nonoverlap-cues-v1-2026-09-05,482dce5b0ed5faf3ec20bdf32b51d0eb2212e901d18dde12a59c1f710160df8d,b0df04e619c332a72d33e5061a92e225ef3b9a537c9dcb40ee78e063f56dfcdd,34-4,34-4.jpg,images/34-4.jpg,54b77dd8508b18cc320701e2e5d4c650978915a6fa05d172f0e86ddea6abe0a1,gpt4o,OpenAI,gpt-4o,gpt-4o-2024-08-06,2.48.0,0,{},high,2026-09-06T00:22:27.259616+00:00,2026-09-06T00:22:30.932738+00:00,3.673,1,success,Harm,90,"The image shows a person in a confined, deteriorating room, monitored by cameras, with signs indicating stress and protocol failure. The setting suggests a lack of care and potential emotional or physical harm.",,,,,2175,54,0,2229,"{""label"":""Harm"",""confidence"":90,""brief_reason"":""The image shows a person in a confined, deteriorating room, monitored by cameras, with signs indicating stress and protocol failure. The setting suggests a lack of care and potential emotional or physical harm.""}",
prompt-results-v1,visual-cue-prompt-pilot-v1,010ecf86752795948c65f735a12ca5ef23a0b79726346feeeec6b2e8a0d97fd9,20260905,4abacadab7776f19f410667a58dab254f25527fef3a254f29b2f95a6ed48d37c,531effc846016ff39c2479a4dc4b5cb45bea2062442aca9e312ef0e3879676a8,,139,3,15,1,p1,p1-structured-control-v1-2026-09-05,b9621814e5a2bb839e6f399c5bf42940989a14efca909b15427ab68e3ae9432d,b0df04e619c332a72d33e5061a92e225ef3b9a537c9dcb40ee78e063f56dfcdd,16-2,16-2.jpg,images/16-2.jpg,b19fe338347260d6f82e12bf5b43634b2f0503089cdbb715f9dfe13c1d5639b4,gpt4o,OpenAI,gpt-4o,gpt-4o-2024-08-06,2.48.0,0,{},high,2026-09-06T00:22:31.459375+00:00,2026-09-06T00:22:33.285703+00:00,1.826,1,success,Harm,90,"The image shows one person grabbing another in a way that suggests physical struggle or aggression, indicating potential harm.",,,,,1999,36,0,2035,"{""label"":""Harm"",""confidence"":90,""brief_reason"":""The image shows one person grabbing another in a way that suggests physical struggle or aggression, indicating potential harm.""}",
prompt-results-v1,visual-cue-prompt-pilot-v1,010ecf86752795948c65f735a12ca5ef23a0b79726346feeeec6b2e8a0d97fd9,20260905,4abacadab7776f19f410667a58dab254f25527fef3a254f29b2f95a6ed48d37c,4f7fc49fdb38494954d34fd661c6c076bdf87d478985cd3c652027b358806960,,140,3,15,2,p2,p2-blind-nonoverlap-cues-v1-2026-09-05,482dce5b0ed5faf3ec20bdf32b51d0eb2212e901d18dde12a59c1f710160df8d,b0df04e619c332a72d33e5061a92e225ef3b9a537c9dcb40ee78e063f56dfcdd,16-2,16-2.jpg,images/16-2.jpg,b19fe338347260d6f82e12bf5b43634b2f0503089cdbb715f9dfe13c1d5639b4,gpt4o,OpenAI,gpt-4o,gpt-4o-2024-08-06,2.48.0,0,{},high,2026-09-06T00:22:33.810878+00:00,2026-09-06T00:22:35.930878+00:00,2.12,1,success,Harm,90,"The image shows one person grabbing another from behind, with both displaying expressions of pain or distress. This suggests a physical altercation or struggle, indicating harm.",,,,,2175,46,0,2221,"{""label"":""Harm"",""confidence"":90,""brief_reason"":""The image shows one person grabbing another from behind, with both displaying expressions of pain or distress. This suggests a physical altercation or struggle, indicating harm.""}",
prompt-results-v1,visual-cue-prompt-pilot-v1,010ecf86752795948c65f735a12ca5ef23a0b79726346feeeec6b2e8a0d97fd9,20260905,4abacadab7776f19f410667a58dab254f25527fef3a254f29b2f95a6ed48d37c,c93cc6ffb64c92a778eadd767c71dffed774607eeb8d124934ce445464441f53,,141,3,15,3,p0,p0-baseline-v2,1c1a1676abde21bda6ea8cf6eef5a6ca2bb99ecef928005f0fe5aed4769d0fa1,b0df04e619c332a72d33e5061a92e225ef3b9a537c9dcb40ee78e063f56dfcdd,16-2,16-2.jpg,images/16-2.jpg,b19fe338347260d6f82e12bf5b43634b2f0503089cdbb715f9dfe13c1d5639b4,gpt4o,OpenAI,gpt-4o,gpt-4o-2024-08-06,2.48.0,0,{},high,2026-09-06T00:22:36.459326+00:00,2026-09-06T00:22:38.508001+00:00,2.049,1,success,Harm,90,"The image shows one person grabbing another in a way that suggests physical aggression or struggle, indicating potential harm or violence.",,,,,1768,38,0,1806,"{""label"":""Harm"",""confidence"":90,""brief_reason"":""The image shows one person grabbing another in a way that suggests physical aggression or struggle, indicating potential harm or violence.""}",
prompt-results-v1,visual-cue-prompt-pilot-v1,010ecf86752795948c65f735a12ca5ef23a0b79726346feeeec6b2e8a0d97fd9,20260905,4abacadab7776f19f410667a58dab254f25527fef3a254f29b2f95a6ed48d37c,dacc097f2da756468182b16d0bc46d0937f878bddee4704503296ade4fb2a096,,142,3,16,1,p0,p0-baseline-v2,1c1a1676abde21bda6ea8cf6eef5a6ca2bb99ecef928005f0fe5aed4769d0fa1,b0df04e619c332a72d33e5061a92e225ef3b9a537c9dcb40ee78e063f56dfcdd,o-2,o-2.jpg,images/o-2.jpg,21aa96fa08ee7513fe40f6f363813482ecc5d47bee6902d10ca1e7f04b65a45c,gpt4o,OpenAI,gpt-4o,gpt-4o-2024-08-06,2.48.0,0,{},high,2026-09-06T00:22:39.034426+00:00,2026-09-06T00:22:41.271563+00:00,2.237,1,success,None of these / Not clearly moral in nature,95,"The image shows athletes starting a race, which is a competitive sports event. There is no clear moral concern such as fairness, harm, or care visibly depicted. The scene is primarily about athletic competition.",,,,,1768,62,0,1830,"{""label"":""None of these / Not clearly moral in nature"",""confidence"":95,""brief_reason"":""The image shows athletes starting a race, which is a competitive sports event. There is no clear moral concern such as fairness, harm, or care visibly depicted. The scene is primarily about athletic competition.""}",
prompt-results-v1,visual-cue-prompt-pilot-v1,010ecf86752795948c65f735a12ca5ef23a0b79726346feeeec6b2e8a0d97fd9,20260905,4abacadab7776f19f410667a58dab254f25527fef3a254f29b2f95a6ed48d37c,dea1f0162c0d8addeaaa8b196ccbbbe12d37fa22773216d17d60c1c030deb04e,,143,3,16,2,p1,p1-structured-control-v1-2026-09-05,b9621814e5a2bb839e6f399c5bf42940989a14efca909b15427ab68e3ae9432d,b0df04e619c332a72d33e5061a92e225ef3b9a537c9dcb40ee78e063f56dfcdd,o-2,o-2.jpg,images/o-2.jpg,21aa96fa08ee7513fe40f6f363813482ecc5d47bee6902d10ca1e7f04b65a45c,gpt4o,OpenAI,gpt-4o,gpt-4o-2024-08-06,2.48.0,0,{},high,2026-09-06T00:22:41.794889+00:00,2026-09-06T00:22:43.486059+00:00,1.691,1,success,None of these / Not clearly moral in nature,95,"The image shows athletes starting a race, which is a neutral sporting event. There is no clear moral concern such as fairness, harm, or care visibly depicted.",,,,,1999,54,0,2053,"{""label"":""None of these / Not clearly moral in nature"",""confidence"":95,""brief_reason"":""The image shows athletes starting a race, which is a neutral sporting event. There is no clear moral concern such as fairness, harm, or care visibly depicted.""}",
prompt-results-v1,visual-cue-prompt-pilot-v1,010ecf86752795948c65f735a12ca5ef23a0b79726346feeeec6b2e8a0d97fd9,20260905,4abacadab7776f19f410667a58dab254f25527fef3a254f29b2f95a6ed48d37c,6490849feb78b12535bca4cb6d8ece75b0df8ce09baa5aefdc560bddd341fd18,,144,3,16,3,p2,p2-blind-nonoverlap-cues-v1-2026-09-05,482dce5b0ed5faf3ec20bdf32b51d0eb2212e901d18dde12a59c1f710160df8d,b0df04e619c332a72d33e5061a92e225ef3b9a537c9dcb40ee78e063f56dfcdd,o-2,o-2.jpg,images/o-2.jpg,21aa96fa08ee7513fe40f6f363813482ecc5d47bee6902d10ca1e7f04b65a45c,gpt4o,OpenAI,gpt-4o,gpt-4o-2024-08-06,2.48.0,0,{},high,2026-09-06T00:22:44.017150+00:00,2026-09-06T00:22:45.961351+00:00,1.944,1,success,None of these / Not clearly moral in nature,95,"The image shows athletes starting a race, which is a neutral sporting event. There is no clear moral concern such as fairness, harm, or care depicted. The scene is focused on competition, which does not inherently convey a specific moral issue.",,,,,2175,70,0,2245,"{""label"":""None of these / Not clearly moral in nature"",""confidence"":95,""brief_reason"":""The image shows athletes starting a race, which is a neutral sporting event. There is no clear moral concern such as fairness, harm, or care depicted. The scene is focused on competition, which does not inherently convey a specific moral issue.""}",
